Commodity Code,Commodity Name,State Code,State Name,State Abbreviation,County Code,County Name,Irrigation Practice Code,Irrigation Practice Name,Yield Year,Yield Amount
0041, Corn, 17, Illinois, IL, 001, Adams, 003, Non-Irrigated, 2016, 199.40
0041, Corn, 17, Illinois, IL, 001, Adams, 003, Non-Irrigated, 2017, 198.90
0041, Corn, 17, Illinois, IL, 001, Adams, 003, Non-Irrigated, 2018, 204.10
0041, Corn, 17, Illinois, IL, 001, Adams, 003, Non-Irrigated, 2019, 175.40
0041, Corn, 17, Illinois, IL, 001, Adams, 003, Non-Irrigated, 2020, 187.70
0041, Corn, 17, Illinois, IL, 001, Adams, 003, Non-Irrigated, 2021, 189.20
0041, Corn, 17, Illinois, IL, 001, Adams, 003, Non-Irrigated, 2022, 205.90
0041, Corn, 17, Illinois, IL, 001, Adams, 003, Non-Irrigated, 2023, 193.60
0041, Corn, 17, Illinois, IL, 001, Adams, 003, Non-Irrigated, 2024, 211.80
0041, Corn, 17, Illinois, IL, 003, Alexander, 003, Non-Irrigated, 2016, 144.80
0041, Corn, 17, Illinois, IL, 003, Alexander, 003, Non-Irrigated, 2017, 139.10
0041, Corn, 17, Illinois, IL, 003, Alexander, 003, Non-Irrigated, 2018, 156.80
0041, Corn, 17, Illinois, IL, 003, Alexander, 003, Non-Irrigated, 2019, 144.90
0041, Corn, 17, Illinois, IL, 003, Alexander, 003, Non-Irrigated, 2020, 139.80
0041, Corn, 17, Illinois, IL, 003, Alexander, 003, Non-Irrigated, 2021, 151.90
0041, Corn, 17, Illinois, IL, 003, Alexander, 003, Non-Irrigated, 2022, 152.20
0041, Corn, 17, Illinois, IL, 003, Alexander, 003, Non-Irrigated, 2023, 158.40
0041, Corn, 17, Illinois, IL, 003, Alexander, 003, Non-Irrigated, 2024, 172.30
0041, Corn, 17, Illinois, IL, 005, Bond, 003, Non-Irrigated, 2016, 162.30
0041, Corn, 17, Illinois, IL, 005, Bond, 003, Non-Irrigated, 2017, 177.10
0041, Corn, 17, Illinois, IL, 005, Bond, 003, Non-Irrigated, 2018, 209.00
0041, Corn, 17, Illinois, IL, 005, Bond, 003, Non-Irrigated, 2019, 184.30
0041, Corn, 17, Illinois, IL, 005, Bond, 003, Non-Irrigated, 2020, 191.10
0041, Corn, 17, Illinois, IL, 005, Bond, 003, Non-Irrigated, 2021, 220.10
0041, Corn, 17, Illinois, IL, 005, Bond, 003, Non-Irrigated, 2022, 211.70
0041, Corn, 17, Illinois, IL, 005, Bond, 003, Non-Irrigated, 2023, 179.50
0041, Corn, 17, Illinois, IL, 005, Bond, 003, Non-Irrigated, 2024, 194.80
0041, Corn, 17, Illinois, IL, 007, Boone, 003, Non-Irrigated, 2016, 219.90
0041, Corn, 17, Illinois, IL, 007, Boone, 003, Non-Irrigated, 2017, 173.90
0041, Corn, 17, Illinois, IL, 007, Boone, 003, Non-Irrigated, 2018, 200.20
0041, Corn, 17, Illinois, IL, 007, Boone, 003, Non-Irrigated, 2019, 187.30
0041, Corn, 17, Illinois, IL, 007, Boone, 003, Non-Irrigated, 2020, 197.40
0041, Corn, 17, Illinois, IL, 007, Boone, 003, Non-Irrigated, 2021, 213.70
0041, Corn, 17, Illinois, IL, 007, Boone, 003, Non-Irrigated, 2022, 219.50
0041, Corn, 17, Illinois, IL, 007, Boone, 003, Non-Irrigated, 2023, 216.30
0041, Corn, 17, Illinois, IL, 007, Boone, 003, Non-Irrigated, 2024, 217.50
0041, Corn, 17, Illinois, IL, 009, Brown, 003, Non-Irrigated, 2016, 198.00
0041, Corn, 17, Illinois, IL, 009, Brown, 003, Non-Irrigated, 2017, 194.40
0041, Corn, 17, Illinois, IL, 009, Brown, 003, Non-Irrigated, 2018, 202.00
0041, Corn, 17, Illinois, IL, 009, Brown, 003, Non-Irrigated, 2019, 175.90
0041, Corn, 17, Illinois, IL, 009, Brown, 003, Non-Irrigated, 2020, 186.20
0041, Corn, 17, Illinois, IL, 009, Brown, 003, Non-Irrigated, 2021, 167.30
0041, Corn, 17, Illinois, IL, 009, Brown, 003, Non-Irrigated, 2022, 207.40
0041, Corn, 17, Illinois, IL, 009, Brown, 003, Non-Irrigated, 2023, 194.80
0041, Corn, 17, Illinois, IL, 009, Brown, 003, Non-Irrigated, 2024, 209.10
0041, Corn, 17, Illinois, IL, 011, Bureau, 003, Non-Irrigated, 2016, 223.50
0041, Corn, 17, Illinois, IL, 011, Bureau, 003, Non-Irrigated, 2017, 234.80
0041, Corn, 17, Illinois, IL, 011, Bureau, 003, Non-Irrigated, 2018, 224.30
0041, Corn, 17, Illinois, IL, 011, Bureau, 003, Non-Irrigated, 2019, 187.60
0041, Corn, 17, Illinois, IL, 011, Bureau, 003, Non-Irrigated, 2020, 205.40
0041, Corn, 17, Illinois, IL, 011, Bureau, 003, Non-Irrigated, 2021, 207.60
0041, Corn, 17, Illinois, IL, 011, Bureau, 003, Non-Irrigated, 2022, 237.20
0041, Corn, 17, Illinois, IL, 011, Bureau, 003, Non-Irrigated, 2023, 228.30
0041, Corn, 17, Illinois, IL, 011, Bureau, 003, Non-Irrigated, 2024, 250.40
0041, Corn, 17, Illinois, IL, 013, Calhoun, 003, Non-Irrigated, 2016, 157.90
0041, Corn, 17, Illinois, IL, 013, Calhoun, 003, Non-Irrigated, 2017, 165.30
0041, Corn, 17, Illinois, IL, 013, Calhoun, 003, Non-Irrigated, 2018, 165.00
0041, Corn, 17, Illinois, IL, 013, Calhoun, 003, Non-Irrigated, 2019, 164.70
0041, Corn, 17, Illinois, IL, 013, Calhoun, 003, Non-Irrigated, 2020, 161.90
0041, Corn, 17, Illinois, IL, 013, Calhoun, 003, Non-Irrigated, 2021, 163.20
0041, Corn, 17, Illinois, IL, 013, Calhoun, 003, Non-Irrigated, 2022, 177.00
0041, Corn, 17, Illinois, IL, 013, Calhoun, 003, Non-Irrigated, 2023, 187.20
0041, Corn, 17, Illinois, IL, 013, Calhoun, 003, Non-Irrigated, 2024, 183.50
0041, Corn, 17, Illinois, IL, 015, Carroll, 003, Non-Irrigated, 2016, 236.30
0041, Corn, 17, Illinois, IL, 015, Carroll, 003, Non-Irrigated, 2017, 235.00
0041, Corn, 17, Illinois, IL, 015, Carroll, 003, Non-Irrigated, 2018, 224.70
0041, Corn, 17, Illinois, IL, 015, Carroll, 003, Non-Irrigated, 2019, 212.40
0041, Corn, 17, Illinois, IL, 015, Carroll, 003, Non-Irrigated, 2020, 205.80
0041, Corn, 17, Illinois, IL, 015, Carroll, 003, Non-Irrigated, 2021, 214.80
0041, Corn, 17, Illinois, IL, 015, Carroll, 003, Non-Irrigated, 2022, 239.10
0041, Corn, 17, Illinois, IL, 015, Carroll, 003, Non-Irrigated, 2023, 239.80
0041, Corn, 17, Illinois, IL, 015, Carroll, 003, Non-Irrigated, 2024, 250.70
0041, Corn, 17, Illinois, IL, 017, Cass, 002, Irrigated, 2016, 220.70
0041, Corn, 17, Illinois, IL, 017, Cass, 002, Irrigated, 2017, 217.60
0041, Corn, 17, Illinois, IL, 017, Cass, 002, Irrigated, 2018, 236.70
0041, Corn, 17, Illinois, IL, 017, Cass, 002, Irrigated, 2019, 207.10
0041, Corn, 17, Illinois, IL, 017, Cass, 002, Irrigated, 2020, 219.10
0041, Corn, 17, Illinois, IL, 017, Cass, 002, Irrigated, 2021, 207.80
0041, Corn, 17, Illinois, IL, 017, Cass, 002, Irrigated, 2022, 229.00
0041, Corn, 17, Illinois, IL, 017, Cass, 002, Irrigated, 2023, 223.90
0041, Corn, 17, Illinois, IL, 017, Cass, 002, Irrigated, 2024, 238.00
0041, Corn, 17, Illinois, IL, 017, Cass, 003, Non-Irrigated, 2016, 208.90
0041, Corn, 17, Illinois, IL, 017, Cass, 003, Non-Irrigated, 2017, 202.50
0041, Corn, 17, Illinois, IL, 017, Cass, 003, Non-Irrigated, 2018, 232.80
0041, Corn, 17, Illinois, IL, 017, Cass, 003, Non-Irrigated, 2019, 207.90
0041, Corn, 17, Illinois, IL, 017, Cass, 003, Non-Irrigated, 2020, 216.30
0041, Corn, 17, Illinois, IL, 017, Cass, 003, Non-Irrigated, 2021, 208.30
0041, Corn, 17, Illinois, IL, 017, Cass, 003, Non-Irrigated, 2022, 226.30
0041, Corn, 17, Illinois, IL, 017, Cass, 003, Non-Irrigated, 2023, 210.90
0041, Corn, 17, Illinois, IL, 017, Cass, 003, Non-Irrigated, 2024, 233.00
0041, Corn, 17, Illinois, IL, 019, Champaign, 003, Non-Irrigated, 2016, 224.20
0041, Corn, 17, Illinois, IL, 019, Champaign, 003, Non-Irrigated, 2017, 213.70
0041, Corn, 17, Illinois, IL, 019, Champaign, 003, Non-Irrigated, 2018, 235.50
0041, Corn, 17, Illinois, IL, 019, Champaign, 003, Non-Irrigated, 2019, 191.80
0041, Corn, 17, Illinois, IL, 019, Champaign, 003, Non-Irrigated, 2020, 204.40
0041, Corn, 17, Illinois, IL, 019, Champaign, 003, Non-Irrigated, 2021, 228.30
0041, Corn, 17, Illinois, IL, 019, Champaign, 003, Non-Irrigated, 2022, 224.10
0041, Corn, 17, Illinois, IL, 019, Champaign, 003, Non-Irrigated, 2023, 222.90
0041, Corn, 17, Illinois, IL, 019, Champaign, 003, Non-Irrigated, 2024, 240.30
0041, Corn, 17, Illinois, IL, 021, Christian, 003, Non-Irrigated, 2016, 222.00
0041, Corn, 17, Illinois, IL, 021, Christian, 003, Non-Irrigated, 2017, 220.10
0041, Corn, 17, Illinois, IL, 021, Christian, 003, Non-Irrigated, 2018, 238.20
0041, Corn, 17, Illinois, IL, 021, Christian, 003, Non-Irrigated, 2019, 202.40
0041, Corn, 17, Illinois, IL, 021, Christian, 003, Non-Irrigated, 2020, 211.40
0041, Corn, 17, Illinois, IL, 021, Christian, 003, Non-Irrigated, 2021, 232.00
0041, Corn, 17, Illinois, IL, 021, Christian, 003, Non-Irrigated, 2022, 239.60
0041, Corn, 17, Illinois, IL, 021, Christian, 003, Non-Irrigated, 2023, 226.70
0041, Corn, 17, Illinois, IL, 021, Christian, 003, Non-Irrigated, 2024, 240.30
0041, Corn, 17, Illinois, IL, 023, Clark, 003, Non-Irrigated, 2016, 183.00
0041, Corn, 17, Illinois, IL, 023, Clark, 003, Non-Irrigated, 2017, 193.90
0041, Corn, 17, Illinois, IL, 023, Clark, 003, Non-Irrigated, 2018, 212.50
0041, Corn, 17, Illinois, IL, 023, Clark, 003, Non-Irrigated, 2019, 170.80
0041, Corn, 17, Illinois, IL, 023, Clark, 003, Non-Irrigated, 2020, 193.00
0041, Corn, 17, Illinois, IL, 023, Clark, 003, Non-Irrigated, 2021, 214.30
0041, Corn, 17, Illinois, IL, 023, Clark, 003, Non-Irrigated, 2022, 218.60
0041, Corn, 17, Illinois, IL, 023, Clark, 003, Non-Irrigated, 2023, 207.60
0041, Corn, 17, Illinois, IL, 023, Clark, 003, Non-Irrigated, 2024, 215.70
0041, Corn, 17, Illinois, IL, 025, Clay, 003, Non-Irrigated, 2016, 158.60
0041, Corn, 17, Illinois, IL, 025, Clay, 003, Non-Irrigated, 2017, 112.20
0041, Corn, 17, Illinois, IL, 025, Clay, 003, Non-Irrigated, 2018, 187.40
0041, Corn, 17, Illinois, IL, 025, Clay, 003, Non-Irrigated, 2019, 142.20
0041, Corn, 17, Illinois, IL, 025, Clay, 003, Non-Irrigated, 2020, 178.70
0041, Corn, 17, Illinois, IL, 025, Clay, 003, Non-Irrigated, 2021, 210.60
0041, Corn, 17, Illinois, IL, 025, Clay, 003, Non-Irrigated, 2022, 199.30
0041, Corn, 17, Illinois, IL, 025, Clay, 003, Non-Irrigated, 2023, 168.10
0041, Corn, 17, Illinois, IL, 025, Clay, 003, Non-Irrigated, 2024, 174.70
0041, Corn, 17, Illinois, IL, 027, Clinton, 003, Non-Irrigated, 2016, 156.50
0041, Corn, 17, Illinois, IL, 027, Clinton, 003, Non-Irrigated, 2017, 155.00
0041, Corn, 17, Illinois, IL, 027, Clinton, 003, Non-Irrigated, 2018, 197.70
0041, Corn, 17, Illinois, IL, 027, Clinton, 003, Non-Irrigated, 2019, 191.40
0041, Corn, 17, Illinois, IL, 027, Clinton, 003, Non-Irrigated, 2020, 189.80
0041, Corn, 17, Illinois, IL, 027, Clinton, 003, Non-Irrigated, 2021, 227.30
0041, Corn, 17, Illinois, IL, 027, Clinton, 003, Non-Irrigated, 2022, 207.00
0041, Corn, 17, Illinois, IL, 027, Clinton, 003, Non-Irrigated, 2023, 180.00
0041, Corn, 17, Illinois, IL, 027, Clinton, 003, Non-Irrigated, 2024, 200.80
0041, Corn, 17, Illinois, IL, 029, Coles, 003, Non-Irrigated, 2016, 204.20
0041, Corn, 17, Illinois, IL, 029, Coles, 003, Non-Irrigated, 2017, 213.60
0041, Corn, 17, Illinois, IL, 029, Coles, 003, Non-Irrigated, 2018, 233.60
0041, Corn, 17, Illinois, IL, 029, Coles, 003, Non-Irrigated, 2019, 186.30
0041, Corn, 17, Illinois, IL, 029, Coles, 003, Non-Irrigated, 2020, 207.80
0041, Corn, 17, Illinois, IL, 029, Coles, 003, Non-Irrigated, 2021, 224.60
0041, Corn, 17, Illinois, IL, 029, Coles, 003, Non-Irrigated, 2022, 229.70
0041, Corn, 17, Illinois, IL, 029, Coles, 003, Non-Irrigated, 2023, 223.50
0041, Corn, 17, Illinois, IL, 029, Coles, 003, Non-Irrigated, 2024, 232.70
0041, Corn, 17, Illinois, IL, 033, Crawford, 003, Non-Irrigated, 2016, 162.90
0041, Corn, 17, Illinois, IL, 033, Crawford, 003, Non-Irrigated, 2017, 174.80
0041, Corn, 17, Illinois, IL, 033, Crawford, 003, Non-Irrigated, 2018, 186.20
0041, Corn, 17, Illinois, IL, 033, Crawford, 003, Non-Irrigated, 2019, 160.10
0041, Corn, 17, Illinois, IL, 033, Crawford, 003, Non-Irrigated, 2020, 180.60
0041, Corn, 17, Illinois, IL, 033, Crawford, 003, Non-Irrigated, 2021, 208.00
0041, Corn, 17, Illinois, IL, 033, Crawford, 003, Non-Irrigated, 2022, 204.80
0041, Corn, 17, Illinois, IL, 033, Crawford, 003, Non-Irrigated, 2023, 195.70
0041, Corn, 17, Illinois, IL, 033, Crawford, 003, Non-Irrigated, 2024, 193.00
0041, Corn, 17, Illinois, IL, 035, Cumberland, 003, Non-Irrigated, 2016, 182.80
0041, Corn, 17, Illinois, IL, 035, Cumberland, 003, Non-Irrigated, 2017, 185.80
0041, Corn, 17, Illinois, IL, 035, Cumberland, 003, Non-Irrigated, 2018, 220.30
0041, Corn, 17, Illinois, IL, 035, Cumberland, 003, Non-Irrigated, 2019, 169.10
0041, Corn, 17, Illinois, IL, 035, Cumberland, 003, Non-Irrigated, 2020, 189.60
0041, Corn, 17, Illinois, IL, 035, Cumberland, 003, Non-Irrigated, 2021, 218.80
0041, Corn, 17, Illinois, IL, 035, Cumberland, 003, Non-Irrigated, 2022, 227.00
0041, Corn, 17, Illinois, IL, 035, Cumberland, 003, Non-Irrigated, 2023, 211.40
0041, Corn, 17, Illinois, IL, 035, Cumberland, 003, Non-Irrigated, 2024, 231.40
0041, Corn, 17, Illinois, IL, 037, DeKalb, 003, Non-Irrigated, 2016, 223.20
0041, Corn, 17, Illinois, IL, 037, DeKalb, 003, Non-Irrigated, 2017, 191.30
0041, Corn, 17, Illinois, IL, 037, DeKalb, 003, Non-Irrigated, 2018, 201.70
0041, Corn, 17, Illinois, IL, 037, DeKalb, 003, Non-Irrigated, 2019, 187.10
0041, Corn, 17, Illinois, IL, 037, DeKalb, 003, Non-Irrigated, 2020, 189.20
0041, Corn, 17, Illinois, IL, 037, DeKalb, 003, Non-Irrigated, 2021, 214.70
0041, Corn, 17, Illinois, IL, 037, DeKalb, 003, Non-Irrigated, 2022, 229.30
0041, Corn, 17, Illinois, IL, 037, DeKalb, 003, Non-Irrigated, 2023, 230.00
0041, Corn, 17, Illinois, IL, 037, DeKalb, 003, Non-Irrigated, 2024, 234.90
0041, Corn, 17, Illinois, IL, 039, De Witt, 003, Non-Irrigated, 2016, 224.80
0041, Corn, 17, Illinois, IL, 039, De Witt, 003, Non-Irrigated, 2017, 216.90
0041, Corn, 17, Illinois, IL, 039, De Witt, 003, Non-Irrigated, 2018, 246.70
0041, Corn, 17, Illinois, IL, 039, De Witt, 003, Non-Irrigated, 2019, 222.30
0041, Corn, 17, Illinois, IL, 039, De Witt, 003, Non-Irrigated, 2020, 214.40
0041, Corn, 17, Illinois, IL, 039, De Witt, 003, Non-Irrigated, 2021, 214.90
0041, Corn, 17, Illinois, IL, 039, De Witt, 003, Non-Irrigated, 2022, 240.90
0041, Corn, 17, Illinois, IL, 039, De Witt, 003, Non-Irrigated, 2023, 234.60
0041, Corn, 17, Illinois, IL, 039, De Witt, 003, Non-Irrigated, 2024, 250.70
0041, Corn, 17, Illinois, IL, 041, Douglas, 003, Non-Irrigated, 2016, 221.90
0041, Corn, 17, Illinois, IL, 041, Douglas, 003, Non-Irrigated, 2017, 212.70
0041, Corn, 17, Illinois, IL, 041, Douglas, 003, Non-Irrigated, 2018, 231.80
0041, Corn, 17, Illinois, IL, 041, Douglas, 003, Non-Irrigated, 2019, 201.10
0041, Corn, 17, Illinois, IL, 041, Douglas, 003, Non-Irrigated, 2020, 208.80
0041, Corn, 17, Illinois, IL, 041, Douglas, 003, Non-Irrigated, 2021, 224.00
0041, Corn, 17, Illinois, IL, 041, Douglas, 003, Non-Irrigated, 2022, 220.00
0041, Corn, 17, Illinois, IL, 041, Douglas, 003, Non-Irrigated, 2023, 225.60
0041, Corn, 17, Illinois, IL, 041, Douglas, 003, Non-Irrigated, 2024, 234.70
0041, Corn, 17, Illinois, IL, 045, Edgar, 003, Non-Irrigated, 2016, 200.00
0041, Corn, 17, Illinois, IL, 045, Edgar, 003, Non-Irrigated, 2017, 208.80
0041, Corn, 17, Illinois, IL, 045, Edgar, 003, Non-Irrigated, 2018, 217.90
0041, Corn, 17, Illinois, IL, 045, Edgar, 003, Non-Irrigated, 2019, 195.50
0041, Corn, 17, Illinois, IL, 045, Edgar, 003, Non-Irrigated, 2020, 202.20
0041, Corn, 17, Illinois, IL, 045, Edgar, 003, Non-Irrigated, 2021, 207.90
0041, Corn, 17, Illinois, IL, 045, Edgar, 003, Non-Irrigated, 2022, 222.10
0041, Corn, 17, Illinois, IL, 045, Edgar, 003, Non-Irrigated, 2023, 224.10
0041, Corn, 17, Illinois, IL, 045, Edgar, 003, Non-Irrigated, 2024, 228.40
0041, Corn, 17, Illinois, IL, 047, Edwards, 003, Non-Irrigated, 2016, 133.70
0041, Corn, 17, Illinois, IL, 047, Edwards, 003, Non-Irrigated, 2017, 170.50
0041, Corn, 17, Illinois, IL, 047, Edwards, 003, Non-Irrigated, 2018, 148.20
0041, Corn, 17, Illinois, IL, 047, Edwards, 003, Non-Irrigated, 2019, 141.10
0041, Corn, 17, Illinois, IL, 047, Edwards, 003, Non-Irrigated, 2020, 170.60
0041, Corn, 17, Illinois, IL, 047, Edwards, 003, Non-Irrigated, 2021, 181.00
0041, Corn, 17, Illinois, IL, 047, Edwards, 003, Non-Irrigated, 2022, 178.50
0041, Corn, 17, Illinois, IL, 047, Edwards, 003, Non-Irrigated, 2023, 177.30
0041, Corn, 17, Illinois, IL, 047, Edwards, 003, Non-Irrigated, 2024, 179.60
0041, Corn, 17, Illinois, IL, 049, Effingham, 003, Non-Irrigated, 2016, 172.30
0041, Corn, 17, Illinois, IL, 049, Effingham, 003, Non-Irrigated, 2017, 169.50
0041, Corn, 17, Illinois, IL, 049, Effingham, 003, Non-Irrigated, 2018, 223.50
0041, Corn, 17, Illinois, IL, 049, Effingham, 003, Non-Irrigated, 2019, 181.00
0041, Corn, 17, Illinois, IL, 049, Effingham, 003, Non-Irrigated, 2020, 198.50
0041, Corn, 17, Illinois, IL, 049, Effingham, 003, Non-Irrigated, 2021, 211.70
0041, Corn, 17, Illinois, IL, 049, Effingham, 003, Non-Irrigated, 2022, 222.10
0041, Corn, 17, Illinois, IL, 049, Effingham, 003, Non-Irrigated, 2023, 184.70
0041, Corn, 17, Illinois, IL, 049, Effingham, 003, Non-Irrigated, 2024, 212.70
0041, Corn, 17, Illinois, IL, 051, Fayette, 003, Non-Irrigated, 2016, 164.30
0041, Corn, 17, Illinois, IL, 051, Fayette, 003, Non-Irrigated, 2017, 170.90
0041, Corn, 17, Illinois, IL, 051, Fayette, 003, Non-Irrigated, 2018, 208.30
0041, Corn, 17, Illinois, IL, 051, Fayette, 003, Non-Irrigated, 2019, 176.90
0041, Corn, 17, Illinois, IL, 051, Fayette, 003, Non-Irrigated, 2020, 186.40
0041, Corn, 17, Illinois, IL, 051, Fayette, 003, Non-Irrigated, 2021, 211.90
0041, Corn, 17, Illinois, IL, 051, Fayette, 003, Non-Irrigated, 2022, 207.80
0041, Corn, 17, Illinois, IL, 051, Fayette, 003, Non-Irrigated, 2023, 162.00
0041, Corn, 17, Illinois, IL, 051, Fayette, 003, Non-Irrigated, 2024, 196.30
0041, Corn, 17, Illinois, IL, 053, Ford, 003, Non-Irrigated, 2016, 215.20
0041, Corn, 17, Illinois, IL, 053, Ford, 003, Non-Irrigated, 2017, 212.10
0041, Corn, 17, Illinois, IL, 053, Ford, 003, Non-Irrigated, 2018, 198.90
0041, Corn, 17, Illinois, IL, 053, Ford, 003, Non-Irrigated, 2019, 173.20
0041, Corn, 17, Illinois, IL, 053, Ford, 003, Non-Irrigated, 2020, 194.90
0041, Corn, 17, Illinois, IL, 053, Ford, 003, Non-Irrigated, 2021, 201.00
0041, Corn, 17, Illinois, IL, 053, Ford, 003, Non-Irrigated, 2022, 224.10
0041, Corn, 17, Illinois, IL, 053, Ford, 003, Non-Irrigated, 2023, 221.50
0041, Corn, 17, Illinois, IL, 053, Ford, 003, Non-Irrigated, 2024, 226.50
0041, Corn, 17, Illinois, IL, 055, Franklin, 003, Non-Irrigated, 2016, 109.30
0041, Corn, 17, Illinois, IL, 055, Franklin, 003, Non-Irrigated, 2017, 154.60
0041, Corn, 17, Illinois, IL, 055, Franklin, 003, Non-Irrigated, 2018, 151.80
0041, Corn, 17, Illinois, IL, 055, Franklin, 003, Non-Irrigated, 2019, 142.30
0041, Corn, 17, Illinois, IL, 055, Franklin, 003, Non-Irrigated, 2020, 164.40
0041, Corn, 17, Illinois, IL, 055, Franklin, 003, Non-Irrigated, 2021, 176.10
0041, Corn, 17, Illinois, IL, 055, Franklin, 003, Non-Irrigated, 2022, 172.40
0041, Corn, 17, Illinois, IL, 055, Franklin, 003, Non-Irrigated, 2023, 180.70
0041, Corn, 17, Illinois, IL, 055, Franklin, 003, Non-Irrigated, 2024, 160.50
0041, Corn, 17, Illinois, IL, 057, Fulton, 003, Non-Irrigated, 2016, 213.70
0041, Corn, 17, Illinois, IL, 057, Fulton, 003, Non-Irrigated, 2017, 210.60
0041, Corn, 17, Illinois, IL, 057, Fulton, 003, Non-Irrigated, 2018, 221.50
0041, Corn, 17, Illinois, IL, 057, Fulton, 003, Non-Irrigated, 2019, 174.50
0041, Corn, 17, Illinois, IL, 057, Fulton, 003, Non-Irrigated, 2020, 194.10
0041, Corn, 17, Illinois, IL, 057, Fulton, 003, Non-Irrigated, 2021, 189.20
0041, Corn, 17, Illinois, IL, 057, Fulton, 003, Non-Irrigated, 2022, 218.40
0041, Corn, 17, Illinois, IL, 057, Fulton, 003, Non-Irrigated, 2023, 202.70
0041, Corn, 17, Illinois, IL, 057, Fulton, 003, Non-Irrigated, 2024, 227.40
0041, Corn, 17, Illinois, IL, 059, Gallatin, 002, Irrigated, 2016, 156.80
0041, Corn, 17, Illinois, IL, 059, Gallatin, 002, Irrigated, 2017, 203.80
0041, Corn, 17, Illinois, IL, 059, Gallatin, 002, Irrigated, 2018, 179.70
0041, Corn, 17, Illinois, IL, 059, Gallatin, 002, Irrigated, 2019, 118.00
0041, Corn, 17, Illinois, IL, 059, Gallatin, 002, Irrigated, 2020, 185.90
0041, Corn, 17, Illinois, IL, 059, Gallatin, 002, Irrigated, 2021, 227.40
0041, Corn, 17, Illinois, IL, 059, Gallatin, 002, Irrigated, 2022, 201.00
0041, Corn, 17, Illinois, IL, 059, Gallatin, 002, Irrigated, 2023, 214.50
0041, Corn, 17, Illinois, IL, 059, Gallatin, 002, Irrigated, 2024, 210.20
0041, Corn, 17, Illinois, IL, 059, Gallatin, 003, Non-Irrigated, 2016, 156.10
0041, Corn, 17, Illinois, IL, 059, Gallatin, 003, Non-Irrigated, 2017, 191.00
0041, Corn, 17, Illinois, IL, 059, Gallatin, 003, Non-Irrigated, 2018, 169.90
0041, Corn, 17, Illinois, IL, 059, Gallatin, 003, Non-Irrigated, 2019, 181.20
0041, Corn, 17, Illinois, IL, 059, Gallatin, 003, Non-Irrigated, 2020, 195.40
0041, Corn, 17, Illinois, IL, 059, Gallatin, 003, Non-Irrigated, 2021, 210.00
0041, Corn, 17, Illinois, IL, 059, Gallatin, 003, Non-Irrigated, 2022, 187.00
0041, Corn, 17, Illinois, IL, 059, Gallatin, 003, Non-Irrigated, 2023, 179.60
0041, Corn, 17, Illinois, IL, 059, Gallatin, 003, Non-Irrigated, 2024, 193.40
0041, Corn, 17, Illinois, IL, 061, Greene, 003, Non-Irrigated, 2016, 196.60
0041, Corn, 17, Illinois, IL, 061, Greene, 003, Non-Irrigated, 2017, 196.50
0041, Corn, 17, Illinois, IL, 061, Greene, 003, Non-Irrigated, 2018, 197.60
0041, Corn, 17, Illinois, IL, 061, Greene, 003, Non-Irrigated, 2019, 190.70
0041, Corn, 17, Illinois, IL, 061, Greene, 003, Non-Irrigated, 2020, 198.70
0041, Corn, 17, Illinois, IL, 061, Greene, 003, Non-Irrigated, 2021, 175.20
0041, Corn, 17, Illinois, IL, 061, Greene, 003, Non-Irrigated, 2022, 204.20
0041, Corn, 17, Illinois, IL, 061, Greene, 003, Non-Irrigated, 2023, 210.30
0041, Corn, 17, Illinois, IL, 061, Greene, 003, Non-Irrigated, 2024, 213.90
0041, Corn, 17, Illinois, IL, 063, Grundy, 003, Non-Irrigated, 2016, 215.60
0041, Corn, 17, Illinois, IL, 063, Grundy, 003, Non-Irrigated, 2017, 218.30
0041, Corn, 17, Illinois, IL, 063, Grundy, 003, Non-Irrigated, 2018, 209.70
0041, Corn, 17, Illinois, IL, 063, Grundy, 003, Non-Irrigated, 2019, 182.50
0041, Corn, 17, Illinois, IL, 063, Grundy, 003, Non-Irrigated, 2020, 189.90
0041, Corn, 17, Illinois, IL, 063, Grundy, 003, Non-Irrigated, 2021, 207.50
0041, Corn, 17, Illinois, IL, 063, Grundy, 003, Non-Irrigated, 2022, 227.00
0041, Corn, 17, Illinois, IL, 063, Grundy, 003, Non-Irrigated, 2023, 222.20
0041, Corn, 17, Illinois, IL, 063, Grundy, 003, Non-Irrigated, 2024, 223.50
0041, Corn, 17, Illinois, IL, 065, Hamilton, 003, Non-Irrigated, 2016, 118.80
0041, Corn, 17, Illinois, IL, 065, Hamilton, 003, Non-Irrigated, 2017, 175.20
0041, Corn, 17, Illinois, IL, 065, Hamilton, 003, Non-Irrigated, 2018, 165.30
0041, Corn, 17, Illinois, IL, 065, Hamilton, 003, Non-Irrigated, 2019, 162.50
0041, Corn, 17, Illinois, IL, 065, Hamilton, 003, Non-Irrigated, 2020, 176.10
0041, Corn, 17, Illinois, IL, 065, Hamilton, 003, Non-Irrigated, 2021, 188.80
0041, Corn, 17, Illinois, IL, 065, Hamilton, 003, Non-Irrigated, 2022, 184.00
0041, Corn, 17, Illinois, IL, 065, Hamilton, 003, Non-Irrigated, 2023, 172.50
0041, Corn, 17, Illinois, IL, 065, Hamilton, 003, Non-Irrigated, 2024, 184.50
0041, Corn, 17, Illinois, IL, 067, Hancock, 003, Non-Irrigated, 2016, 215.00
0041, Corn, 17, Illinois, IL, 067, Hancock, 003, Non-Irrigated, 2017, 222.20
0041, Corn, 17, Illinois, IL, 067, Hancock, 003, Non-Irrigated, 2018, 221.50
0041, Corn, 17, Illinois, IL, 067, Hancock, 003, Non-Irrigated, 2019, 174.90
0041, Corn, 17, Illinois, IL, 067, Hancock, 003, Non-Irrigated, 2020, 205.20
0041, Corn, 17, Illinois, IL, 067, Hancock, 003, Non-Irrigated, 2021, 195.10
0041, Corn, 17, Illinois, IL, 067, Hancock, 003, Non-Irrigated, 2022, 214.40
0041, Corn, 17, Illinois, IL, 067, Hancock, 003, Non-Irrigated, 2023, 199.30
0041, Corn, 17, Illinois, IL, 067, Hancock, 003, Non-Irrigated, 2024, 237.50
0041, Corn, 17, Illinois, IL, 071, Henderson, 003, Non-Irrigated, 2016, 217.20
0041, Corn, 17, Illinois, IL, 071, Henderson, 003, Non-Irrigated, 2017, 232.10
0041, Corn, 17, Illinois, IL, 071, Henderson, 003, Non-Irrigated, 2018, 224.30
0041, Corn, 17, Illinois, IL, 071, Henderson, 003, Non-Irrigated, 2019, 197.90
0041, Corn, 17, Illinois, IL, 071, Henderson, 003, Non-Irrigated, 2020, 202.30
0041, Corn, 17, Illinois, IL, 071, Henderson, 003, Non-Irrigated, 2021, 197.40
0041, Corn, 17, Illinois, IL, 071, Henderson, 003, Non-Irrigated, 2022, 226.70
0041, Corn, 17, Illinois, IL, 071, Henderson, 003, Non-Irrigated, 2023, 231.70
0041, Corn, 17, Illinois, IL, 071, Henderson, 003, Non-Irrigated, 2024, 240.10
0041, Corn, 17, Illinois, IL, 073, Henry, 003, Non-Irrigated, 2016, 220.60
0041, Corn, 17, Illinois, IL, 073, Henry, 003, Non-Irrigated, 2017, 233.70
0041, Corn, 17, Illinois, IL, 073, Henry, 003, Non-Irrigated, 2018, 230.30
0041, Corn, 17, Illinois, IL, 073, Henry, 003, Non-Irrigated, 2019, 182.00
0041, Corn, 17, Illinois, IL, 073, Henry, 003, Non-Irrigated, 2020, 199.60
0041, Corn, 17, Illinois, IL, 073, Henry, 003, Non-Irrigated, 2021, 207.90
0041, Corn, 17, Illinois, IL, 073, Henry, 003, Non-Irrigated, 2022, 233.60
0041, Corn, 17, Illinois, IL, 073, Henry, 003, Non-Irrigated, 2023, 225.20
0041, Corn, 17, Illinois, IL, 073, Henry, 003, Non-Irrigated, 2024, 238.90
0041, Corn, 17, Illinois, IL, 075, Iroquois, 003, Non-Irrigated, 2016, 208.10
0041, Corn, 17, Illinois, IL, 075, Iroquois, 003, Non-Irrigated, 2017, 197.90
0041, Corn, 17, Illinois, IL, 075, Iroquois, 003, Non-Irrigated, 2018, 197.50
0041, Corn, 17, Illinois, IL, 075, Iroquois, 003, Non-Irrigated, 2019, 163.20
0041, Corn, 17, Illinois, IL, 075, Iroquois, 003, Non-Irrigated, 2020, 196.30
0041, Corn, 17, Illinois, IL, 075, Iroquois, 003, Non-Irrigated, 2021, 195.30
0041, Corn, 17, Illinois, IL, 075, Iroquois, 003, Non-Irrigated, 2022, 221.80
0041, Corn, 17, Illinois, IL, 075, Iroquois, 003, Non-Irrigated, 2023, 221.80
0041, Corn, 17, Illinois, IL, 075, Iroquois, 003, Non-Irrigated, 2024, 226.40
0041, Corn, 17, Illinois, IL, 077, Jackson, 003, Non-Irrigated, 2016, 130.10
0041, Corn, 17, Illinois, IL, 077, Jackson, 003, Non-Irrigated, 2017, 171.40
0041, Corn, 17, Illinois, IL, 077, Jackson, 003, Non-Irrigated, 2018, 168.90
0041, Corn, 17, Illinois, IL, 077, Jackson, 003, Non-Irrigated, 2019, 148.60
0041, Corn, 17, Illinois, IL, 077, Jackson, 003, Non-Irrigated, 2020, 184.30
0041, Corn, 17, Illinois, IL, 077, Jackson, 003, Non-Irrigated, 2021, 187.40
0041, Corn, 17, Illinois, IL, 077, Jackson, 003, Non-Irrigated, 2022, 160.90
0041, Corn, 17, Illinois, IL, 077, Jackson, 003, Non-Irrigated, 2023, 174.10
0041, Corn, 17, Illinois, IL, 077, Jackson, 003, Non-Irrigated, 2024, 181.80
0041, Corn, 17, Illinois, IL, 079, Jasper, 003, Non-Irrigated, 2016, 165.70
0041, Corn, 17, Illinois, IL, 079, Jasper, 003, Non-Irrigated, 2017, 170.00
0041, Corn, 17, Illinois, IL, 079, Jasper, 003, Non-Irrigated, 2018, 196.60
0041, Corn, 17, Illinois, IL, 079, Jasper, 003, Non-Irrigated, 2019, 157.70
0041, Corn, 17, Illinois, IL, 079, Jasper, 003, Non-Irrigated, 2020, 185.20
0041, Corn, 17, Illinois, IL, 079, Jasper, 003, Non-Irrigated, 2021, 214.70
0041, Corn, 17, Illinois, IL, 079, Jasper, 003, Non-Irrigated, 2022, 213.00
0041, Corn, 17, Illinois, IL, 079, Jasper, 003, Non-Irrigated, 2023, 200.30
0041, Corn, 17, Illinois, IL, 079, Jasper, 003, Non-Irrigated, 2024, 197.70
0041, Corn, 17, Illinois, IL, 081, Jefferson, 003, Non-Irrigated, 2016, 120.50
0041, Corn, 17, Illinois, IL, 081, Jefferson, 003, Non-Irrigated, 2017, 136.70
0041, Corn, 17, Illinois, IL, 081, Jefferson, 003, Non-Irrigated, 2018, 162.90
0041, Corn, 17, Illinois, IL, 081, Jefferson, 003, Non-Irrigated, 2019, 133.00
0041, Corn, 17, Illinois, IL, 081, Jefferson, 003, Non-Irrigated, 2020, 154.20
0041, Corn, 17, Illinois, IL, 081, Jefferson, 003, Non-Irrigated, 2021, 189.00
0041, Corn, 17, Illinois, IL, 081, Jefferson, 003, Non-Irrigated, 2022, 173.50
0041, Corn, 17, Illinois, IL, 081, Jefferson, 003, Non-Irrigated, 2023, 164.50
0041, Corn, 17, Illinois, IL, 081, Jefferson, 003, Non-Irrigated, 2024, 170.00
0041, Corn, 17, Illinois, IL, 083, Jersey, 003, Non-Irrigated, 2016, 197.90
0041, Corn, 17, Illinois, IL, 083, Jersey, 003, Non-Irrigated, 2017, 182.80
0041, Corn, 17, Illinois, IL, 083, Jersey, 003, Non-Irrigated, 2018, 194.30
0041, Corn, 17, Illinois, IL, 083, Jersey, 003, Non-Irrigated, 2019, 190.60
0041, Corn, 17, Illinois, IL, 083, Jersey, 003, Non-Irrigated, 2020, 198.70
0041, Corn, 17, Illinois, IL, 083, Jersey, 003, Non-Irrigated, 2021, 197.30
0041, Corn, 17, Illinois, IL, 083, Jersey, 003, Non-Irrigated, 2022, 200.80
0041, Corn, 17, Illinois, IL, 083, Jersey, 003, Non-Irrigated, 2023, 214.10
0041, Corn, 17, Illinois, IL, 083, Jersey, 003, Non-Irrigated, 2024, 211.80
0041, Corn, 17, Illinois, IL, 085, Jo Daviess, 003, Non-Irrigated, 2016, 210.70
0041, Corn, 17, Illinois, IL, 085, Jo Daviess, 003, Non-Irrigated, 2017, 195.30
0041, Corn, 17, Illinois, IL, 085, Jo Daviess, 003, Non-Irrigated, 2018, 206.60
0041, Corn, 17, Illinois, IL, 085, Jo Daviess, 003, Non-Irrigated, 2019, 185.50
0041, Corn, 17, Illinois, IL, 085, Jo Daviess, 003, Non-Irrigated, 2020, 190.70
0041, Corn, 17, Illinois, IL, 085, Jo Daviess, 003, Non-Irrigated, 2021, 204.40
0041, Corn, 17, Illinois, IL, 085, Jo Daviess, 003, Non-Irrigated, 2022, 217.50
0041, Corn, 17, Illinois, IL, 085, Jo Daviess, 003, Non-Irrigated, 2023, 218.50
0041, Corn, 17, Illinois, IL, 085, Jo Daviess, 003, Non-Irrigated, 2024, 212.60
0041, Corn, 17, Illinois, IL, 089, Kane, 003, Non-Irrigated, 2016, 211.00
0041, Corn, 17, Illinois, IL, 089, Kane, 003, Non-Irrigated, 2017, 205.10
0041, Corn, 17, Illinois, IL, 089, Kane, 003, Non-Irrigated, 2018, 186.00
0041, Corn, 17, Illinois, IL, 089, Kane, 003, Non-Irrigated, 2019, 181.70
0041, Corn, 17, Illinois, IL, 089, Kane, 003, Non-Irrigated, 2020, 178.20
0041, Corn, 17, Illinois, IL, 089, Kane, 003, Non-Irrigated, 2021, 215.50
0041, Corn, 17, Illinois, IL, 089, Kane, 003, Non-Irrigated, 2022, 221.60
0041, Corn, 17, Illinois, IL, 089, Kane, 003, Non-Irrigated, 2023, 221.50
0041, Corn, 17, Illinois, IL, 089, Kane, 003, Non-Irrigated, 2024, 232.40
0041, Corn, 17, Illinois, IL, 091, Kankakee, 003, Non-Irrigated, 2016, 205.10
0041, Corn, 17, Illinois, IL, 091, Kankakee, 003, Non-Irrigated, 2017, 209.30
0041, Corn, 17, Illinois, IL, 091, Kankakee, 003, Non-Irrigated, 2018, 181.20
0041, Corn, 17, Illinois, IL, 091, Kankakee, 003, Non-Irrigated, 2019, 175.70
0041, Corn, 17, Illinois, IL, 091, Kankakee, 003, Non-Irrigated, 2020, 174.10
0041, Corn, 17, Illinois, IL, 091, Kankakee, 003, Non-Irrigated, 2021, 192.30
0041, Corn, 17, Illinois, IL, 091, Kankakee, 003, Non-Irrigated, 2022, 212.90
0041, Corn, 17, Illinois, IL, 091, Kankakee, 003, Non-Irrigated, 2023, 213.80
0041, Corn, 17, Illinois, IL, 091, Kankakee, 003, Non-Irrigated, 2024, 215.60
0041, Corn, 17, Illinois, IL, 093, Kendall, 003, Non-Irrigated, 2016, 217.70
0041, Corn, 17, Illinois, IL, 093, Kendall, 003, Non-Irrigated, 2017, 218.80
0041, Corn, 17, Illinois, IL, 093, Kendall, 003, Non-Irrigated, 2018, 200.10
0041, Corn, 17, Illinois, IL, 093, Kendall, 003, Non-Irrigated, 2019, 180.10
0041, Corn, 17, Illinois, IL, 093, Kendall, 003, Non-Irrigated, 2020, 182.00
0041, Corn, 17, Illinois, IL, 093, Kendall, 003, Non-Irrigated, 2021, 207.00
0041, Corn, 17, Illinois, IL, 093, Kendall, 003, Non-Irrigated, 2022, 223.70
0041, Corn, 17, Illinois, IL, 093, Kendall, 003, Non-Irrigated, 2023, 221.00
0041, Corn, 17, Illinois, IL, 093, Kendall, 003, Non-Irrigated, 2024, 216.40
0041, Corn, 17, Illinois, IL, 095, Knox, 003, Non-Irrigated, 2016, 227.30
0041, Corn, 17, Illinois, IL, 095, Knox, 003, Non-Irrigated, 2017, 235.80
0041, Corn, 17, Illinois, IL, 095, Knox, 003, Non-Irrigated, 2018, 235.30
0041, Corn, 17, Illinois, IL, 095, Knox, 003, Non-Irrigated, 2019, 189.50
0041, Corn, 17, Illinois, IL, 095, Knox, 003, Non-Irrigated, 2020, 201.40
0041, Corn, 17, Illinois, IL, 095, Knox, 003, Non-Irrigated, 2021, 192.90
0041, Corn, 17, Illinois, IL, 095, Knox, 003, Non-Irrigated, 2022, 231.90
0041, Corn, 17, Illinois, IL, 095, Knox, 003, Non-Irrigated, 2023, 232.00
0041, Corn, 17, Illinois, IL, 095, Knox, 003, Non-Irrigated, 2024, 239.00
0041, Corn, 17, Illinois, IL, 097, Lake, 003, Non-Irrigated, 2016, 165.60
0041, Corn, 17, Illinois, IL, 097, Lake, 003, Non-Irrigated, 2017, 148.10
0041, Corn, 17, Illinois, IL, 097, Lake, 003, Non-Irrigated, 2018, 126.10
0041, Corn, 17, Illinois, IL, 097, Lake, 003, Non-Irrigated, 2019, 127.00
0041, Corn, 17, Illinois, IL, 097, Lake, 003, Non-Irrigated, 2020, 135.90
0041, Corn, 17, Illinois, IL, 097, Lake, 003, Non-Irrigated, 2021, 162.70
0041, Corn, 17, Illinois, IL, 097, Lake, 003, Non-Irrigated, 2022, 182.30
0041, Corn, 17, Illinois, IL, 097, Lake, 003, Non-Irrigated, 2023, 169.50
0041, Corn, 17, Illinois, IL, 097, Lake, 003, Non-Irrigated, 2024, 162.20
0041, Corn, 17, Illinois, IL, 099, LaSalle, 003, Non-Irrigated, 2016, 224.00
0041, Corn, 17, Illinois, IL, 099, LaSalle, 003, Non-Irrigated, 2017, 225.10
0041, Corn, 17, Illinois, IL, 099, LaSalle, 003, Non-Irrigated, 2018, 219.50
0041, Corn, 17, Illinois, IL, 099, LaSalle, 003, Non-Irrigated, 2019, 188.20
0041, Corn, 17, Illinois, IL, 099, LaSalle, 003, Non-Irrigated, 2020, 205.00
0041, Corn, 17, Illinois, IL, 099, LaSalle, 003, Non-Irrigated, 2021, 211.10
0041, Corn, 17, Illinois, IL, 099, LaSalle, 003, Non-Irrigated, 2022, 233.80
0041, Corn, 17, Illinois, IL, 099, LaSalle, 003, Non-Irrigated, 2023, 231.50
0041, Corn, 17, Illinois, IL, 099, LaSalle, 003, Non-Irrigated, 2024, 240.60
0041, Corn, 17, Illinois, IL, 101, Lawrence, 002, Irrigated, 2016, 201.20
0041, Corn, 17, Illinois, IL, 101, Lawrence, 002, Irrigated, 2017, 215.00
0041, Corn, 17, Illinois, IL, 101, Lawrence, 002, Irrigated, 2018, 195.60
0041, Corn, 17, Illinois, IL, 101, Lawrence, 002, Irrigated, 2019, 183.90
0041, Corn, 17, Illinois, IL, 101, Lawrence, 002, Irrigated, 2020, 208.00
0041, Corn, 17, Illinois, IL, 101, Lawrence, 002, Irrigated, 2021, 235.60
0041, Corn, 17, Illinois, IL, 101, Lawrence, 002, Irrigated, 2022, 202.20
0041, Corn, 17, Illinois, IL, 101, Lawrence, 002, Irrigated, 2023, 220.30
0041, Corn, 17, Illinois, IL, 101, Lawrence, 002, Irrigated, 2024, 205.30
0041, Corn, 17, Illinois, IL, 101, Lawrence, 003, Non-Irrigated, 2016, 154.80
0041, Corn, 17, Illinois, IL, 101, Lawrence, 003, Non-Irrigated, 2017, 161.10
0041, Corn, 17, Illinois, IL, 101, Lawrence, 003, Non-Irrigated, 2018, 159.60
0041, Corn, 17, Illinois, IL, 101, Lawrence, 003, Non-Irrigated, 2019, 155.70
0041, Corn, 17, Illinois, IL, 101, Lawrence, 003, Non-Irrigated, 2020, 173.00
0041, Corn, 17, Illinois, IL, 101, Lawrence, 003, Non-Irrigated, 2021, 197.10
0041, Corn, 17, Illinois, IL, 101, Lawrence, 003, Non-Irrigated, 2022, 188.30
0041, Corn, 17, Illinois, IL, 101, Lawrence, 003, Non-Irrigated, 2023, 190.00
0041, Corn, 17, Illinois, IL, 101, Lawrence, 003, Non-Irrigated, 2024, 177.80
0041, Corn, 17, Illinois, IL, 103, Lee, 003, Non-Irrigated, 2016, 216.00
0041, Corn, 17, Illinois, IL, 103, Lee, 003, Non-Irrigated, 2017, 213.10
0041, Corn, 17, Illinois, IL, 103, Lee, 003, Non-Irrigated, 2018, 202.60
0041, Corn, 17, Illinois, IL, 103, Lee, 003, Non-Irrigated, 2019, 174.30
0041, Corn, 17, Illinois, IL, 103, Lee, 003, Non-Irrigated, 2020, 198.30
0041, Corn, 17, Illinois, IL, 103, Lee, 003, Non-Irrigated, 2021, 204.70
0041, Corn, 17, Illinois, IL, 103, Lee, 003, Non-Irrigated, 2022, 230.00
0041, Corn, 17, Illinois, IL, 103, Lee, 003, Non-Irrigated, 2023, 228.20
0041, Corn, 17, Illinois, IL, 103, Lee, 003, Non-Irrigated, 2024, 238.50
0041, Corn, 17, Illinois, IL, 105, Livingston, 003, Non-Irrigated, 2016, 218.80
0041, Corn, 17, Illinois, IL, 105, Livingston, 003, Non-Irrigated, 2017, 216.50
0041, Corn, 17, Illinois, IL, 105, Livingston, 003, Non-Irrigated, 2018, 200.00
0041, Corn, 17, Illinois, IL, 105, Livingston, 003, Non-Irrigated, 2019, 178.70
0041, Corn, 17, Illinois, IL, 105, Livingston, 003, Non-Irrigated, 2020, 185.60
0041, Corn, 17, Illinois, IL, 105, Livingston, 003, Non-Irrigated, 2021, 213.10
0041, Corn, 17, Illinois, IL, 105, Livingston, 003, Non-Irrigated, 2022, 226.90
0041, Corn, 17, Illinois, IL, 105, Livingston, 003, Non-Irrigated, 2023, 229.60
0041, Corn, 17, Illinois, IL, 105, Livingston, 003, Non-Irrigated, 2024, 225.40
0041, Corn, 17, Illinois, IL, 107, Logan, 003, Non-Irrigated, 2016, 221.90
0041, Corn, 17, Illinois, IL, 107, Logan, 003, Non-Irrigated, 2017, 227.20
0041, Corn, 17, Illinois, IL, 107, Logan, 003, Non-Irrigated, 2018, 237.30
0041, Corn, 17, Illinois, IL, 107, Logan, 003, Non-Irrigated, 2019, 209.70
0041, Corn, 17, Illinois, IL, 107, Logan, 003, Non-Irrigated, 2020, 214.10
0041, Corn, 17, Illinois, IL, 107, Logan, 003, Non-Irrigated, 2021, 215.60
0041, Corn, 17, Illinois, IL, 107, Logan, 003, Non-Irrigated, 2022, 240.80
0041, Corn, 17, Illinois, IL, 107, Logan, 003, Non-Irrigated, 2023, 223.20
0041, Corn, 17, Illinois, IL, 107, Logan, 003, Non-Irrigated, 2024, 243.20
0041, Corn, 17, Illinois, IL, 109, McDonough, 003, Non-Irrigated, 2016, 225.90
0041, Corn, 17, Illinois, IL, 109, McDonough, 003, Non-Irrigated, 2017, 232.40
0041, Corn, 17, Illinois, IL, 109, McDonough, 003, Non-Irrigated, 2018, 230.80
0041, Corn, 17, Illinois, IL, 109, McDonough, 003, Non-Irrigated, 2019, 181.70
0041, Corn, 17, Illinois, IL, 109, McDonough, 003, Non-Irrigated, 2020, 210.10
0041, Corn, 17, Illinois, IL, 109, McDonough, 003, Non-Irrigated, 2021, 205.70
0041, Corn, 17, Illinois, IL, 109, McDonough, 003, Non-Irrigated, 2022, 229.30
0041, Corn, 17, Illinois, IL, 109, McDonough, 003, Non-Irrigated, 2023, 215.10
0041, Corn, 17, Illinois, IL, 109, McDonough, 003, Non-Irrigated, 2024, 239.80
0041, Corn, 17, Illinois, IL, 111, Mchenry, 002, Irrigated, 2016, 225.30
0041, Corn, 17, Illinois, IL, 111, Mchenry, 002, Irrigated, 2017, 195.90
0041, Corn, 17, Illinois, IL, 111, Mchenry, 002, Irrigated, 2018, 200.90
0041, Corn, 17, Illinois, IL, 111, Mchenry, 002, Irrigated, 2019, 203.40
0041, Corn, 17, Illinois, IL, 111, Mchenry, 002, Irrigated, 2020, 194.80
0041, Corn, 17, Illinois, IL, 111, Mchenry, 002, Irrigated, 2021, 224.20
0041, Corn, 17, Illinois, IL, 111, Mchenry, 002, Irrigated, 2022, 224.20
0041, Corn, 17, Illinois, IL, 111, Mchenry, 002, Irrigated, 2023, 230.30
0041, Corn, 17, Illinois, IL, 111, Mchenry, 002, Irrigated, 2024, 220.90
0041, Corn, 17, Illinois, IL, 111, Mchenry, 003, Non-Irrigated, 2016, 202.90
0041, Corn, 17, Illinois, IL, 111, Mchenry, 003, Non-Irrigated, 2017, 161.70
0041, Corn, 17, Illinois, IL, 111, Mchenry, 003, Non-Irrigated, 2018, 181.80
0041, Corn, 17, Illinois, IL, 111, Mchenry, 003, Non-Irrigated, 2019, 180.90
0041, Corn, 17, Illinois, IL, 111, Mchenry, 003, Non-Irrigated, 2020, 176.70
0041, Corn, 17, Illinois, IL, 111, Mchenry, 003, Non-Irrigated, 2021, 202.10
0041, Corn, 17, Illinois, IL, 111, Mchenry, 003, Non-Irrigated, 2022, 206.80
0041, Corn, 17, Illinois, IL, 111, Mchenry, 003, Non-Irrigated, 2023, 204.90
0041, Corn, 17, Illinois, IL, 111, Mchenry, 003, Non-Irrigated, 2024, 205.20
0041, Corn, 17, Illinois, IL, 113, Mclean, 003, Non-Irrigated, 2016, 227.80
0041, Corn, 17, Illinois, IL, 113, Mclean, 003, Non-Irrigated, 2017, 227.90
0041, Corn, 17, Illinois, IL, 113, Mclean, 003, Non-Irrigated, 2018, 232.20
0041, Corn, 17, Illinois, IL, 113, Mclean, 003, Non-Irrigated, 2019, 209.30
0041, Corn, 17, Illinois, IL, 113, Mclean, 003, Non-Irrigated, 2020, 210.00
0041, Corn, 17, Illinois, IL, 113, Mclean, 003, Non-Irrigated, 2021, 210.80
0041, Corn, 17, Illinois, IL, 113, Mclean, 003, Non-Irrigated, 2022, 234.90
0041, Corn, 17, Illinois, IL, 113, Mclean, 003, Non-Irrigated, 2023, 233.20
0041, Corn, 17, Illinois, IL, 113, Mclean, 003, Non-Irrigated, 2024, 249.90
0041, Corn, 17, Illinois, IL, 115, Macon, 003, Non-Irrigated, 2016, 222.90
0041, Corn, 17, Illinois, IL, 115, Macon, 003, Non-Irrigated, 2017, 224.10
0041, Corn, 17, Illinois, IL, 115, Macon, 003, Non-Irrigated, 2018, 244.40
0041, Corn, 17, Illinois, IL, 115, Macon, 003, Non-Irrigated, 2019, 205.90
0041, Corn, 17, Illinois, IL, 115, Macon, 003, Non-Irrigated, 2020, 211.30
0041, Corn, 17, Illinois, IL, 115, Macon, 003, Non-Irrigated, 2021, 220.20
0041, Corn, 17, Illinois, IL, 115, Macon, 003, Non-Irrigated, 2022, 238.60
0041, Corn, 17, Illinois, IL, 115, Macon, 003, Non-Irrigated, 2023, 230.30
0041, Corn, 17, Illinois, IL, 115, Macon, 003, Non-Irrigated, 2024, 243.70
0041, Corn, 17, Illinois, IL, 117, Macoupin, 003, Non-Irrigated, 2016, 203.90
0041, Corn, 17, Illinois, IL, 117, Macoupin, 003, Non-Irrigated, 2017, 193.50
0041, Corn, 17, Illinois, IL, 117, Macoupin, 003, Non-Irrigated, 2018, 219.00
0041, Corn, 17, Illinois, IL, 117, Macoupin, 003, Non-Irrigated, 2019, 197.20
0041, Corn, 17, Illinois, IL, 117, Macoupin, 003, Non-Irrigated, 2020, 199.20
0041, Corn, 17, Illinois, IL, 117, Macoupin, 003, Non-Irrigated, 2021, 196.80
0041, Corn, 17, Illinois, IL, 117, Macoupin, 003, Non-Irrigated, 2022, 207.70
0041, Corn, 17, Illinois, IL, 117, Macoupin, 003, Non-Irrigated, 2023, 211.80
0041, Corn, 17, Illinois, IL, 117, Macoupin, 003, Non-Irrigated, 2024, 210.60
0041, Corn, 17, Illinois, IL, 119, Madison, 003, Non-Irrigated, 2016, 176.20
0041, Corn, 17, Illinois, IL, 119, Madison, 003, Non-Irrigated, 2017, 186.70
0041, Corn, 17, Illinois, IL, 119, Madison, 003, Non-Irrigated, 2018, 194.50
0041, Corn, 17, Illinois, IL, 119, Madison, 003, Non-Irrigated, 2019, 190.50
0041, Corn, 17, Illinois, IL, 119, Madison, 003, Non-Irrigated, 2020, 188.10
0041, Corn, 17, Illinois, IL, 119, Madison, 003, Non-Irrigated, 2021, 211.90
0041, Corn, 17, Illinois, IL, 119, Madison, 003, Non-Irrigated, 2022, 207.50
0041, Corn, 17, Illinois, IL, 119, Madison, 003, Non-Irrigated, 2023, 199.60
0041, Corn, 17, Illinois, IL, 119, Madison, 003, Non-Irrigated, 2024, 201.30
0041, Corn, 17, Illinois, IL, 121, Marion, 003, Non-Irrigated, 2016, 143.20
0041, Corn, 17, Illinois, IL, 121, Marion, 003, Non-Irrigated, 2017, 140.10
0041, Corn, 17, Illinois, IL, 121, Marion, 003, Non-Irrigated, 2018, 204.60
0041, Corn, 17, Illinois, IL, 121, Marion, 003, Non-Irrigated, 2019, 154.00
0041, Corn, 17, Illinois, IL, 121, Marion, 003, Non-Irrigated, 2020, 186.20
0041, Corn, 17, Illinois, IL, 121, Marion, 003, Non-Irrigated, 2021, 208.10
0041, Corn, 17, Illinois, IL, 121, Marion, 003, Non-Irrigated, 2022, 198.30
0041, Corn, 17, Illinois, IL, 121, Marion, 003, Non-Irrigated, 2023, 172.30
0041, Corn, 17, Illinois, IL, 121, Marion, 003, Non-Irrigated, 2024, 181.20
0041, Corn, 17, Illinois, IL, 123, Marshall, 003, Non-Irrigated, 2016, 236.80
0041, Corn, 17, Illinois, IL, 123, Marshall, 003, Non-Irrigated, 2017, 233.00
0041, Corn, 17, Illinois, IL, 123, Marshall, 003, Non-Irrigated, 2018, 219.80
0041, Corn, 17, Illinois, IL, 123, Marshall, 003, Non-Irrigated, 2019, 192.00
0041, Corn, 17, Illinois, IL, 123, Marshall, 003, Non-Irrigated, 2020, 211.00
0041, Corn, 17, Illinois, IL, 123, Marshall, 003, Non-Irrigated, 2021, 220.70
0041, Corn, 17, Illinois, IL, 123, Marshall, 003, Non-Irrigated, 2022, 233.60
0041, Corn, 17, Illinois, IL, 123, Marshall, 003, Non-Irrigated, 2023, 237.50
0041, Corn, 17, Illinois, IL, 123, Marshall, 003, Non-Irrigated, 2024, 226.90
0041, Corn, 17, Illinois, IL, 125, Mason, 002, Irrigated, 2016, 206.90
0041, Corn, 17, Illinois, IL, 125, Mason, 002, Irrigated, 2017, 227.90
0041, Corn, 17, Illinois, IL, 125, Mason, 002, Irrigated, 2018, 222.50
0041, Corn, 17, Illinois, IL, 125, Mason, 002, Irrigated, 2019, 143.70
0041, Corn, 17, Illinois, IL, 125, Mason, 002, Irrigated, 2020, 204.50
0041, Corn, 17, Illinois, IL, 125, Mason, 002, Irrigated, 2021, 196.60
0041, Corn, 17, Illinois, IL, 125, Mason, 002, Irrigated, 2022, 227.90
0041, Corn, 17, Illinois, IL, 125, Mason, 002, Irrigated, 2023, 223.30
0041, Corn, 17, Illinois, IL, 125, Mason, 002, Irrigated, 2024, 231.20
0041, Corn, 17, Illinois, IL, 125, Mason, 003, Non-Irrigated, 2016, 202.60
0041, Corn, 17, Illinois, IL, 125, Mason, 003, Non-Irrigated, 2017, 213.90
0041, Corn, 17, Illinois, IL, 125, Mason, 003, Non-Irrigated, 2018, 217.90
0041, Corn, 17, Illinois, IL, 125, Mason, 003, Non-Irrigated, 2019, 171.90
0041, Corn, 17, Illinois, IL, 125, Mason, 003, Non-Irrigated, 2020, 196.00
0041, Corn, 17, Illinois, IL, 125, Mason, 003, Non-Irrigated, 2021, 194.80
0041, Corn, 17, Illinois, IL, 125, Mason, 003, Non-Irrigated, 2022, 211.30
0041, Corn, 17, Illinois, IL, 125, Mason, 003, Non-Irrigated, 2023, 176.90
0041, Corn, 17, Illinois, IL, 125, Mason, 003, Non-Irrigated, 2024, 221.60
0041, Corn, 17, Illinois, IL, 127, Massac, 003, Non-Irrigated, 2016, 137.70
0041, Corn, 17, Illinois, IL, 127, Massac, 003, Non-Irrigated, 2017, 165.40
0041, Corn, 17, Illinois, IL, 127, Massac, 003, Non-Irrigated, 2018, 167.60
0041, Corn, 17, Illinois, IL, 127, Massac, 003, Non-Irrigated, 2019, 148.80
0041, Corn, 17, Illinois, IL, 127, Massac, 003, Non-Irrigated, 2020, 168.70
0041, Corn, 17, Illinois, IL, 127, Massac, 003, Non-Irrigated, 2021, 176.90
0041, Corn, 17, Illinois, IL, 127, Massac, 003, Non-Irrigated, 2022, 163.60
0041, Corn, 17, Illinois, IL, 127, Massac, 003, Non-Irrigated, 2023, 172.20
0041, Corn, 17, Illinois, IL, 127, Massac, 003, Non-Irrigated, 2024, 166.20
0041, Corn, 17, Illinois, IL, 129, Menard, 003, Non-Irrigated, 2016, 213.40
0041, Corn, 17, Illinois, IL, 129, Menard, 003, Non-Irrigated, 2017, 216.70
0041, Corn, 17, Illinois, IL, 129, Menard, 003, Non-Irrigated, 2018, 231.70
0041, Corn, 17, Illinois, IL, 129, Menard, 003, Non-Irrigated, 2019, 200.00
0041, Corn, 17, Illinois, IL, 129, Menard, 003, Non-Irrigated, 2020, 210.20
0041, Corn, 17, Illinois, IL, 129, Menard, 003, Non-Irrigated, 2021, 215.40
0041, Corn, 17, Illinois, IL, 129, Menard, 003, Non-Irrigated, 2022, 234.70
0041, Corn, 17, Illinois, IL, 129, Menard, 003, Non-Irrigated, 2023, 203.30
0041, Corn, 17, Illinois, IL, 129, Menard, 003, Non-Irrigated, 2024, 233.70
0041, Corn, 17, Illinois, IL, 131, Mercer, 003, Non-Irrigated, 2016, 219.10
0041, Corn, 17, Illinois, IL, 131, Mercer, 003, Non-Irrigated, 2017, 239.50
0041, Corn, 17, Illinois, IL, 131, Mercer, 003, Non-Irrigated, 2018, 225.60
0041, Corn, 17, Illinois, IL, 131, Mercer, 003, Non-Irrigated, 2019, 187.40
0041, Corn, 17, Illinois, IL, 131, Mercer, 003, Non-Irrigated, 2020, 198.00
0041, Corn, 17, Illinois, IL, 131, Mercer, 003, Non-Irrigated, 2021, 207.00
0041, Corn, 17, Illinois, IL, 131, Mercer, 003, Non-Irrigated, 2022, 236.80
0041, Corn, 17, Illinois, IL, 131, Mercer, 003, Non-Irrigated, 2023, 239.80
0041, Corn, 17, Illinois, IL, 131, Mercer, 003, Non-Irrigated, 2024, 245.80
0041, Corn, 17, Illinois, IL, 133, Monroe, 003, Non-Irrigated, 2016, 156.70
0041, Corn, 17, Illinois, IL, 133, Monroe, 003, Non-Irrigated, 2017, 130.00
0041, Corn, 17, Illinois, IL, 133, Monroe, 003, Non-Irrigated, 2018, 179.40
0041, Corn, 17, Illinois, IL, 133, Monroe, 003, Non-Irrigated, 2019, 170.30
0041, Corn, 17, Illinois, IL, 133, Monroe, 003, Non-Irrigated, 2020, 166.90
0041, Corn, 17, Illinois, IL, 133, Monroe, 003, Non-Irrigated, 2021, 198.30
0041, Corn, 17, Illinois, IL, 133, Monroe, 003, Non-Irrigated, 2022, 167.20
0041, Corn, 17, Illinois, IL, 133, Monroe, 003, Non-Irrigated, 2023, 151.60
0041, Corn, 17, Illinois, IL, 133, Monroe, 003, Non-Irrigated, 2024, 182.60
0041, Corn, 17, Illinois, IL, 135, Montgomery, 003, Non-Irrigated, 2016, 191.60
0041, Corn, 17, Illinois, IL, 135, Montgomery, 003, Non-Irrigated, 2017, 194.80
0041, Corn, 17, Illinois, IL, 135, Montgomery, 003, Non-Irrigated, 2018, 226.50
0041, Corn, 17, Illinois, IL, 135, Montgomery, 003, Non-Irrigated, 2019, 196.40
0041, Corn, 17, Illinois, IL, 135, Montgomery, 003, Non-Irrigated, 2020, 200.70
0041, Corn, 17, Illinois, IL, 135, Montgomery, 003, Non-Irrigated, 2021, 220.40
0041, Corn, 17, Illinois, IL, 135, Montgomery, 003, Non-Irrigated, 2022, 216.90
0041, Corn, 17, Illinois, IL, 135, Montgomery, 003, Non-Irrigated, 2023, 203.50
0041, Corn, 17, Illinois, IL, 135, Montgomery, 003, Non-Irrigated, 2024, 216.00
0041, Corn, 17, Illinois, IL, 137, Morgan, 003, Non-Irrigated, 2016, 205.70
0041, Corn, 17, Illinois, IL, 137, Morgan, 003, Non-Irrigated, 2017, 204.80
0041, Corn, 17, Illinois, IL, 137, Morgan, 003, Non-Irrigated, 2018, 233.20
0041, Corn, 17, Illinois, IL, 137, Morgan, 003, Non-Irrigated, 2019, 206.90
0041, Corn, 17, Illinois, IL, 137, Morgan, 003, Non-Irrigated, 2020, 217.00
0041, Corn, 17, Illinois, IL, 137, Morgan, 003, Non-Irrigated, 2021, 212.30
0041, Corn, 17, Illinois, IL, 137, Morgan, 003, Non-Irrigated, 2022, 225.60
0041, Corn, 17, Illinois, IL, 137, Morgan, 003, Non-Irrigated, 2023, 213.40
0041, Corn, 17, Illinois, IL, 137, Morgan, 003, Non-Irrigated, 2024, 236.40
0041, Corn, 17, Illinois, IL, 139, Moultrie, 003, Non-Irrigated, 2016, 217.80
0041, Corn, 17, Illinois, IL, 139, Moultrie, 003, Non-Irrigated, 2017, 220.80
0041, Corn, 17, Illinois, IL, 139, Moultrie, 003, Non-Irrigated, 2018, 242.80
0041, Corn, 17, Illinois, IL, 139, Moultrie, 003, Non-Irrigated, 2019, 192.70
0041, Corn, 17, Illinois, IL, 139, Moultrie, 003, Non-Irrigated, 2020, 206.60
0041, Corn, 17, Illinois, IL, 139, Moultrie, 003, Non-Irrigated, 2021, 226.80
0041, Corn, 17, Illinois, IL, 139, Moultrie, 003, Non-Irrigated, 2022, 224.00
0041, Corn, 17, Illinois, IL, 139, Moultrie, 003, Non-Irrigated, 2023, 231.20
0041, Corn, 17, Illinois, IL, 139, Moultrie, 003, Non-Irrigated, 2024, 235.20
0041, Corn, 17, Illinois, IL, 141, Ogle, 003, Non-Irrigated, 2016, 229.40
0041, Corn, 17, Illinois, IL, 141, Ogle, 003, Non-Irrigated, 2017, 211.50
0041, Corn, 17, Illinois, IL, 141, Ogle, 003, Non-Irrigated, 2018, 208.70
0041, Corn, 17, Illinois, IL, 141, Ogle, 003, Non-Irrigated, 2019, 200.60
0041, Corn, 17, Illinois, IL, 141, Ogle, 003, Non-Irrigated, 2020, 201.70
0041, Corn, 17, Illinois, IL, 141, Ogle, 003, Non-Irrigated, 2021, 207.10
0041, Corn, 17, Illinois, IL, 141, Ogle, 003, Non-Irrigated, 2022, 235.30
0041, Corn, 17, Illinois, IL, 141, Ogle, 003, Non-Irrigated, 2023, 227.30
0041, Corn, 17, Illinois, IL, 141, Ogle, 003, Non-Irrigated, 2024, 242.60
0041, Corn, 17, Illinois, IL, 143, Peoria, 003, Non-Irrigated, 2016, 227.10
0041, Corn, 17, Illinois, IL, 143, Peoria, 003, Non-Irrigated, 2017, 229.50
0041, Corn, 17, Illinois, IL, 143, Peoria, 003, Non-Irrigated, 2018, 229.80
0041, Corn, 17, Illinois, IL, 143, Peoria, 003, Non-Irrigated, 2019, 191.30
0041, Corn, 17, Illinois, IL, 143, Peoria, 003, Non-Irrigated, 2020, 201.10
0041, Corn, 17, Illinois, IL, 143, Peoria, 003, Non-Irrigated, 2021, 206.30
0041, Corn, 17, Illinois, IL, 143, Peoria, 003, Non-Irrigated, 2022, 233.30
0041, Corn, 17, Illinois, IL, 143, Peoria, 003, Non-Irrigated, 2023, 224.20
0041, Corn, 17, Illinois, IL, 143, Peoria, 003, Non-Irrigated, 2024, 238.10
0041, Corn, 17, Illinois, IL, 145, Perry, 003, Non-Irrigated, 2016, 111.70
0041, Corn, 17, Illinois, IL, 145, Perry, 003, Non-Irrigated, 2017, 135.80
0041, Corn, 17, Illinois, IL, 145, Perry, 003, Non-Irrigated, 2018, 156.70
0041, Corn, 17, Illinois, IL, 145, Perry, 003, Non-Irrigated, 2019, 124.70
0041, Corn, 17, Illinois, IL, 145, Perry, 003, Non-Irrigated, 2020, 164.30
0041, Corn, 17, Illinois, IL, 145, Perry, 003, Non-Irrigated, 2021, 184.10
0041, Corn, 17, Illinois, IL, 145, Perry, 003, Non-Irrigated, 2022, 145.30
0041, Corn, 17, Illinois, IL, 145, Perry, 003, Non-Irrigated, 2023, 162.30
0041, Corn, 17, Illinois, IL, 145, Perry, 003, Non-Irrigated, 2024, 174.80
0041, Corn, 17, Illinois, IL, 147, Piatt, 003, Non-Irrigated, 2016, 232.50
0041, Corn, 17, Illinois, IL, 147, Piatt, 003, Non-Irrigated, 2017, 220.80
0041, Corn, 17, Illinois, IL, 147, Piatt, 003, Non-Irrigated, 2018, 251.40
0041, Corn, 17, Illinois, IL, 147, Piatt, 003, Non-Irrigated, 2019, 219.20
0041, Corn, 17, Illinois, IL, 147, Piatt, 003, Non-Irrigated, 2020, 218.20
0041, Corn, 17, Illinois, IL, 147, Piatt, 003, Non-Irrigated, 2021, 234.00
0041, Corn, 17, Illinois, IL, 147, Piatt, 003, Non-Irrigated, 2022, 236.30
0041, Corn, 17, Illinois, IL, 147, Piatt, 003, Non-Irrigated, 2023, 240.60
0041, Corn, 17, Illinois, IL, 147, Piatt, 003, Non-Irrigated, 2024, 246.00
0041, Corn, 17, Illinois, IL, 149, Pike, 003, Non-Irrigated, 2016, 180.70
0041, Corn, 17, Illinois, IL, 149, Pike, 003, Non-Irrigated, 2017, 190.30
0041, Corn, 17, Illinois, IL, 149, Pike, 003, Non-Irrigated, 2018, 179.90
0041, Corn, 17, Illinois, IL, 149, Pike, 003, Non-Irrigated, 2019, 177.30
0041, Corn, 17, Illinois, IL, 149, Pike, 003, Non-Irrigated, 2020, 187.40
0041, Corn, 17, Illinois, IL, 149, Pike, 003, Non-Irrigated, 2021, 186.20
0041, Corn, 17, Illinois, IL, 149, Pike, 003, Non-Irrigated, 2022, 196.10
0041, Corn, 17, Illinois, IL, 149, Pike, 003, Non-Irrigated, 2023, 190.80
0041, Corn, 17, Illinois, IL, 149, Pike, 003, Non-Irrigated, 2024, 216.20
0041, Corn, 17, Illinois, IL, 151, Pope, 003, Non-Irrigated, 2016, 140.10
0041, Corn, 17, Illinois, IL, 151, Pope, 003, Non-Irrigated, 2017, 148.00
0041, Corn, 17, Illinois, IL, 151, Pope, 003, Non-Irrigated, 2018, 159.70
0041, Corn, 17, Illinois, IL, 151, Pope, 003, Non-Irrigated, 2019, 137.80
0041, Corn, 17, Illinois, IL, 151, Pope, 003, Non-Irrigated, 2020, 161.40
0041, Corn, 17, Illinois, IL, 151, Pope, 003, Non-Irrigated, 2021, 159.00
0041, Corn, 17, Illinois, IL, 151, Pope, 003, Non-Irrigated, 2022, 154.90
0041, Corn, 17, Illinois, IL, 151, Pope, 003, Non-Irrigated, 2023, 164.60
0041, Corn, 17, Illinois, IL, 151, Pope, 003, Non-Irrigated, 2024, 159.30
0041, Corn, 17, Illinois, IL, 153, Pulaski, 003, Non-Irrigated, 2016, 132.30
0041, Corn, 17, Illinois, IL, 153, Pulaski, 003, Non-Irrigated, 2017, 170.10
0041, Corn, 17, Illinois, IL, 153, Pulaski, 003, Non-Irrigated, 2018, 169.50
0041, Corn, 17, Illinois, IL, 153, Pulaski, 003, Non-Irrigated, 2019, 157.80
0041, Corn, 17, Illinois, IL, 153, Pulaski, 003, Non-Irrigated, 2020, 178.20
0041, Corn, 17, Illinois, IL, 153, Pulaski, 003, Non-Irrigated, 2021, 192.80
0041, Corn, 17, Illinois, IL, 153, Pulaski, 003, Non-Irrigated, 2022, 170.70
0041, Corn, 17, Illinois, IL, 153, Pulaski, 003, Non-Irrigated, 2023, 149.70
0041, Corn, 17, Illinois, IL, 153, Pulaski, 003, Non-Irrigated, 2024, 173.30
0041, Corn, 17, Illinois, IL, 155, Putnam, 003, Non-Irrigated, 2016, 222.10
0041, Corn, 17, Illinois, IL, 155, Putnam, 003, Non-Irrigated, 2017, 221.90
0041, Corn, 17, Illinois, IL, 155, Putnam, 003, Non-Irrigated, 2018, 209.70
0041, Corn, 17, Illinois, IL, 155, Putnam, 003, Non-Irrigated, 2019, 180.70
0041, Corn, 17, Illinois, IL, 155, Putnam, 003, Non-Irrigated, 2020, 194.10
0041, Corn, 17, Illinois, IL, 155, Putnam, 003, Non-Irrigated, 2021, 199.10
0041, Corn, 17, Illinois, IL, 155, Putnam, 003, Non-Irrigated, 2022, 221.20
0041, Corn, 17, Illinois, IL, 155, Putnam, 003, Non-Irrigated, 2023, 217.60
0041, Corn, 17, Illinois, IL, 155, Putnam, 003, Non-Irrigated, 2024, 227.50
0041, Corn, 17, Illinois, IL, 157, Randolph, 003, Non-Irrigated, 2016, 136.00
0041, Corn, 17, Illinois, IL, 157, Randolph, 003, Non-Irrigated, 2017, 116.60
0041, Corn, 17, Illinois, IL, 157, Randolph, 003, Non-Irrigated, 2018, 170.10
0041, Corn, 17, Illinois, IL, 157, Randolph, 003, Non-Irrigated, 2019, 151.60
0041, Corn, 17, Illinois, IL, 157, Randolph, 003, Non-Irrigated, 2020, 162.60
0041, Corn, 17, Illinois, IL, 157, Randolph, 003, Non-Irrigated, 2021, 190.40
0041, Corn, 17, Illinois, IL, 157, Randolph, 003, Non-Irrigated, 2022, 167.50
0041, Corn, 17, Illinois, IL, 157, Randolph, 003, Non-Irrigated, 2023, 159.30
0041, Corn, 17, Illinois, IL, 157, Randolph, 003, Non-Irrigated, 2024, 180.90
0041, Corn, 17, Illinois, IL, 159, Richland, 003, Non-Irrigated, 2016, 156.60
0041, Corn, 17, Illinois, IL, 159, Richland, 003, Non-Irrigated, 2017, 143.80
0041, Corn, 17, Illinois, IL, 159, Richland, 003, Non-Irrigated, 2018, 173.40
0041, Corn, 17, Illinois, IL, 159, Richland, 003, Non-Irrigated, 2019, 149.10
0041, Corn, 17, Illinois, IL, 159, Richland, 003, Non-Irrigated, 2020, 178.80
0041, Corn, 17, Illinois, IL, 159, Richland, 003, Non-Irrigated, 2021, 208.60
0041, Corn, 17, Illinois, IL, 159, Richland, 003, Non-Irrigated, 2022, 204.20
0041, Corn, 17, Illinois, IL, 159, Richland, 003, Non-Irrigated, 2023, 193.50
0041, Corn, 17, Illinois, IL, 159, Richland, 003, Non-Irrigated, 2024, 177.30
0041, Corn, 17, Illinois, IL, 161, Rock Island, 003, Non-Irrigated, 2016, 217.90
0041, Corn, 17, Illinois, IL, 161, Rock Island, 003, Non-Irrigated, 2017, 230.00
0041, Corn, 17, Illinois, IL, 161, Rock Island, 003, Non-Irrigated, 2018, 225.40
0041, Corn, 17, Illinois, IL, 161, Rock Island, 003, Non-Irrigated, 2019, 184.50
0041, Corn, 17, Illinois, IL, 161, Rock Island, 003, Non-Irrigated, 2020, 197.60
0041, Corn, 17, Illinois, IL, 161, Rock Island, 003, Non-Irrigated, 2021, 211.40
0041, Corn, 17, Illinois, IL, 161, Rock Island, 003, Non-Irrigated, 2022, 233.90
0041, Corn, 17, Illinois, IL, 161, Rock Island, 003, Non-Irrigated, 2023, 226.40
0041, Corn, 17, Illinois, IL, 161, Rock Island, 003, Non-Irrigated, 2024, 239.60
0041, Corn, 17, Illinois, IL, 163, St Clair, 003, Non-Irrigated, 2016, 170.40
0041, Corn, 17, Illinois, IL, 163, St Clair, 003, Non-Irrigated, 2017, 154.50
0041, Corn, 17, Illinois, IL, 163, St Clair, 003, Non-Irrigated, 2018, 192.30
0041, Corn, 17, Illinois, IL, 163, St Clair, 003, Non-Irrigated, 2019, 194.50
0041, Corn, 17, Illinois, IL, 163, St Clair, 003, Non-Irrigated, 2020, 171.80
0041, Corn, 17, Illinois, IL, 163, St Clair, 003, Non-Irrigated, 2021, 213.30
0041, Corn, 17, Illinois, IL, 163, St Clair, 003, Non-Irrigated, 2022, 192.30
0041, Corn, 17, Illinois, IL, 163, St Clair, 003, Non-Irrigated, 2023, 185.20
0041, Corn, 17, Illinois, IL, 163, St Clair, 003, Non-Irrigated, 2024, 191.40
0041, Corn, 17, Illinois, IL, 165, Saline, 003, Non-Irrigated, 2016, 134.70
0041, Corn, 17, Illinois, IL, 165, Saline, 003, Non-Irrigated, 2017, 182.70
0041, Corn, 17, Illinois, IL, 165, Saline, 003, Non-Irrigated, 2018, 162.00
0041, Corn, 17, Illinois, IL, 165, Saline, 003, Non-Irrigated, 2019, 165.40
0041, Corn, 17, Illinois, IL, 165, Saline, 003, Non-Irrigated, 2020, 190.50
0041, Corn, 17, Illinois, IL, 165, Saline, 003, Non-Irrigated, 2021, 190.30
0041, Corn, 17, Illinois, IL, 165, Saline, 003, Non-Irrigated, 2022, 185.00
0041, Corn, 17, Illinois, IL, 165, Saline, 003, Non-Irrigated, 2023, 178.30
0041, Corn, 17, Illinois, IL, 165, Saline, 003, Non-Irrigated, 2024, 193.10
0041, Corn, 17, Illinois, IL, 167, Sangamon, 003, Non-Irrigated, 2016, 225.90
0041, Corn, 17, Illinois, IL, 167, Sangamon, 003, Non-Irrigated, 2017, 227.20
0041, Corn, 17, Illinois, IL, 167, Sangamon, 003, Non-Irrigated, 2018, 243.00
0041, Corn, 17, Illinois, IL, 167, Sangamon, 003, Non-Irrigated, 2019, 215.00
0041, Corn, 17, Illinois, IL, 167, Sangamon, 003, Non-Irrigated, 2020, 210.00
0041, Corn, 17, Illinois, IL, 167, Sangamon, 003, Non-Irrigated, 2021, 215.20
0041, Corn, 17, Illinois, IL, 167, Sangamon, 003, Non-Irrigated, 2022, 236.50
0041, Corn, 17, Illinois, IL, 167, Sangamon, 003, Non-Irrigated, 2023, 220.20
0041, Corn, 17, Illinois, IL, 167, Sangamon, 003, Non-Irrigated, 2024, 243.90
0041, Corn, 17, Illinois, IL, 169, Schuyler, 003, Non-Irrigated, 2016, 198.70
0041, Corn, 17, Illinois, IL, 169, Schuyler, 003, Non-Irrigated, 2017, 189.70
0041, Corn, 17, Illinois, IL, 169, Schuyler, 003, Non-Irrigated, 2018, 208.40
0041, Corn, 17, Illinois, IL, 169, Schuyler, 003, Non-Irrigated, 2019, 154.90
0041, Corn, 17, Illinois, IL, 169, Schuyler, 003, Non-Irrigated, 2020, 179.40
0041, Corn, 17, Illinois, IL, 169, Schuyler, 003, Non-Irrigated, 2021, 172.00
0041, Corn, 17, Illinois, IL, 169, Schuyler, 003, Non-Irrigated, 2022, 192.00
0041, Corn, 17, Illinois, IL, 169, Schuyler, 003, Non-Irrigated, 2023, 183.20
0041, Corn, 17, Illinois, IL, 169, Schuyler, 003, Non-Irrigated, 2024, 206.30
0041, Corn, 17, Illinois, IL, 171, Scott, 003, Non-Irrigated, 2016, 202.80
0041, Corn, 17, Illinois, IL, 171, Scott, 003, Non-Irrigated, 2017, 192.60
0041, Corn, 17, Illinois, IL, 171, Scott, 003, Non-Irrigated, 2018, 210.30
0041, Corn, 17, Illinois, IL, 171, Scott, 003, Non-Irrigated, 2019, 192.00
0041, Corn, 17, Illinois, IL, 171, Scott, 003, Non-Irrigated, 2020, 193.60
0041, Corn, 17, Illinois, IL, 171, Scott, 003, Non-Irrigated, 2021, 194.20
0041, Corn, 17, Illinois, IL, 171, Scott, 003, Non-Irrigated, 2022, 208.40
0041, Corn, 17, Illinois, IL, 171, Scott, 003, Non-Irrigated, 2023, 197.30
0041, Corn, 17, Illinois, IL, 171, Scott, 003, Non-Irrigated, 2024, 220.80
0041, Corn, 17, Illinois, IL, 173, Shelby, 003, Non-Irrigated, 2016, 190.20
0041, Corn, 17, Illinois, IL, 173, Shelby, 003, Non-Irrigated, 2017, 192.70
0041, Corn, 17, Illinois, IL, 173, Shelby, 003, Non-Irrigated, 2018, 223.10
0041, Corn, 17, Illinois, IL, 173, Shelby, 003, Non-Irrigated, 2019, 182.00
0041, Corn, 17, Illinois, IL, 173, Shelby, 003, Non-Irrigated, 2020, 193.10
0041, Corn, 17, Illinois, IL, 173, Shelby, 003, Non-Irrigated, 2021, 214.50
0041, Corn, 17, Illinois, IL, 173, Shelby, 003, Non-Irrigated, 2022, 219.50
0041, Corn, 17, Illinois, IL, 173, Shelby, 003, Non-Irrigated, 2023, 203.80
0041, Corn, 17, Illinois, IL, 173, Shelby, 003, Non-Irrigated, 2024, 222.50
0041, Corn, 17, Illinois, IL, 175, Stark, 003, Non-Irrigated, 2016, 234.50
0041, Corn, 17, Illinois, IL, 175, Stark, 003, Non-Irrigated, 2017, 236.80
0041, Corn, 17, Illinois, IL, 175, Stark, 003, Non-Irrigated, 2018, 242.00
0041, Corn, 17, Illinois, IL, 175, Stark, 003, Non-Irrigated, 2019, 198.50
0041, Corn, 17, Illinois, IL, 175, Stark, 003, Non-Irrigated, 2020, 216.60
0041, Corn, 17, Illinois, IL, 175, Stark, 003, Non-Irrigated, 2021, 216.90
0041, Corn, 17, Illinois, IL, 175, Stark, 003, Non-Irrigated, 2022, 242.70
0041, Corn, 17, Illinois, IL, 175, Stark, 003, Non-Irrigated, 2023, 235.70
0041, Corn, 17, Illinois, IL, 175, Stark, 003, Non-Irrigated, 2024, 236.00
0041, Corn, 17, Illinois, IL, 177, Stephenson, 003, Non-Irrigated, 2016, 222.60
0041, Corn, 17, Illinois, IL, 177, Stephenson, 003, Non-Irrigated, 2017, 199.50
0041, Corn, 17, Illinois, IL, 177, Stephenson, 003, Non-Irrigated, 2018, 207.50
0041, Corn, 17, Illinois, IL, 177, Stephenson, 003, Non-Irrigated, 2019, 206.10
0041, Corn, 17, Illinois, IL, 177, Stephenson, 003, Non-Irrigated, 2020, 206.70
0041, Corn, 17, Illinois, IL, 177, Stephenson, 003, Non-Irrigated, 2021, 212.20
0041, Corn, 17, Illinois, IL, 177, Stephenson, 003, Non-Irrigated, 2022, 219.20
0041, Corn, 17, Illinois, IL, 177, Stephenson, 003, Non-Irrigated, 2023, 219.10
0041, Corn, 17, Illinois, IL, 177, Stephenson, 003, Non-Irrigated, 2024, 232.70
0041, Corn, 17, Illinois, IL, 179, Tazewell, 002, Irrigated, 2016, 224.50
0041, Corn, 17, Illinois, IL, 179, Tazewell, 002, Irrigated, 2017, 237.50
0041, Corn, 17, Illinois, IL, 179, Tazewell, 002, Irrigated, 2018, 240.40
0041, Corn, 17, Illinois, IL, 179, Tazewell, 002, Irrigated, 2019, 211.90
0041, Corn, 17, Illinois, IL, 179, Tazewell, 002, Irrigated, 2020, 214.10
0041, Corn, 17, Illinois, IL, 179, Tazewell, 002, Irrigated, 2021, 206.70
0041, Corn, 17, Illinois, IL, 179, Tazewell, 002, Irrigated, 2022, 246.00
0041, Corn, 17, Illinois, IL, 179, Tazewell, 002, Irrigated, 2023, 241.50
0041, Corn, 17, Illinois, IL, 179, Tazewell, 002, Irrigated, 2024, 244.90
0041, Corn, 17, Illinois, IL, 179, Tazewell, 003, Non-Irrigated, 2016, 233.80
0041, Corn, 17, Illinois, IL, 179, Tazewell, 003, Non-Irrigated, 2017, 235.00
0041, Corn, 17, Illinois, IL, 179, Tazewell, 003, Non-Irrigated, 2018, 239.30
0041, Corn, 17, Illinois, IL, 179, Tazewell, 003, Non-Irrigated, 2019, 210.70
0041, Corn, 17, Illinois, IL, 179, Tazewell, 003, Non-Irrigated, 2020, 212.50
0041, Corn, 17, Illinois, IL, 179, Tazewell, 003, Non-Irrigated, 2021, 213.50
0041, Corn, 17, Illinois, IL, 179, Tazewell, 003, Non-Irrigated, 2022, 242.90
0041, Corn, 17, Illinois, IL, 179, Tazewell, 003, Non-Irrigated, 2023, 230.00
0041, Corn, 17, Illinois, IL, 179, Tazewell, 003, Non-Irrigated, 2024, 252.00
0041, Corn, 17, Illinois, IL, 181, Union, 003, Non-Irrigated, 2016, 115.20
0041, Corn, 17, Illinois, IL, 181, Union, 003, Non-Irrigated, 2017, 149.10
0041, Corn, 17, Illinois, IL, 181, Union, 003, Non-Irrigated, 2018, 154.40
0041, Corn, 17, Illinois, IL, 181, Union, 003, Non-Irrigated, 2019, 143.50
0041, Corn, 17, Illinois, IL, 181, Union, 003, Non-Irrigated, 2020, 161.40
0041, Corn, 17, Illinois, IL, 181, Union, 003, Non-Irrigated, 2021, 173.90
0041, Corn, 17, Illinois, IL, 181, Union, 003, Non-Irrigated, 2022, 177.30
0041, Corn, 17, Illinois, IL, 181, Union, 003, Non-Irrigated, 2023, 147.40
0041, Corn, 17, Illinois, IL, 181, Union, 003, Non-Irrigated, 2024, 157.00
0041, Corn, 17, Illinois, IL, 183, Vermilion, 003, Non-Irrigated, 2016, 208.00
0041, Corn, 17, Illinois, IL, 183, Vermilion, 003, Non-Irrigated, 2017, 204.50
0041, Corn, 17, Illinois, IL, 183, Vermilion, 003, Non-Irrigated, 2018, 214.40
0041, Corn, 17, Illinois, IL, 183, Vermilion, 003, Non-Irrigated, 2019, 168.80
0041, Corn, 17, Illinois, IL, 183, Vermilion, 003, Non-Irrigated, 2020, 206.40
0041, Corn, 17, Illinois, IL, 183, Vermilion, 003, Non-Irrigated, 2021, 207.20
0041, Corn, 17, Illinois, IL, 183, Vermilion, 003, Non-Irrigated, 2022, 218.80
0041, Corn, 17, Illinois, IL, 183, Vermilion, 003, Non-Irrigated, 2023, 225.20
0041, Corn, 17, Illinois, IL, 183, Vermilion, 003, Non-Irrigated, 2024, 234.50
0041, Corn, 17, Illinois, IL, 185, Wabash, 003, Non-Irrigated, 2016, 154.40
0041, Corn, 17, Illinois, IL, 185, Wabash, 003, Non-Irrigated, 2017, 174.50
0041, Corn, 17, Illinois, IL, 185, Wabash, 003, Non-Irrigated, 2018, 162.00
0041, Corn, 17, Illinois, IL, 185, Wabash, 003, Non-Irrigated, 2019, 152.90
0041, Corn, 17, Illinois, IL, 185, Wabash, 003, Non-Irrigated, 2020, 184.40
0041, Corn, 17, Illinois, IL, 185, Wabash, 003, Non-Irrigated, 2021, 198.20
0041, Corn, 17, Illinois, IL, 185, Wabash, 003, Non-Irrigated, 2022, 189.30
0041, Corn, 17, Illinois, IL, 185, Wabash, 003, Non-Irrigated, 2023, 191.30
0041, Corn, 17, Illinois, IL, 185, Wabash, 003, Non-Irrigated, 2024, 192.20
0041, Corn, 17, Illinois, IL, 187, Warren, 003, Non-Irrigated, 2016, 230.40
0041, Corn, 17, Illinois, IL, 187, Warren, 003, Non-Irrigated, 2017, 241.80
0041, Corn, 17, Illinois, IL, 187, Warren, 003, Non-Irrigated, 2018, 236.80
0041, Corn, 17, Illinois, IL, 187, Warren, 003, Non-Irrigated, 2019, 201.50
0041, Corn, 17, Illinois, IL, 187, Warren, 003, Non-Irrigated, 2020, 205.50
0041, Corn, 17, Illinois, IL, 187, Warren, 003, Non-Irrigated, 2021, 196.20
0041, Corn, 17, Illinois, IL, 187, Warren, 003, Non-Irrigated, 2022, 238.60
0041, Corn, 17, Illinois, IL, 187, Warren, 003, Non-Irrigated, 2023, 238.20
0041, Corn, 17, Illinois, IL, 187, Warren, 003, Non-Irrigated, 2024, 245.90
0041, Corn, 17, Illinois, IL, 189, Washington, 003, Non-Irrigated, 2016, 147.20
0041, Corn, 17, Illinois, IL, 189, Washington, 003, Non-Irrigated, 2017, 123.50
0041, Corn, 17, Illinois, IL, 189, Washington, 003, Non-Irrigated, 2018, 173.20
0041, Corn, 17, Illinois, IL, 189, Washington, 003, Non-Irrigated, 2019, 172.10
0041, Corn, 17, Illinois, IL, 189, Washington, 003, Non-Irrigated, 2020, 179.30
0041, Corn, 17, Illinois, IL, 189, Washington, 003, Non-Irrigated, 2021, 217.90
0041, Corn, 17, Illinois, IL, 189, Washington, 003, Non-Irrigated, 2022, 187.90
0041, Corn, 17, Illinois, IL, 189, Washington, 003, Non-Irrigated, 2023, 172.80
0041, Corn, 17, Illinois, IL, 189, Washington, 003, Non-Irrigated, 2024, 194.70
0041, Corn, 17, Illinois, IL, 191, Wayne, 003, Non-Irrigated, 2016, 126.40
0041, Corn, 17, Illinois, IL, 191, Wayne, 003, Non-Irrigated, 2017, 156.30
0041, Corn, 17, Illinois, IL, 191, Wayne, 003, Non-Irrigated, 2018, 166.60
0041, Corn, 17, Illinois, IL, 191, Wayne, 003, Non-Irrigated, 2019, 116.80
0041, Corn, 17, Illinois, IL, 191, Wayne, 003, Non-Irrigated, 2020, 162.50
0041, Corn, 17, Illinois, IL, 191, Wayne, 003, Non-Irrigated, 2021, 190.10
0041, Corn, 17, Illinois, IL, 191, Wayne, 003, Non-Irrigated, 2022, 182.80
0041, Corn, 17, Illinois, IL, 191, Wayne, 003, Non-Irrigated, 2023, 178.60
0041, Corn, 17, Illinois, IL, 191, Wayne, 003, Non-Irrigated, 2024, 183.30
0041, Corn, 17, Illinois, IL, 193, White, 002, Irrigated, 2016, 164.60
0041, Corn, 17, Illinois, IL, 193, White, 002, Irrigated, 2017, 208.00
0041, Corn, 17, Illinois, IL, 193, White, 002, Irrigated, 2018, 188.50
0041, Corn, 17, Illinois, IL, 193, White, 002, Irrigated, 2019, 177.90
0041, Corn, 17, Illinois, IL, 193, White, 002, Irrigated, 2020, 195.00
0041, Corn, 17, Illinois, IL, 193, White, 002, Irrigated, 2021, 217.30
0041, Corn, 17, Illinois, IL, 193, White, 002, Irrigated, 2022, 202.40
0041, Corn, 17, Illinois, IL, 193, White, 002, Irrigated, 2023, 197.10
0041, Corn, 17, Illinois, IL, 193, White, 002, Irrigated, 2024, 205.80
0041, Corn, 17, Illinois, IL, 193, White, 003, Non-Irrigated, 2016, 131.50
0041, Corn, 17, Illinois, IL, 193, White, 003, Non-Irrigated, 2017, 193.90
0041, Corn, 17, Illinois, IL, 193, White, 003, Non-Irrigated, 2018, 174.20
0041, Corn, 17, Illinois, IL, 193, White, 003, Non-Irrigated, 2019, 160.10
0041, Corn, 17, Illinois, IL, 193, White, 003, Non-Irrigated, 2020, 178.40
0041, Corn, 17, Illinois, IL, 193, White, 003, Non-Irrigated, 2021, 193.90
0041, Corn, 17, Illinois, IL, 193, White, 003, Non-Irrigated, 2022, 187.90
0041, Corn, 17, Illinois, IL, 193, White, 003, Non-Irrigated, 2023, 175.20
0041, Corn, 17, Illinois, IL, 193, White, 003, Non-Irrigated, 2024, 194.00
0041, Corn, 17, Illinois, IL, 195, Whiteside, 003, Non-Irrigated, 2016, 214.20
0041, Corn, 17, Illinois, IL, 195, Whiteside, 003, Non-Irrigated, 2017, 216.40
0041, Corn, 17, Illinois, IL, 195, Whiteside, 003, Non-Irrigated, 2018, 220.60
0041, Corn, 17, Illinois, IL, 195, Whiteside, 003, Non-Irrigated, 2019, 185.10
0041, Corn, 17, Illinois, IL, 195, Whiteside, 003, Non-Irrigated, 2020, 192.40
0041, Corn, 17, Illinois, IL, 195, Whiteside, 003, Non-Irrigated, 2021, 209.40
0041, Corn, 17, Illinois, IL, 195, Whiteside, 003, Non-Irrigated, 2022, 231.50
0041, Corn, 17, Illinois, IL, 195, Whiteside, 003, Non-Irrigated, 2023, 217.60
0041, Corn, 17, Illinois, IL, 195, Whiteside, 003, Non-Irrigated, 2024, 248.00
0041, Corn, 17, Illinois, IL, 197, Will, 003, Non-Irrigated, 2016, 193.10
0041, Corn, 17, Illinois, IL, 197, Will, 003, Non-Irrigated, 2017, 202.60
0041, Corn, 17, Illinois, IL, 197, Will, 003, Non-Irrigated, 2018, 185.10
0041, Corn, 17, Illinois, IL, 197, Will, 003, Non-Irrigated, 2019, 165.90
0041, Corn, 17, Illinois, IL, 197, Will, 003, Non-Irrigated, 2020, 169.30
0041, Corn, 17, Illinois, IL, 197, Will, 003, Non-Irrigated, 2021, 180.50
0041, Corn, 17, Illinois, IL, 197, Will, 003, Non-Irrigated, 2022, 201.50
0041, Corn, 17, Illinois, IL, 197, Will, 003, Non-Irrigated, 2023, 199.80
0041, Corn, 17, Illinois, IL, 197, Will, 003, Non-Irrigated, 2024, 195.10
0041, Corn, 17, Illinois, IL, 199, Williamson, 003, Non-Irrigated, 2016, 95.90
0041, Corn, 17, Illinois, IL, 199, Williamson, 003, Non-Irrigated, 2017, 156.90
0041, Corn, 17, Illinois, IL, 199, Williamson, 003, Non-Irrigated, 2018, 152.10
0041, Corn, 17, Illinois, IL, 199, Williamson, 003, Non-Irrigated, 2019, 138.40
0041, Corn, 17, Illinois, IL, 199, Williamson, 003, Non-Irrigated, 2020, 159.70
0041, Corn, 17, Illinois, IL, 199, Williamson, 003, Non-Irrigated, 2021, 174.70
0041, Corn, 17, Illinois, IL, 199, Williamson, 003, Non-Irrigated, 2022, 160.80
0041, Corn, 17, Illinois, IL, 199, Williamson, 003, Non-Irrigated, 2023, 164.80
0041, Corn, 17, Illinois, IL, 199, Williamson, 003, Non-Irrigated, 2024, 140.60
0041, Corn, 17, Illinois, IL, 201, Winnebago, 003, Non-Irrigated, 2016, 212.40
0041, Corn, 17, Illinois, IL, 201, Winnebago, 003, Non-Irrigated, 2017, 186.80
0041, Corn, 17, Illinois, IL, 201, Winnebago, 003, Non-Irrigated, 2018, 198.40
0041, Corn, 17, Illinois, IL, 201, Winnebago, 003, Non-Irrigated, 2019, 184.70
0041, Corn, 17, Illinois, IL, 201, Winnebago, 003, Non-Irrigated, 2020, 191.80
0041, Corn, 17, Illinois, IL, 201, Winnebago, 003, Non-Irrigated, 2021, 195.90
0041, Corn, 17, Illinois, IL, 201, Winnebago, 003, Non-Irrigated, 2022, 216.50
0041, Corn, 17, Illinois, IL, 201, Winnebago, 003, Non-Irrigated, 2023, 193.50
0041, Corn, 17, Illinois, IL, 201, Winnebago, 003, Non-Irrigated, 2024, 215.30
0041, Corn, 17, Illinois, IL, 203, Woodford, 003, Non-Irrigated, 2016, 237.30
0041, Corn, 17, Illinois, IL, 203, Woodford, 003, Non-Irrigated, 2017, 220.70
0041, Corn, 17, Illinois, IL, 203, Woodford, 003, Non-Irrigated, 2018, 228.60
0041, Corn, 17, Illinois, IL, 203, Woodford, 003, Non-Irrigated, 2019, 195.90
0041, Corn, 17, Illinois, IL, 203, Woodford, 003, Non-Irrigated, 2020, 201.20
0041, Corn, 17, Illinois, IL, 203, Woodford, 003, Non-Irrigated, 2021, 223.10
0041, Corn, 17, Illinois, IL, 203, Woodford, 003, Non-Irrigated, 2022, 241.00
0041, Corn, 17, Illinois, IL, 203, Woodford, 003, Non-Irrigated, 2023, 231.80
0041, Corn, 17, Illinois, IL, 203, Woodford, 003, Non-Irrigated, 2024, 239.20
0041, Corn, 19, Iowa, IA, 001, Adair, 003, Non-Irrigated, 2016, 191.70
0041, Corn, 19, Iowa, IA, 001, Adair, 003, Non-Irrigated, 2017, 177.00
0041, Corn, 19, Iowa, IA, 001, Adair, 003, Non-Irrigated, 2018, 142.30
0041, Corn, 19, Iowa, IA, 001, Adair, 003, Non-Irrigated, 2019, 177.50
0041, Corn, 19, Iowa, IA, 001, Adair, 003, Non-Irrigated, 2020, 173.40
0041, Corn, 19, Iowa, IA, 001, Adair, 003, Non-Irrigated, 2021, 214.50
0041, Corn, 19, Iowa, IA, 001, Adair, 003, Non-Irrigated, 2022, 155.30
0041, Corn, 19, Iowa, IA, 001, Adair, 003, Non-Irrigated, 2023, 211.40
0041, Corn, 19, Iowa, IA, 001, Adair, 003, Non-Irrigated, 2024, 223.70
0041, Corn, 19, Iowa, IA, 003, Adams, 003, Non-Irrigated, 2016, 179.50
0041, Corn, 19, Iowa, IA, 003, Adams, 003, Non-Irrigated, 2017, 176.30
0041, Corn, 19, Iowa, IA, 003, Adams, 003, Non-Irrigated, 2018, 173.20
0041, Corn, 19, Iowa, IA, 003, Adams, 003, Non-Irrigated, 2019, 171.60
0041, Corn, 19, Iowa, IA, 003, Adams, 003, Non-Irrigated, 2020, 184.10
0041, Corn, 19, Iowa, IA, 003, Adams, 003, Non-Irrigated, 2021, 213.50
0041, Corn, 19, Iowa, IA, 003, Adams, 003, Non-Irrigated, 2022, 157.60
0041, Corn, 19, Iowa, IA, 003, Adams, 003, Non-Irrigated, 2023, 209.30
0041, Corn, 19, Iowa, IA, 003, Adams, 003, Non-Irrigated, 2024, 208.00
0041, Corn, 19, Iowa, IA, 005, Allamakee, 003, Non-Irrigated, 2016, 195.50
0041, Corn, 19, Iowa, IA, 005, Allamakee, 003, Non-Irrigated, 2017, 186.70
0041, Corn, 19, Iowa, IA, 005, Allamakee, 003, Non-Irrigated, 2018, 193.50
0041, Corn, 19, Iowa, IA, 005, Allamakee, 003, Non-Irrigated, 2019, 192.70
0041, Corn, 19, Iowa, IA, 005, Allamakee, 003, Non-Irrigated, 2020, 191.70
0041, Corn, 19, Iowa, IA, 005, Allamakee, 003, Non-Irrigated, 2021, 204.40
0041, Corn, 19, Iowa, IA, 005, Allamakee, 003, Non-Irrigated, 2022, 215.20
0041, Corn, 19, Iowa, IA, 005, Allamakee, 003, Non-Irrigated, 2023, 194.20
0041, Corn, 19, Iowa, IA, 005, Allamakee, 003, Non-Irrigated, 2024, 221.40
0041, Corn, 19, Iowa, IA, 007, Appanoose, 003, Non-Irrigated, 2016, 196.90
0041, Corn, 19, Iowa, IA, 007, Appanoose, 003, Non-Irrigated, 2017, 168.00
0041, Corn, 19, Iowa, IA, 007, Appanoose, 003, Non-Irrigated, 2018, 141.50
0041, Corn, 19, Iowa, IA, 007, Appanoose, 003, Non-Irrigated, 2019, 163.20
0041, Corn, 19, Iowa, IA, 007, Appanoose, 003, Non-Irrigated, 2020, 150.50
0041, Corn, 19, Iowa, IA, 007, Appanoose, 003, Non-Irrigated, 2021, 171.70
0041, Corn, 19, Iowa, IA, 007, Appanoose, 003, Non-Irrigated, 2022, 153.10
0041, Corn, 19, Iowa, IA, 007, Appanoose, 003, Non-Irrigated, 2023, 185.90
0041, Corn, 19, Iowa, IA, 007, Appanoose, 003, Non-Irrigated, 2024, 206.20
0041, Corn, 19, Iowa, IA, 009, Audubon, 003, Non-Irrigated, 2016, 209.90
0041, Corn, 19, Iowa, IA, 009, Audubon, 003, Non-Irrigated, 2017, 221.50
0041, Corn, 19, Iowa, IA, 009, Audubon, 003, Non-Irrigated, 2018, 208.80
0041, Corn, 19, Iowa, IA, 009, Audubon, 003, Non-Irrigated, 2019, 225.30
0041, Corn, 19, Iowa, IA, 009, Audubon, 003, Non-Irrigated, 2020, 171.50
0041, Corn, 19, Iowa, IA, 009, Audubon, 003, Non-Irrigated, 2021, 247.90
0041, Corn, 19, Iowa, IA, 009, Audubon, 003, Non-Irrigated, 2022, 210.50
0041, Corn, 19, Iowa, IA, 009, Audubon, 003, Non-Irrigated, 2023, 203.90
0041, Corn, 19, Iowa, IA, 009, Audubon, 003, Non-Irrigated, 2024, 232.00
0041, Corn, 19, Iowa, IA, 011, Benton, 003, Non-Irrigated, 2016, 216.20
0041, Corn, 19, Iowa, IA, 011, Benton, 003, Non-Irrigated, 2017, 226.50
0041, Corn, 19, Iowa, IA, 011, Benton, 003, Non-Irrigated, 2018, 235.00
0041, Corn, 19, Iowa, IA, 011, Benton, 003, Non-Irrigated, 2019, 215.00
0041, Corn, 19, Iowa, IA, 011, Benton, 003, Non-Irrigated, 2020, 105.40
0041, Corn, 19, Iowa, IA, 011, Benton, 003, Non-Irrigated, 2021, 210.30
0041, Corn, 19, Iowa, IA, 011, Benton, 003, Non-Irrigated, 2022, 227.60
0041, Corn, 19, Iowa, IA, 011, Benton, 003, Non-Irrigated, 2023, 192.20
0041, Corn, 19, Iowa, IA, 011, Benton, 003, Non-Irrigated, 2024, 243.20
0041, Corn, 19, Iowa, IA, 013, Black Hawk, 003, Non-Irrigated, 2016, 205.80
0041, Corn, 19, Iowa, IA, 013, Black Hawk, 003, Non-Irrigated, 2017, 212.80
0041, Corn, 19, Iowa, IA, 013, Black Hawk, 003, Non-Irrigated, 2018, 224.60
0041, Corn, 19, Iowa, IA, 013, Black Hawk, 003, Non-Irrigated, 2019, 204.60
0041, Corn, 19, Iowa, IA, 013, Black Hawk, 003, Non-Irrigated, 2020, 180.20
0041, Corn, 19, Iowa, IA, 013, Black Hawk, 003, Non-Irrigated, 2021, 207.10
0041, Corn, 19, Iowa, IA, 013, Black Hawk, 003, Non-Irrigated, 2022, 214.70
0041, Corn, 19, Iowa, IA, 013, Black Hawk, 003, Non-Irrigated, 2023, 173.10
0041, Corn, 19, Iowa, IA, 013, Black Hawk, 003, Non-Irrigated, 2024, 215.50
0041, Corn, 19, Iowa, IA, 015, Boone, 003, Non-Irrigated, 2016, 212.20
0041, Corn, 19, Iowa, IA, 015, Boone, 003, Non-Irrigated, 2017, 203.20
0041, Corn, 19, Iowa, IA, 015, Boone, 003, Non-Irrigated, 2018, 197.50
0041, Corn, 19, Iowa, IA, 015, Boone, 003, Non-Irrigated, 2019, 204.20
0041, Corn, 19, Iowa, IA, 015, Boone, 003, Non-Irrigated, 2020, 146.00
0041, Corn, 19, Iowa, IA, 015, Boone, 003, Non-Irrigated, 2021, 215.70
0041, Corn, 19, Iowa, IA, 015, Boone, 003, Non-Irrigated, 2022, 212.20
0041, Corn, 19, Iowa, IA, 015, Boone, 003, Non-Irrigated, 2023, 237.60
0041, Corn, 19, Iowa, IA, 015, Boone, 003, Non-Irrigated, 2024, 235.90
0041, Corn, 19, Iowa, IA, 017, Bremer, 003, Non-Irrigated, 2016, 212.40
0041, Corn, 19, Iowa, IA, 017, Bremer, 003, Non-Irrigated, 2017, 221.00
0041, Corn, 19, Iowa, IA, 017, Bremer, 003, Non-Irrigated, 2018, 219.50
0041, Corn, 19, Iowa, IA, 017, Bremer, 003, Non-Irrigated, 2019, 219.70
0041, Corn, 19, Iowa, IA, 017, Bremer, 003, Non-Irrigated, 2020, 196.40
0041, Corn, 19, Iowa, IA, 017, Bremer, 003, Non-Irrigated, 2021, 204.30
0041, Corn, 19, Iowa, IA, 017, Bremer, 003, Non-Irrigated, 2022, 224.60
0041, Corn, 19, Iowa, IA, 017, Bremer, 003, Non-Irrigated, 2023, 203.30
0041, Corn, 19, Iowa, IA, 017, Bremer, 003, Non-Irrigated, 2024, 207.00
0041, Corn, 19, Iowa, IA, 019, Buchanan, 003, Non-Irrigated, 2016, 210.40
0041, Corn, 19, Iowa, IA, 019, Buchanan, 003, Non-Irrigated, 2017, 223.40
0041, Corn, 19, Iowa, IA, 019, Buchanan, 003, Non-Irrigated, 2018, 218.90
0041, Corn, 19, Iowa, IA, 019, Buchanan, 003, Non-Irrigated, 2019, 208.50
0041, Corn, 19, Iowa, IA, 019, Buchanan, 003, Non-Irrigated, 2020, 182.50
0041, Corn, 19, Iowa, IA, 019, Buchanan, 003, Non-Irrigated, 2021, 217.20
0041, Corn, 19, Iowa, IA, 019, Buchanan, 003, Non-Irrigated, 2022, 219.40
0041, Corn, 19, Iowa, IA, 019, Buchanan, 003, Non-Irrigated, 2023, 197.70
0041, Corn, 19, Iowa, IA, 019, Buchanan, 003, Non-Irrigated, 2024, 226.70
0041, Corn, 19, Iowa, IA, 021, Buena Vista, 003, Non-Irrigated, 2016, 213.10
0041, Corn, 19, Iowa, IA, 021, Buena Vista, 003, Non-Irrigated, 2017, 193.60
0041, Corn, 19, Iowa, IA, 021, Buena Vista, 003, Non-Irrigated, 2018, 202.30
0041, Corn, 19, Iowa, IA, 021, Buena Vista, 003, Non-Irrigated, 2019, 192.40
0041, Corn, 19, Iowa, IA, 021, Buena Vista, 003, Non-Irrigated, 2020, 183.30
0041, Corn, 19, Iowa, IA, 021, Buena Vista, 003, Non-Irrigated, 2021, 219.50
0041, Corn, 19, Iowa, IA, 021, Buena Vista, 003, Non-Irrigated, 2022, 205.00
0041, Corn, 19, Iowa, IA, 021, Buena Vista, 003, Non-Irrigated, 2023, 216.00
0041, Corn, 19, Iowa, IA, 021, Buena Vista, 003, Non-Irrigated, 2024, 210.20
0041, Corn, 19, Iowa, IA, 023, Butler, 003, Non-Irrigated, 2016, 206.50
0041, Corn, 19, Iowa, IA, 023, Butler, 003, Non-Irrigated, 2017, 212.50
0041, Corn, 19, Iowa, IA, 023, Butler, 003, Non-Irrigated, 2018, 217.10
0041, Corn, 19, Iowa, IA, 023, Butler, 003, Non-Irrigated, 2019, 211.80
0041, Corn, 19, Iowa, IA, 023, Butler, 003, Non-Irrigated, 2020, 183.80
0041, Corn, 19, Iowa, IA, 023, Butler, 003, Non-Irrigated, 2021, 206.50
0041, Corn, 19, Iowa, IA, 023, Butler, 003, Non-Irrigated, 2022, 214.90
0041, Corn, 19, Iowa, IA, 023, Butler, 003, Non-Irrigated, 2023, 179.20
0041, Corn, 19, Iowa, IA, 023, Butler, 003, Non-Irrigated, 2024, 209.50
0041, Corn, 19, Iowa, IA, 025, Calhoun, 003, Non-Irrigated, 2016, 213.70
0041, Corn, 19, Iowa, IA, 025, Calhoun, 003, Non-Irrigated, 2017, 192.70
0041, Corn, 19, Iowa, IA, 025, Calhoun, 003, Non-Irrigated, 2018, 201.20
0041, Corn, 19, Iowa, IA, 025, Calhoun, 003, Non-Irrigated, 2019, 205.90
0041, Corn, 19, Iowa, IA, 025, Calhoun, 003, Non-Irrigated, 2020, 163.60
0041, Corn, 19, Iowa, IA, 025, Calhoun, 003, Non-Irrigated, 2021, 229.20
0041, Corn, 19, Iowa, IA, 025, Calhoun, 003, Non-Irrigated, 2022, 205.40
0041, Corn, 19, Iowa, IA, 025, Calhoun, 003, Non-Irrigated, 2023, 211.60
0041, Corn, 19, Iowa, IA, 025, Calhoun, 003, Non-Irrigated, 2024, 236.30
0041, Corn, 19, Iowa, IA, 027, Carroll, 003, Non-Irrigated, 2016, 211.90
0041, Corn, 19, Iowa, IA, 027, Carroll, 003, Non-Irrigated, 2017, 220.80
0041, Corn, 19, Iowa, IA, 027, Carroll, 003, Non-Irrigated, 2018, 216.50
0041, Corn, 19, Iowa, IA, 027, Carroll, 003, Non-Irrigated, 2019, 230.80
0041, Corn, 19, Iowa, IA, 027, Carroll, 003, Non-Irrigated, 2020, 161.60
0041, Corn, 19, Iowa, IA, 027, Carroll, 003, Non-Irrigated, 2021, 236.20
0041, Corn, 19, Iowa, IA, 027, Carroll, 003, Non-Irrigated, 2022, 219.20
0041, Corn, 19, Iowa, IA, 027, Carroll, 003, Non-Irrigated, 2023, 202.40
0041, Corn, 19, Iowa, IA, 027, Carroll, 003, Non-Irrigated, 2024, 248.90
0041, Corn, 19, Iowa, IA, 029, Cass, 003, Non-Irrigated, 2016, 197.20
0041, Corn, 19, Iowa, IA, 029, Cass, 003, Non-Irrigated, 2017, 194.90
0041, Corn, 19, Iowa, IA, 029, Cass, 003, Non-Irrigated, 2018, 170.60
0041, Corn, 19, Iowa, IA, 029, Cass, 003, Non-Irrigated, 2019, 206.40
0041, Corn, 19, Iowa, IA, 029, Cass, 003, Non-Irrigated, 2020, 183.00
0041, Corn, 19, Iowa, IA, 029, Cass, 003, Non-Irrigated, 2021, 230.60
0041, Corn, 19, Iowa, IA, 029, Cass, 003, Non-Irrigated, 2022, 183.10
0041, Corn, 19, Iowa, IA, 029, Cass, 003, Non-Irrigated, 2023, 219.60
0041, Corn, 19, Iowa, IA, 029, Cass, 003, Non-Irrigated, 2024, 225.90
0041, Corn, 19, Iowa, IA, 031, Cedar, 003, Non-Irrigated, 2016, 218.30
0041, Corn, 19, Iowa, IA, 031, Cedar, 003, Non-Irrigated, 2017, 234.60
0041, Corn, 19, Iowa, IA, 031, Cedar, 003, Non-Irrigated, 2018, 230.40
0041, Corn, 19, Iowa, IA, 031, Cedar, 003, Non-Irrigated, 2019, 201.10
0041, Corn, 19, Iowa, IA, 031, Cedar, 003, Non-Irrigated, 2020, 165.20
0041, Corn, 19, Iowa, IA, 031, Cedar, 003, Non-Irrigated, 2021, 224.30
0041, Corn, 19, Iowa, IA, 031, Cedar, 003, Non-Irrigated, 2022, 233.30
0041, Corn, 19, Iowa, IA, 031, Cedar, 003, Non-Irrigated, 2023, 226.10
0041, Corn, 19, Iowa, IA, 031, Cedar, 003, Non-Irrigated, 2024, 250.50
0041, Corn, 19, Iowa, IA, 033, Cerro Gordo, 003, Non-Irrigated, 2016, 198.60
0041, Corn, 19, Iowa, IA, 033, Cerro Gordo, 003, Non-Irrigated, 2017, 207.30
0041, Corn, 19, Iowa, IA, 033, Cerro Gordo, 003, Non-Irrigated, 2018, 174.70
0041, Corn, 19, Iowa, IA, 033, Cerro Gordo, 003, Non-Irrigated, 2019, 201.10
0041, Corn, 19, Iowa, IA, 033, Cerro Gordo, 003, Non-Irrigated, 2020, 197.50
0041, Corn, 19, Iowa, IA, 033, Cerro Gordo, 003, Non-Irrigated, 2021, 205.80
0041, Corn, 19, Iowa, IA, 033, Cerro Gordo, 003, Non-Irrigated, 2022, 218.40
0041, Corn, 19, Iowa, IA, 033, Cerro Gordo, 003, Non-Irrigated, 2023, 208.90
0041, Corn, 19, Iowa, IA, 033, Cerro Gordo, 003, Non-Irrigated, 2024, 208.50
0041, Corn, 19, Iowa, IA, 035, Cherokee, 003, Non-Irrigated, 2016, 221.00
0041, Corn, 19, Iowa, IA, 035, Cherokee, 003, Non-Irrigated, 2017, 201.80
0041, Corn, 19, Iowa, IA, 035, Cherokee, 003, Non-Irrigated, 2018, 225.20
0041, Corn, 19, Iowa, IA, 035, Cherokee, 003, Non-Irrigated, 2019, 221.90
0041, Corn, 19, Iowa, IA, 035, Cherokee, 003, Non-Irrigated, 2020, 195.70
0041, Corn, 19, Iowa, IA, 035, Cherokee, 003, Non-Irrigated, 2021, 224.10
0041, Corn, 19, Iowa, IA, 035, Cherokee, 003, Non-Irrigated, 2022, 198.50
0041, Corn, 19, Iowa, IA, 035, Cherokee, 003, Non-Irrigated, 2023, 213.00
0041, Corn, 19, Iowa, IA, 035, Cherokee, 003, Non-Irrigated, 2024, 216.40
0041, Corn, 19, Iowa, IA, 037, Chickasaw, 003, Non-Irrigated, 2016, 213.70
0041, Corn, 19, Iowa, IA, 037, Chickasaw, 003, Non-Irrigated, 2017, 203.70
0041, Corn, 19, Iowa, IA, 037, Chickasaw, 003, Non-Irrigated, 2018, 197.20
0041, Corn, 19, Iowa, IA, 037, Chickasaw, 003, Non-Irrigated, 2019, 210.60
0041, Corn, 19, Iowa, IA, 037, Chickasaw, 003, Non-Irrigated, 2020, 188.80
0041, Corn, 19, Iowa, IA, 037, Chickasaw, 003, Non-Irrigated, 2021, 222.20
0041, Corn, 19, Iowa, IA, 037, Chickasaw, 003, Non-Irrigated, 2022, 225.40
0041, Corn, 19, Iowa, IA, 037, Chickasaw, 003, Non-Irrigated, 2023, 195.60
0041, Corn, 19, Iowa, IA, 037, Chickasaw, 003, Non-Irrigated, 2024, 205.80
0041, Corn, 19, Iowa, IA, 039, Clarke, 003, Non-Irrigated, 2016, 168.10
0041, Corn, 19, Iowa, IA, 039, Clarke, 003, Non-Irrigated, 2017, 89.80
0041, Corn, 19, Iowa, IA, 039, Clarke, 003, Non-Irrigated, 2018, 151.90
0041, Corn, 19, Iowa, IA, 039, Clarke, 003, Non-Irrigated, 2019, 148.20
0041, Corn, 19, Iowa, IA, 039, Clarke, 003, Non-Irrigated, 2020, 158.30
0041, Corn, 19, Iowa, IA, 039, Clarke, 003, Non-Irrigated, 2021, 182.20
0041, Corn, 19, Iowa, IA, 039, Clarke, 003, Non-Irrigated, 2022, 102.80
0041, Corn, 19, Iowa, IA, 039, Clarke, 003, Non-Irrigated, 2023, 205.90
0041, Corn, 19, Iowa, IA, 039, Clarke, 003, Non-Irrigated, 2024, 192.00
0041, Corn, 19, Iowa, IA, 041, Clay, 003, Non-Irrigated, 2016, 203.80
0041, Corn, 19, Iowa, IA, 041, Clay, 003, Non-Irrigated, 2017, 205.10
0041, Corn, 19, Iowa, IA, 041, Clay, 003, Non-Irrigated, 2018, 164.20
0041, Corn, 19, Iowa, IA, 041, Clay, 003, Non-Irrigated, 2019, 177.90
0041, Corn, 19, Iowa, IA, 041, Clay, 003, Non-Irrigated, 2020, 174.30
0041, Corn, 19, Iowa, IA, 041, Clay, 003, Non-Irrigated, 2021, 208.70
0041, Corn, 19, Iowa, IA, 041, Clay, 003, Non-Irrigated, 2022, 195.50
0041, Corn, 19, Iowa, IA, 041, Clay, 003, Non-Irrigated, 2023, 219.80
0041, Corn, 19, Iowa, IA, 041, Clay, 003, Non-Irrigated, 2024, 178.40
0041, Corn, 19, Iowa, IA, 043, Clayton, 003, Non-Irrigated, 2016, 213.20
0041, Corn, 19, Iowa, IA, 043, Clayton, 003, Non-Irrigated, 2017, 208.10
0041, Corn, 19, Iowa, IA, 043, Clayton, 003, Non-Irrigated, 2018, 207.50
0041, Corn, 19, Iowa, IA, 043, Clayton, 003, Non-Irrigated, 2019, 207.00
0041, Corn, 19, Iowa, IA, 043, Clayton, 003, Non-Irrigated, 2020, 196.80
0041, Corn, 19, Iowa, IA, 043, Clayton, 003, Non-Irrigated, 2021, 214.30
0041, Corn, 19, Iowa, IA, 043, Clayton, 003, Non-Irrigated, 2022, 221.60
0041, Corn, 19, Iowa, IA, 043, Clayton, 003, Non-Irrigated, 2023, 211.80
0041, Corn, 19, Iowa, IA, 043, Clayton, 003, Non-Irrigated, 2024, 233.60
0041, Corn, 19, Iowa, IA, 045, Clinton, 003, Non-Irrigated, 2016, 221.20
0041, Corn, 19, Iowa, IA, 045, Clinton, 003, Non-Irrigated, 2017, 225.80
0041, Corn, 19, Iowa, IA, 045, Clinton, 003, Non-Irrigated, 2018, 218.20
0041, Corn, 19, Iowa, IA, 045, Clinton, 003, Non-Irrigated, 2019, 185.30
0041, Corn, 19, Iowa, IA, 045, Clinton, 003, Non-Irrigated, 2020, 182.10
0041, Corn, 19, Iowa, IA, 045, Clinton, 003, Non-Irrigated, 2021, 218.90
0041, Corn, 19, Iowa, IA, 045, Clinton, 003, Non-Irrigated, 2022, 232.20
0041, Corn, 19, Iowa, IA, 045, Clinton, 003, Non-Irrigated, 2023, 211.90
0041, Corn, 19, Iowa, IA, 045, Clinton, 003, Non-Irrigated, 2024, 246.40
0041, Corn, 19, Iowa, IA, 047, Crawford, 003, Non-Irrigated, 2016, 216.20
0041, Corn, 19, Iowa, IA, 047, Crawford, 003, Non-Irrigated, 2017, 225.10
0041, Corn, 19, Iowa, IA, 047, Crawford, 003, Non-Irrigated, 2018, 223.40
0041, Corn, 19, Iowa, IA, 047, Crawford, 003, Non-Irrigated, 2019, 229.40
0041, Corn, 19, Iowa, IA, 047, Crawford, 003, Non-Irrigated, 2020, 187.30
0041, Corn, 19, Iowa, IA, 047, Crawford, 003, Non-Irrigated, 2021, 236.10
0041, Corn, 19, Iowa, IA, 047, Crawford, 003, Non-Irrigated, 2022, 224.00
0041, Corn, 19, Iowa, IA, 047, Crawford, 003, Non-Irrigated, 2023, 189.10
0041, Corn, 19, Iowa, IA, 047, Crawford, 003, Non-Irrigated, 2024, 236.10
0041, Corn, 19, Iowa, IA, 049, Dallas, 003, Non-Irrigated, 2016, 209.30
0041, Corn, 19, Iowa, IA, 049, Dallas, 003, Non-Irrigated, 2017, 193.90
0041, Corn, 19, Iowa, IA, 049, Dallas, 003, Non-Irrigated, 2018, 186.60
0041, Corn, 19, Iowa, IA, 049, Dallas, 003, Non-Irrigated, 2019, 208.80
0041, Corn, 19, Iowa, IA, 049, Dallas, 003, Non-Irrigated, 2020, 126.30
0041, Corn, 19, Iowa, IA, 049, Dallas, 003, Non-Irrigated, 2021, 226.60
0041, Corn, 19, Iowa, IA, 049, Dallas, 003, Non-Irrigated, 2022, 193.30
0041, Corn, 19, Iowa, IA, 049, Dallas, 003, Non-Irrigated, 2023, 221.30
0041, Corn, 19, Iowa, IA, 049, Dallas, 003, Non-Irrigated, 2024, 235.30
0041, Corn, 19, Iowa, IA, 051, Davis, 003, Non-Irrigated, 2016, 189.70
0041, Corn, 19, Iowa, IA, 051, Davis, 003, Non-Irrigated, 2017, 102.70
0041, Corn, 19, Iowa, IA, 051, Davis, 003, Non-Irrigated, 2018, 151.40
0041, Corn, 19, Iowa, IA, 051, Davis, 003, Non-Irrigated, 2019, 156.40
0041, Corn, 19, Iowa, IA, 051, Davis, 003, Non-Irrigated, 2020, 152.40
0041, Corn, 19, Iowa, IA, 051, Davis, 003, Non-Irrigated, 2021, 153.60
0041, Corn, 19, Iowa, IA, 051, Davis, 003, Non-Irrigated, 2022, 152.90
0041, Corn, 19, Iowa, IA, 051, Davis, 003, Non-Irrigated, 2023, 162.40
0041, Corn, 19, Iowa, IA, 051, Davis, 003, Non-Irrigated, 2024, 207.60
0041, Corn, 19, Iowa, IA, 053, Decatur, 003, Non-Irrigated, 2016, 183.60
0041, Corn, 19, Iowa, IA, 053, Decatur, 003, Non-Irrigated, 2017, 130.40
0041, Corn, 19, Iowa, IA, 053, Decatur, 003, Non-Irrigated, 2018, 157.00
0041, Corn, 19, Iowa, IA, 053, Decatur, 003, Non-Irrigated, 2019, 144.50
0041, Corn, 19, Iowa, IA, 053, Decatur, 003, Non-Irrigated, 2020, 159.60
0041, Corn, 19, Iowa, IA, 053, Decatur, 003, Non-Irrigated, 2021, 176.20
0041, Corn, 19, Iowa, IA, 053, Decatur, 003, Non-Irrigated, 2022, 136.10
0041, Corn, 19, Iowa, IA, 053, Decatur, 003, Non-Irrigated, 2023, 196.00
0041, Corn, 19, Iowa, IA, 053, Decatur, 003, Non-Irrigated, 2024, 176.90
0041, Corn, 19, Iowa, IA, 055, Delaware, 003, Non-Irrigated, 2016, 215.90
0041, Corn, 19, Iowa, IA, 055, Delaware, 003, Non-Irrigated, 2017, 227.10
0041, Corn, 19, Iowa, IA, 055, Delaware, 003, Non-Irrigated, 2018, 225.50
0041, Corn, 19, Iowa, IA, 055, Delaware, 003, Non-Irrigated, 2019, 217.10
0041, Corn, 19, Iowa, IA, 055, Delaware, 003, Non-Irrigated, 2020, 189.20
0041, Corn, 19, Iowa, IA, 055, Delaware, 003, Non-Irrigated, 2021, 223.90
0041, Corn, 19, Iowa, IA, 055, Delaware, 003, Non-Irrigated, 2022, 236.00
0041, Corn, 19, Iowa, IA, 055, Delaware, 003, Non-Irrigated, 2023, 199.90
0041, Corn, 19, Iowa, IA, 055, Delaware, 003, Non-Irrigated, 2024, 234.90
0041, Corn, 19, Iowa, IA, 057, Des Moines, 003, Non-Irrigated, 2016, 218.20
0041, Corn, 19, Iowa, IA, 057, Des Moines, 003, Non-Irrigated, 2017, 216.40
0041, Corn, 19, Iowa, IA, 057, Des Moines, 003, Non-Irrigated, 2018, 207.00
0041, Corn, 19, Iowa, IA, 057, Des Moines, 003, Non-Irrigated, 2019, 178.60
0041, Corn, 19, Iowa, IA, 057, Des Moines, 003, Non-Irrigated, 2020, 194.80
0041, Corn, 19, Iowa, IA, 057, Des Moines, 003, Non-Irrigated, 2021, 165.10
0041, Corn, 19, Iowa, IA, 057, Des Moines, 003, Non-Irrigated, 2022, 222.60
0041, Corn, 19, Iowa, IA, 057, Des Moines, 003, Non-Irrigated, 2023, 233.00
0041, Corn, 19, Iowa, IA, 057, Des Moines, 003, Non-Irrigated, 2024, 234.00
0041, Corn, 19, Iowa, IA, 059, Dickinson, 003, Non-Irrigated, 2016, 198.90
0041, Corn, 19, Iowa, IA, 059, Dickinson, 003, Non-Irrigated, 2017, 211.70
0041, Corn, 19, Iowa, IA, 059, Dickinson, 003, Non-Irrigated, 2018, 162.50
0041, Corn, 19, Iowa, IA, 059, Dickinson, 003, Non-Irrigated, 2019, 177.60
0041, Corn, 19, Iowa, IA, 059, Dickinson, 003, Non-Irrigated, 2020, 180.40
0041, Corn, 19, Iowa, IA, 059, Dickinson, 003, Non-Irrigated, 2021, 178.00
0041, Corn, 19, Iowa, IA, 059, Dickinson, 003, Non-Irrigated, 2022, 215.30
0041, Corn, 19, Iowa, IA, 059, Dickinson, 003, Non-Irrigated, 2023, 201.50
0041, Corn, 19, Iowa, IA, 059, Dickinson, 003, Non-Irrigated, 2024, 152.90
0041, Corn, 19, Iowa, IA, 061, Dubuque, 003, Non-Irrigated, 2016, 183.60
0041, Corn, 19, Iowa, IA, 061, Dubuque, 003, Non-Irrigated, 2017, 220.70
0041, Corn, 19, Iowa, IA, 061, Dubuque, 003, Non-Irrigated, 2018, 222.20
0041, Corn, 19, Iowa, IA, 061, Dubuque, 003, Non-Irrigated, 2019, 214.50
0041, Corn, 19, Iowa, IA, 061, Dubuque, 003, Non-Irrigated, 2020, 200.40
0041, Corn, 19, Iowa, IA, 061, Dubuque, 003, Non-Irrigated, 2021, 221.50
0041, Corn, 19, Iowa, IA, 061, Dubuque, 003, Non-Irrigated, 2022, 233.70
0041, Corn, 19, Iowa, IA, 061, Dubuque, 003, Non-Irrigated, 2023, 211.40
0041, Corn, 19, Iowa, IA, 061, Dubuque, 003, Non-Irrigated, 2024, 229.10
0041, Corn, 19, Iowa, IA, 063, Emmet, 003, Non-Irrigated, 2016, 209.10
0041, Corn, 19, Iowa, IA, 063, Emmet, 003, Non-Irrigated, 2017, 219.90
0041, Corn, 19, Iowa, IA, 063, Emmet, 003, Non-Irrigated, 2018, 159.00
0041, Corn, 19, Iowa, IA, 063, Emmet, 003, Non-Irrigated, 2019, 189.50
0041, Corn, 19, Iowa, IA, 063, Emmet, 003, Non-Irrigated, 2020, 188.20
0041, Corn, 19, Iowa, IA, 063, Emmet, 003, Non-Irrigated, 2021, 181.00
0041, Corn, 19, Iowa, IA, 063, Emmet, 003, Non-Irrigated, 2022, 230.20
0041, Corn, 19, Iowa, IA, 063, Emmet, 003, Non-Irrigated, 2023, 229.60
0041, Corn, 19, Iowa, IA, 063, Emmet, 003, Non-Irrigated, 2024, 162.70
0041, Corn, 19, Iowa, IA, 065, Fayette, 003, Non-Irrigated, 2016, 211.80
0041, Corn, 19, Iowa, IA, 065, Fayette, 003, Non-Irrigated, 2017, 210.20
0041, Corn, 19, Iowa, IA, 065, Fayette, 003, Non-Irrigated, 2018, 208.10
0041, Corn, 19, Iowa, IA, 065, Fayette, 003, Non-Irrigated, 2019, 211.50
0041, Corn, 19, Iowa, IA, 065, Fayette, 003, Non-Irrigated, 2020, 187.90
0041, Corn, 19, Iowa, IA, 065, Fayette, 003, Non-Irrigated, 2021, 216.40
0041, Corn, 19, Iowa, IA, 065, Fayette, 003, Non-Irrigated, 2022, 218.80
0041, Corn, 19, Iowa, IA, 065, Fayette, 003, Non-Irrigated, 2023, 202.20
0041, Corn, 19, Iowa, IA, 065, Fayette, 003, Non-Irrigated, 2024, 208.80
0041, Corn, 19, Iowa, IA, 067, Floyd, 003, Non-Irrigated, 2016, 196.10
0041, Corn, 19, Iowa, IA, 067, Floyd, 003, Non-Irrigated, 2017, 209.30
0041, Corn, 19, Iowa, IA, 067, Floyd, 003, Non-Irrigated, 2018, 183.70
0041, Corn, 19, Iowa, IA, 067, Floyd, 003, Non-Irrigated, 2019, 202.20
0041, Corn, 19, Iowa, IA, 067, Floyd, 003, Non-Irrigated, 2020, 194.90
0041, Corn, 19, Iowa, IA, 067, Floyd, 003, Non-Irrigated, 2021, 210.20
0041, Corn, 19, Iowa, IA, 067, Floyd, 003, Non-Irrigated, 2022, 217.00
0041, Corn, 19, Iowa, IA, 067, Floyd, 003, Non-Irrigated, 2023, 192.40
0041, Corn, 19, Iowa, IA, 067, Floyd, 003, Non-Irrigated, 2024, 209.70
0041, Corn, 19, Iowa, IA, 069, Franklin, 003, Non-Irrigated, 2016, 208.10
0041, Corn, 19, Iowa, IA, 069, Franklin, 003, Non-Irrigated, 2017, 212.60
0041, Corn, 19, Iowa, IA, 069, Franklin, 003, Non-Irrigated, 2018, 207.80
0041, Corn, 19, Iowa, IA, 069, Franklin, 003, Non-Irrigated, 2019, 202.60
0041, Corn, 19, Iowa, IA, 069, Franklin, 003, Non-Irrigated, 2020, 184.00
0041, Corn, 19, Iowa, IA, 069, Franklin, 003, Non-Irrigated, 2021, 198.40
0041, Corn, 19, Iowa, IA, 069, Franklin, 003, Non-Irrigated, 2022, 222.50
0041, Corn, 19, Iowa, IA, 069, Franklin, 003, Non-Irrigated, 2023, 211.10
0041, Corn, 19, Iowa, IA, 069, Franklin, 003, Non-Irrigated, 2024, 210.70
0041, Corn, 19, Iowa, IA, 071, Fremont, 003, Non-Irrigated, 2016, 181.20
0041, Corn, 19, Iowa, IA, 071, Fremont, 003, Non-Irrigated, 2017, 202.90
0041, Corn, 19, Iowa, IA, 071, Fremont, 003, Non-Irrigated, 2018, 207.00
0041, Corn, 19, Iowa, IA, 071, Fremont, 003, Non-Irrigated, 2019, 193.00
0041, Corn, 19, Iowa, IA, 071, Fremont, 003, Non-Irrigated, 2020, 198.30
0041, Corn, 19, Iowa, IA, 071, Fremont, 003, Non-Irrigated, 2021, 219.30
0041, Corn, 19, Iowa, IA, 071, Fremont, 003, Non-Irrigated, 2022, 192.20
0041, Corn, 19, Iowa, IA, 071, Fremont, 003, Non-Irrigated, 2023, 210.70
0041, Corn, 19, Iowa, IA, 071, Fremont, 003, Non-Irrigated, 2024, 225.80
0041, Corn, 19, Iowa, IA, 073, Greene, 003, Non-Irrigated, 2016, 210.40
0041, Corn, 19, Iowa, IA, 073, Greene, 003, Non-Irrigated, 2017, 197.60
0041, Corn, 19, Iowa, IA, 073, Greene, 003, Non-Irrigated, 2018, 205.70
0041, Corn, 19, Iowa, IA, 073, Greene, 003, Non-Irrigated, 2019, 211.60
0041, Corn, 19, Iowa, IA, 073, Greene, 003, Non-Irrigated, 2020, 140.20
0041, Corn, 19, Iowa, IA, 073, Greene, 003, Non-Irrigated, 2021, 232.50
0041, Corn, 19, Iowa, IA, 073, Greene, 003, Non-Irrigated, 2022, 208.00
0041, Corn, 19, Iowa, IA, 073, Greene, 003, Non-Irrigated, 2023, 225.00
0041, Corn, 19, Iowa, IA, 073, Greene, 003, Non-Irrigated, 2024, 241.10
0041, Corn, 19, Iowa, IA, 075, Grundy, 003, Non-Irrigated, 2016, 217.40
0041, Corn, 19, Iowa, IA, 075, Grundy, 003, Non-Irrigated, 2017, 244.20
0041, Corn, 19, Iowa, IA, 075, Grundy, 003, Non-Irrigated, 2018, 239.90
0041, Corn, 19, Iowa, IA, 075, Grundy, 003, Non-Irrigated, 2019, 224.90
0041, Corn, 19, Iowa, IA, 075, Grundy, 003, Non-Irrigated, 2020, 183.50
0041, Corn, 19, Iowa, IA, 075, Grundy, 003, Non-Irrigated, 2021, 237.60
0041, Corn, 19, Iowa, IA, 075, Grundy, 003, Non-Irrigated, 2022, 236.70
0041, Corn, 19, Iowa, IA, 075, Grundy, 003, Non-Irrigated, 2023, 221.00
0041, Corn, 19, Iowa, IA, 075, Grundy, 003, Non-Irrigated, 2024, 245.30
0041, Corn, 19, Iowa, IA, 077, Guthrie, 003, Non-Irrigated, 2016, 195.00
0041, Corn, 19, Iowa, IA, 077, Guthrie, 003, Non-Irrigated, 2017, 201.80
0041, Corn, 19, Iowa, IA, 077, Guthrie, 003, Non-Irrigated, 2018, 197.00
0041, Corn, 19, Iowa, IA, 077, Guthrie, 003, Non-Irrigated, 2019, 199.30
0041, Corn, 19, Iowa, IA, 077, Guthrie, 003, Non-Irrigated, 2020, 130.60
0041, Corn, 19, Iowa, IA, 077, Guthrie, 003, Non-Irrigated, 2021, 234.00
0041, Corn, 19, Iowa, IA, 077, Guthrie, 003, Non-Irrigated, 2022, 194.20
0041, Corn, 19, Iowa, IA, 077, Guthrie, 003, Non-Irrigated, 2023, 204.90
0041, Corn, 19, Iowa, IA, 077, Guthrie, 003, Non-Irrigated, 2024, 234.00
0041, Corn, 19, Iowa, IA, 079, Hamilton, 003, Non-Irrigated, 2016, 212.50
0041, Corn, 19, Iowa, IA, 079, Hamilton, 003, Non-Irrigated, 2017, 200.90
0041, Corn, 19, Iowa, IA, 079, Hamilton, 003, Non-Irrigated, 2018, 199.70
0041, Corn, 19, Iowa, IA, 079, Hamilton, 003, Non-Irrigated, 2019, 203.00
0041, Corn, 19, Iowa, IA, 079, Hamilton, 003, Non-Irrigated, 2020, 173.20
0041, Corn, 19, Iowa, IA, 079, Hamilton, 003, Non-Irrigated, 2021, 204.80
0041, Corn, 19, Iowa, IA, 079, Hamilton, 003, Non-Irrigated, 2022, 216.80
0041, Corn, 19, Iowa, IA, 079, Hamilton, 003, Non-Irrigated, 2023, 222.40
0041, Corn, 19, Iowa, IA, 079, Hamilton, 003, Non-Irrigated, 2024, 224.20
0041, Corn, 19, Iowa, IA, 081, Hancock, 003, Non-Irrigated, 2016, 206.70
0041, Corn, 19, Iowa, IA, 081, Hancock, 003, Non-Irrigated, 2017, 200.80
0041, Corn, 19, Iowa, IA, 081, Hancock, 003, Non-Irrigated, 2018, 174.10
0041, Corn, 19, Iowa, IA, 081, Hancock, 003, Non-Irrigated, 2019, 198.50
0041, Corn, 19, Iowa, IA, 081, Hancock, 003, Non-Irrigated, 2020, 205.70
0041, Corn, 19, Iowa, IA, 081, Hancock, 003, Non-Irrigated, 2021, 216.60
0041, Corn, 19, Iowa, IA, 081, Hancock, 003, Non-Irrigated, 2022, 222.00
0041, Corn, 19, Iowa, IA, 081, Hancock, 003, Non-Irrigated, 2023, 209.80
0041, Corn, 19, Iowa, IA, 081, Hancock, 003, Non-Irrigated, 2024, 208.70
0041, Corn, 19, Iowa, IA, 083, Hardin, 003, Non-Irrigated, 2016, 211.70
0041, Corn, 19, Iowa, IA, 083, Hardin, 003, Non-Irrigated, 2017, 220.20
0041, Corn, 19, Iowa, IA, 083, Hardin, 003, Non-Irrigated, 2018, 225.80
0041, Corn, 19, Iowa, IA, 083, Hardin, 003, Non-Irrigated, 2019, 204.70
0041, Corn, 19, Iowa, IA, 083, Hardin, 003, Non-Irrigated, 2020, 154.50
0041, Corn, 19, Iowa, IA, 083, Hardin, 003, Non-Irrigated, 2021, 201.80
0041, Corn, 19, Iowa, IA, 083, Hardin, 003, Non-Irrigated, 2022, 226.40
0041, Corn, 19, Iowa, IA, 083, Hardin, 003, Non-Irrigated, 2023, 223.00
0041, Corn, 19, Iowa, IA, 083, Hardin, 003, Non-Irrigated, 2024, 220.60
0041, Corn, 19, Iowa, IA, 085, Harrison, 003, Non-Irrigated, 2016, 205.60
0041, Corn, 19, Iowa, IA, 085, Harrison, 003, Non-Irrigated, 2017, 205.30
0041, Corn, 19, Iowa, IA, 085, Harrison, 003, Non-Irrigated, 2018, 186.40
0041, Corn, 19, Iowa, IA, 085, Harrison, 003, Non-Irrigated, 2019, 208.60
0041, Corn, 19, Iowa, IA, 085, Harrison, 003, Non-Irrigated, 2020, 186.90
0041, Corn, 19, Iowa, IA, 085, Harrison, 003, Non-Irrigated, 2021, 240.40
0041, Corn, 19, Iowa, IA, 085, Harrison, 003, Non-Irrigated, 2022, 170.30
0041, Corn, 19, Iowa, IA, 085, Harrison, 003, Non-Irrigated, 2023, 189.90
0041, Corn, 19, Iowa, IA, 085, Harrison, 003, Non-Irrigated, 2024, 206.60
0041, Corn, 19, Iowa, IA, 087, Henry, 003, Non-Irrigated, 2016, 212.80
0041, Corn, 19, Iowa, IA, 087, Henry, 003, Non-Irrigated, 2017, 194.40
0041, Corn, 19, Iowa, IA, 087, Henry, 003, Non-Irrigated, 2018, 201.20
0041, Corn, 19, Iowa, IA, 087, Henry, 003, Non-Irrigated, 2019, 173.00
0041, Corn, 19, Iowa, IA, 087, Henry, 003, Non-Irrigated, 2020, 187.50
0041, Corn, 19, Iowa, IA, 087, Henry, 003, Non-Irrigated, 2021, 165.70
0041, Corn, 19, Iowa, IA, 087, Henry, 003, Non-Irrigated, 2022, 189.70
0041, Corn, 19, Iowa, IA, 087, Henry, 003, Non-Irrigated, 2023, 209.60
0041, Corn, 19, Iowa, IA, 087, Henry, 003, Non-Irrigated, 2024, 229.20
0041, Corn, 19, Iowa, IA, 089, Howard, 003, Non-Irrigated, 2016, 212.50
0041, Corn, 19, Iowa, IA, 089, Howard, 003, Non-Irrigated, 2017, 214.50
0041, Corn, 19, Iowa, IA, 089, Howard, 003, Non-Irrigated, 2018, 194.00
0041, Corn, 19, Iowa, IA, 089, Howard, 003, Non-Irrigated, 2019, 199.80
0041, Corn, 19, Iowa, IA, 089, Howard, 003, Non-Irrigated, 2020, 198.50
0041, Corn, 19, Iowa, IA, 089, Howard, 003, Non-Irrigated, 2021, 225.10
0041, Corn, 19, Iowa, IA, 089, Howard, 003, Non-Irrigated, 2022, 225.50
0041, Corn, 19, Iowa, IA, 089, Howard, 003, Non-Irrigated, 2023, 187.00
0041, Corn, 19, Iowa, IA, 089, Howard, 003, Non-Irrigated, 2024, 216.70
0041, Corn, 19, Iowa, IA, 091, Humboldt, 003, Non-Irrigated, 2016, 212.60
0041, Corn, 19, Iowa, IA, 091, Humboldt, 003, Non-Irrigated, 2017, 204.00
0041, Corn, 19, Iowa, IA, 091, Humboldt, 003, Non-Irrigated, 2018, 177.70
0041, Corn, 19, Iowa, IA, 091, Humboldt, 003, Non-Irrigated, 2019, 210.50
0041, Corn, 19, Iowa, IA, 091, Humboldt, 003, Non-Irrigated, 2020, 200.70
0041, Corn, 19, Iowa, IA, 091, Humboldt, 003, Non-Irrigated, 2021, 215.70
0041, Corn, 19, Iowa, IA, 091, Humboldt, 003, Non-Irrigated, 2022, 207.00
0041, Corn, 19, Iowa, IA, 091, Humboldt, 003, Non-Irrigated, 2023, 203.60
0041, Corn, 19, Iowa, IA, 091, Humboldt, 003, Non-Irrigated, 2024, 200.30
0041, Corn, 19, Iowa, IA, 093, Ida, 003, Non-Irrigated, 2016, 221.30
0041, Corn, 19, Iowa, IA, 093, Ida, 003, Non-Irrigated, 2017, 222.00
0041, Corn, 19, Iowa, IA, 093, Ida, 003, Non-Irrigated, 2018, 235.90
0041, Corn, 19, Iowa, IA, 093, Ida, 003, Non-Irrigated, 2019, 233.00
0041, Corn, 19, Iowa, IA, 093, Ida, 003, Non-Irrigated, 2020, 183.90
0041, Corn, 19, Iowa, IA, 093, Ida, 003, Non-Irrigated, 2021, 236.60
0041, Corn, 19, Iowa, IA, 093, Ida, 003, Non-Irrigated, 2022, 230.20
0041, Corn, 19, Iowa, IA, 093, Ida, 003, Non-Irrigated, 2023, 198.90
0041, Corn, 19, Iowa, IA, 093, Ida, 003, Non-Irrigated, 2024, 248.90
0041, Corn, 19, Iowa, IA, 095, Iowa, 003, Non-Irrigated, 2016, 212.90
0041, Corn, 19, Iowa, IA, 095, Iowa, 003, Non-Irrigated, 2017, 218.70
0041, Corn, 19, Iowa, IA, 095, Iowa, 003, Non-Irrigated, 2018, 222.80
0041, Corn, 19, Iowa, IA, 095, Iowa, 003, Non-Irrigated, 2019, 192.60
0041, Corn, 19, Iowa, IA, 095, Iowa, 003, Non-Irrigated, 2020, 142.90
0041, Corn, 19, Iowa, IA, 095, Iowa, 003, Non-Irrigated, 2021, 216.50
0041, Corn, 19, Iowa, IA, 095, Iowa, 003, Non-Irrigated, 2022, 211.40
0041, Corn, 19, Iowa, IA, 095, Iowa, 003, Non-Irrigated, 2023, 211.00
0041, Corn, 19, Iowa, IA, 095, Iowa, 003, Non-Irrigated, 2024, 231.50
0041, Corn, 19, Iowa, IA, 097, Jackson, 003, Non-Irrigated, 2016, 212.30
0041, Corn, 19, Iowa, IA, 097, Jackson, 003, Non-Irrigated, 2017, 222.00
0041, Corn, 19, Iowa, IA, 097, Jackson, 003, Non-Irrigated, 2018, 213.90
0041, Corn, 19, Iowa, IA, 097, Jackson, 003, Non-Irrigated, 2019, 188.20
0041, Corn, 19, Iowa, IA, 097, Jackson, 003, Non-Irrigated, 2020, 196.50
0041, Corn, 19, Iowa, IA, 097, Jackson, 003, Non-Irrigated, 2021, 213.60
0041, Corn, 19, Iowa, IA, 097, Jackson, 003, Non-Irrigated, 2022, 227.20
0041, Corn, 19, Iowa, IA, 097, Jackson, 003, Non-Irrigated, 2023, 202.00
0041, Corn, 19, Iowa, IA, 097, Jackson, 003, Non-Irrigated, 2024, 233.80
0041, Corn, 19, Iowa, IA, 099, Jasper, 003, Non-Irrigated, 2016, 220.90
0041, Corn, 19, Iowa, IA, 099, Jasper, 003, Non-Irrigated, 2017, 219.80
0041, Corn, 19, Iowa, IA, 099, Jasper, 003, Non-Irrigated, 2018, 225.10
0041, Corn, 19, Iowa, IA, 099, Jasper, 003, Non-Irrigated, 2019, 218.30
0041, Corn, 19, Iowa, IA, 099, Jasper, 003, Non-Irrigated, 2020, 155.10
0041, Corn, 19, Iowa, IA, 099, Jasper, 003, Non-Irrigated, 2021, 231.70
0041, Corn, 19, Iowa, IA, 099, Jasper, 003, Non-Irrigated, 2022, 208.60
0041, Corn, 19, Iowa, IA, 099, Jasper, 003, Non-Irrigated, 2023, 234.20
0041, Corn, 19, Iowa, IA, 099, Jasper, 003, Non-Irrigated, 2024, 242.00
0041, Corn, 19, Iowa, IA, 101, Jefferson, 003, Non-Irrigated, 2016, 204.20
0041, Corn, 19, Iowa, IA, 101, Jefferson, 003, Non-Irrigated, 2017, 161.00
0041, Corn, 19, Iowa, IA, 101, Jefferson, 003, Non-Irrigated, 2018, 201.60
0041, Corn, 19, Iowa, IA, 101, Jefferson, 003, Non-Irrigated, 2019, 169.90
0041, Corn, 19, Iowa, IA, 101, Jefferson, 003, Non-Irrigated, 2020, 172.70
0041, Corn, 19, Iowa, IA, 101, Jefferson, 003, Non-Irrigated, 2021, 160.20
0041, Corn, 19, Iowa, IA, 101, Jefferson, 003, Non-Irrigated, 2022, 160.00
0041, Corn, 19, Iowa, IA, 101, Jefferson, 003, Non-Irrigated, 2023, 206.20
0041, Corn, 19, Iowa, IA, 101, Jefferson, 003, Non-Irrigated, 2024, 218.80
0041, Corn, 19, Iowa, IA, 103, Johnson, 003, Non-Irrigated, 2016, 205.00
0041, Corn, 19, Iowa, IA, 103, Johnson, 003, Non-Irrigated, 2017, 223.20
0041, Corn, 19, Iowa, IA, 103, Johnson, 003, Non-Irrigated, 2018, 212.20
0041, Corn, 19, Iowa, IA, 103, Johnson, 003, Non-Irrigated, 2019, 185.00
0041, Corn, 19, Iowa, IA, 103, Johnson, 003, Non-Irrigated, 2020, 164.70
0041, Corn, 19, Iowa, IA, 103, Johnson, 003, Non-Irrigated, 2021, 212.20
0041, Corn, 19, Iowa, IA, 103, Johnson, 003, Non-Irrigated, 2022, 217.30
0041, Corn, 19, Iowa, IA, 103, Johnson, 003, Non-Irrigated, 2023, 207.20
0041, Corn, 19, Iowa, IA, 103, Johnson, 003, Non-Irrigated, 2024, 233.70
0041, Corn, 19, Iowa, IA, 105, Jones, 003, Non-Irrigated, 2016, 208.90
0041, Corn, 19, Iowa, IA, 105, Jones, 003, Non-Irrigated, 2017, 226.00
0041, Corn, 19, Iowa, IA, 105, Jones, 003, Non-Irrigated, 2018, 225.10
0041, Corn, 19, Iowa, IA, 105, Jones, 003, Non-Irrigated, 2019, 201.40
0041, Corn, 19, Iowa, IA, 105, Jones, 003, Non-Irrigated, 2020, 166.50
0041, Corn, 19, Iowa, IA, 105, Jones, 003, Non-Irrigated, 2021, 213.90
0041, Corn, 19, Iowa, IA, 105, Jones, 003, Non-Irrigated, 2022, 232.00
0041, Corn, 19, Iowa, IA, 105, Jones, 003, Non-Irrigated, 2023, 183.90
0041, Corn, 19, Iowa, IA, 105, Jones, 003, Non-Irrigated, 2024, 244.70
0041, Corn, 19, Iowa, IA, 107, Keokuk, 003, Non-Irrigated, 2016, 214.10
0041, Corn, 19, Iowa, IA, 107, Keokuk, 003, Non-Irrigated, 2017, 189.30
0041, Corn, 19, Iowa, IA, 107, Keokuk, 003, Non-Irrigated, 2018, 219.00
0041, Corn, 19, Iowa, IA, 107, Keokuk, 003, Non-Irrigated, 2019, 182.60
0041, Corn, 19, Iowa, IA, 107, Keokuk, 003, Non-Irrigated, 2020, 172.80
0041, Corn, 19, Iowa, IA, 107, Keokuk, 003, Non-Irrigated, 2021, 193.70
0041, Corn, 19, Iowa, IA, 107, Keokuk, 003, Non-Irrigated, 2022, 173.00
0041, Corn, 19, Iowa, IA, 107, Keokuk, 003, Non-Irrigated, 2023, 229.10
0041, Corn, 19, Iowa, IA, 107, Keokuk, 003, Non-Irrigated, 2024, 213.50
0041, Corn, 19, Iowa, IA, 109, Kossuth, 003, Non-Irrigated, 2016, 209.60
0041, Corn, 19, Iowa, IA, 109, Kossuth, 003, Non-Irrigated, 2017, 216.40
0041, Corn, 19, Iowa, IA, 109, Kossuth, 003, Non-Irrigated, 2018, 181.50
0041, Corn, 19, Iowa, IA, 109, Kossuth, 003, Non-Irrigated, 2019, 201.30
0041, Corn, 19, Iowa, IA, 109, Kossuth, 003, Non-Irrigated, 2020, 196.80
0041, Corn, 19, Iowa, IA, 109, Kossuth, 003, Non-Irrigated, 2021, 208.10
0041, Corn, 19, Iowa, IA, 109, Kossuth, 003, Non-Irrigated, 2022, 221.70
0041, Corn, 19, Iowa, IA, 109, Kossuth, 003, Non-Irrigated, 2023, 226.60
0041, Corn, 19, Iowa, IA, 109, Kossuth, 003, Non-Irrigated, 2024, 180.30
0041, Corn, 19, Iowa, IA, 111, Lee, 003, Non-Irrigated, 2016, 203.90
0041, Corn, 19, Iowa, IA, 111, Lee, 003, Non-Irrigated, 2017, 181.30
0041, Corn, 19, Iowa, IA, 111, Lee, 003, Non-Irrigated, 2018, 192.70
0041, Corn, 19, Iowa, IA, 111, Lee, 003, Non-Irrigated, 2019, 171.40
0041, Corn, 19, Iowa, IA, 111, Lee, 003, Non-Irrigated, 2020, 182.80
0041, Corn, 19, Iowa, IA, 111, Lee, 003, Non-Irrigated, 2021, 160.10
0041, Corn, 19, Iowa, IA, 111, Lee, 003, Non-Irrigated, 2022, 178.00
0041, Corn, 19, Iowa, IA, 111, Lee, 003, Non-Irrigated, 2023, 208.70
0041, Corn, 19, Iowa, IA, 111, Lee, 003, Non-Irrigated, 2024, 223.30
0041, Corn, 19, Iowa, IA, 113, Linn, 003, Non-Irrigated, 2016, 209.50
0041, Corn, 19, Iowa, IA, 113, Linn, 003, Non-Irrigated, 2017, 228.30
0041, Corn, 19, Iowa, IA, 113, Linn, 003, Non-Irrigated, 2018, 228.00
0041, Corn, 19, Iowa, IA, 113, Linn, 003, Non-Irrigated, 2019, 211.10
0041, Corn, 19, Iowa, IA, 113, Linn, 003, Non-Irrigated, 2020, 148.60
0041, Corn, 19, Iowa, IA, 113, Linn, 003, Non-Irrigated, 2021, 204.70
0041, Corn, 19, Iowa, IA, 113, Linn, 003, Non-Irrigated, 2022, 223.70
0041, Corn, 19, Iowa, IA, 113, Linn, 003, Non-Irrigated, 2023, 169.00
0041, Corn, 19, Iowa, IA, 113, Linn, 003, Non-Irrigated, 2024, 237.30
0041, Corn, 19, Iowa, IA, 115, Louisa, 003, Non-Irrigated, 2016, 207.10
0041, Corn, 19, Iowa, IA, 115, Louisa, 003, Non-Irrigated, 2017, 214.40
0041, Corn, 19, Iowa, IA, 115, Louisa, 003, Non-Irrigated, 2018, 198.00
0041, Corn, 19, Iowa, IA, 115, Louisa, 003, Non-Irrigated, 2019, 166.90
0041, Corn, 19, Iowa, IA, 115, Louisa, 003, Non-Irrigated, 2020, 192.60
0041, Corn, 19, Iowa, IA, 115, Louisa, 003, Non-Irrigated, 2021, 185.90
0041, Corn, 19, Iowa, IA, 115, Louisa, 003, Non-Irrigated, 2022, 208.80
0041, Corn, 19, Iowa, IA, 115, Louisa, 003, Non-Irrigated, 2023, 211.10
0041, Corn, 19, Iowa, IA, 115, Louisa, 003, Non-Irrigated, 2024, 225.30
0041, Corn, 19, Iowa, IA, 117, Lucas, 003, Non-Irrigated, 2016, 177.30
0041, Corn, 19, Iowa, IA, 117, Lucas, 003, Non-Irrigated, 2017, 120.00
0041, Corn, 19, Iowa, IA, 117, Lucas, 003, Non-Irrigated, 2018, 139.10
0041, Corn, 19, Iowa, IA, 117, Lucas, 003, Non-Irrigated, 2019, 137.70
0041, Corn, 19, Iowa, IA, 117, Lucas, 003, Non-Irrigated, 2020, 153.00
0041, Corn, 19, Iowa, IA, 117, Lucas, 003, Non-Irrigated, 2021, 166.20
0041, Corn, 19, Iowa, IA, 117, Lucas, 003, Non-Irrigated, 2022, 137.10
0041, Corn, 19, Iowa, IA, 117, Lucas, 003, Non-Irrigated, 2023, 183.20
0041, Corn, 19, Iowa, IA, 117, Lucas, 003, Non-Irrigated, 2024, 188.00
0041, Corn, 19, Iowa, IA, 119, Lyon, 003, Non-Irrigated, 2016, 212.30
0041, Corn, 19, Iowa, IA, 119, Lyon, 003, Non-Irrigated, 2017, 220.80
0041, Corn, 19, Iowa, IA, 119, Lyon, 003, Non-Irrigated, 2018, 207.50
0041, Corn, 19, Iowa, IA, 119, Lyon, 003, Non-Irrigated, 2019, 188.40
0041, Corn, 19, Iowa, IA, 119, Lyon, 003, Non-Irrigated, 2020, 205.10
0041, Corn, 19, Iowa, IA, 119, Lyon, 003, Non-Irrigated, 2021, 220.30
0041, Corn, 19, Iowa, IA, 119, Lyon, 003, Non-Irrigated, 2022, 201.30
0041, Corn, 19, Iowa, IA, 119, Lyon, 003, Non-Irrigated, 2023, 205.90
0041, Corn, 19, Iowa, IA, 119, Lyon, 003, Non-Irrigated, 2024, 210.90
0041, Corn, 19, Iowa, IA, 121, Madison, 003, Non-Irrigated, 2016, 190.60
0041, Corn, 19, Iowa, IA, 121, Madison, 003, Non-Irrigated, 2017, 171.10
0041, Corn, 19, Iowa, IA, 121, Madison, 003, Non-Irrigated, 2018, 159.60
0041, Corn, 19, Iowa, IA, 121, Madison, 003, Non-Irrigated, 2019, 180.80
0041, Corn, 19, Iowa, IA, 121, Madison, 003, Non-Irrigated, 2020, 179.40
0041, Corn, 19, Iowa, IA, 121, Madison, 003, Non-Irrigated, 2021, 205.20
0041, Corn, 19, Iowa, IA, 121, Madison, 003, Non-Irrigated, 2022, 162.30
0041, Corn, 19, Iowa, IA, 121, Madison, 003, Non-Irrigated, 2023, 207.90
0041, Corn, 19, Iowa, IA, 121, Madison, 003, Non-Irrigated, 2024, 219.30
0041, Corn, 19, Iowa, IA, 123, Mahaska, 003, Non-Irrigated, 2016, 213.70
0041, Corn, 19, Iowa, IA, 123, Mahaska, 003, Non-Irrigated, 2017, 179.50
0041, Corn, 19, Iowa, IA, 123, Mahaska, 003, Non-Irrigated, 2018, 207.20
0041, Corn, 19, Iowa, IA, 123, Mahaska, 003, Non-Irrigated, 2019, 188.00
0041, Corn, 19, Iowa, IA, 123, Mahaska, 003, Non-Irrigated, 2020, 188.60
0041, Corn, 19, Iowa, IA, 123, Mahaska, 003, Non-Irrigated, 2021, 212.20
0041, Corn, 19, Iowa, IA, 123, Mahaska, 003, Non-Irrigated, 2022, 193.60
0041, Corn, 19, Iowa, IA, 123, Mahaska, 003, Non-Irrigated, 2023, 219.50
0041, Corn, 19, Iowa, IA, 123, Mahaska, 003, Non-Irrigated, 2024, 222.30
0041, Corn, 19, Iowa, IA, 125, Marion, 003, Non-Irrigated, 2016, 202.10
0041, Corn, 19, Iowa, IA, 125, Marion, 003, Non-Irrigated, 2017, 174.30
0041, Corn, 19, Iowa, IA, 125, Marion, 003, Non-Irrigated, 2018, 185.70
0041, Corn, 19, Iowa, IA, 125, Marion, 003, Non-Irrigated, 2019, 177.20
0041, Corn, 19, Iowa, IA, 125, Marion, 003, Non-Irrigated, 2020, 181.60
0041, Corn, 19, Iowa, IA, 125, Marion, 003, Non-Irrigated, 2021, 211.20
0041, Corn, 19, Iowa, IA, 125, Marion, 003, Non-Irrigated, 2022, 178.30
0041, Corn, 19, Iowa, IA, 125, Marion, 003, Non-Irrigated, 2023, 205.90
0041, Corn, 19, Iowa, IA, 125, Marion, 003, Non-Irrigated, 2024, 223.80
0041, Corn, 19, Iowa, IA, 127, Marshall, 003, Non-Irrigated, 2016, 219.30
0041, Corn, 19, Iowa, IA, 127, Marshall, 003, Non-Irrigated, 2017, 231.40
0041, Corn, 19, Iowa, IA, 127, Marshall, 003, Non-Irrigated, 2018, 233.80
0041, Corn, 19, Iowa, IA, 127, Marshall, 003, Non-Irrigated, 2019, 219.40
0041, Corn, 19, Iowa, IA, 127, Marshall, 003, Non-Irrigated, 2020, 92.30
0041, Corn, 19, Iowa, IA, 127, Marshall, 003, Non-Irrigated, 2021, 225.10
0041, Corn, 19, Iowa, IA, 127, Marshall, 003, Non-Irrigated, 2022, 233.10
0041, Corn, 19, Iowa, IA, 127, Marshall, 003, Non-Irrigated, 2023, 231.90
0041, Corn, 19, Iowa, IA, 127, Marshall, 003, Non-Irrigated, 2024, 243.50
0041, Corn, 19, Iowa, IA, 129, Mills, 003, Non-Irrigated, 2016, 184.60
0041, Corn, 19, Iowa, IA, 129, Mills, 003, Non-Irrigated, 2017, 201.40
0041, Corn, 19, Iowa, IA, 129, Mills, 003, Non-Irrigated, 2018, 201.20
0041, Corn, 19, Iowa, IA, 129, Mills, 003, Non-Irrigated, 2019, 206.90
0041, Corn, 19, Iowa, IA, 129, Mills, 003, Non-Irrigated, 2020, 199.90
0041, Corn, 19, Iowa, IA, 129, Mills, 003, Non-Irrigated, 2021, 224.00
0041, Corn, 19, Iowa, IA, 129, Mills, 003, Non-Irrigated, 2022, 194.60
0041, Corn, 19, Iowa, IA, 129, Mills, 003, Non-Irrigated, 2023, 210.60
0041, Corn, 19, Iowa, IA, 129, Mills, 003, Non-Irrigated, 2024, 224.70
0041, Corn, 19, Iowa, IA, 131, Mitchell, 003, Non-Irrigated, 2016, 208.30
0041, Corn, 19, Iowa, IA, 131, Mitchell, 003, Non-Irrigated, 2017, 218.50
0041, Corn, 19, Iowa, IA, 131, Mitchell, 003, Non-Irrigated, 2018, 188.30
0041, Corn, 19, Iowa, IA, 131, Mitchell, 003, Non-Irrigated, 2019, 204.30
0041, Corn, 19, Iowa, IA, 131, Mitchell, 003, Non-Irrigated, 2020, 203.30
0041, Corn, 19, Iowa, IA, 131, Mitchell, 003, Non-Irrigated, 2021, 219.80
0041, Corn, 19, Iowa, IA, 131, Mitchell, 003, Non-Irrigated, 2022, 231.30
0041, Corn, 19, Iowa, IA, 131, Mitchell, 003, Non-Irrigated, 2023, 169.80
0041, Corn, 19, Iowa, IA, 131, Mitchell, 003, Non-Irrigated, 2024, 229.10
0041, Corn, 19, Iowa, IA, 133, Monona, 003, Non-Irrigated, 2016, 195.90
0041, Corn, 19, Iowa, IA, 133, Monona, 003, Non-Irrigated, 2017, 206.40
0041, Corn, 19, Iowa, IA, 133, Monona, 003, Non-Irrigated, 2018, 212.30
0041, Corn, 19, Iowa, IA, 133, Monona, 003, Non-Irrigated, 2019, 206.10
0041, Corn, 19, Iowa, IA, 133, Monona, 003, Non-Irrigated, 2020, 196.00
0041, Corn, 19, Iowa, IA, 133, Monona, 003, Non-Irrigated, 2021, 222.30
0041, Corn, 19, Iowa, IA, 133, Monona, 003, Non-Irrigated, 2022, 170.70
0041, Corn, 19, Iowa, IA, 133, Monona, 003, Non-Irrigated, 2023, 179.10
0041, Corn, 19, Iowa, IA, 133, Monona, 003, Non-Irrigated, 2024, 198.70
0041, Corn, 19, Iowa, IA, 135, Monroe, 003, Non-Irrigated, 2016, 193.60
0041, Corn, 19, Iowa, IA, 135, Monroe, 003, Non-Irrigated, 2017, 145.50
0041, Corn, 19, Iowa, IA, 135, Monroe, 003, Non-Irrigated, 2018, 151.80
0041, Corn, 19, Iowa, IA, 135, Monroe, 003, Non-Irrigated, 2019, 153.30
0041, Corn, 19, Iowa, IA, 135, Monroe, 003, Non-Irrigated, 2020, 145.00
0041, Corn, 19, Iowa, IA, 135, Monroe, 003, Non-Irrigated, 2021, 167.30
0041, Corn, 19, Iowa, IA, 135, Monroe, 003, Non-Irrigated, 2022, 148.30
0041, Corn, 19, Iowa, IA, 135, Monroe, 003, Non-Irrigated, 2023, 191.40
0041, Corn, 19, Iowa, IA, 135, Monroe, 003, Non-Irrigated, 2024, 191.60
0041, Corn, 19, Iowa, IA, 137, Montgomery, 003, Non-Irrigated, 2016, 188.70
0041, Corn, 19, Iowa, IA, 137, Montgomery, 003, Non-Irrigated, 2017, 204.10
0041, Corn, 19, Iowa, IA, 137, Montgomery, 003, Non-Irrigated, 2018, 207.80
0041, Corn, 19, Iowa, IA, 137, Montgomery, 003, Non-Irrigated, 2019, 201.00
0041, Corn, 19, Iowa, IA, 137, Montgomery, 003, Non-Irrigated, 2020, 194.70
0041, Corn, 19, Iowa, IA, 137, Montgomery, 003, Non-Irrigated, 2021, 225.60
0041, Corn, 19, Iowa, IA, 137, Montgomery, 003, Non-Irrigated, 2022, 199.60
0041, Corn, 19, Iowa, IA, 137, Montgomery, 003, Non-Irrigated, 2023, 209.10
0041, Corn, 19, Iowa, IA, 137, Montgomery, 003, Non-Irrigated, 2024, 233.30
0041, Corn, 19, Iowa, IA, 139, Muscatine, 003, Non-Irrigated, 2016, 214.20
0041, Corn, 19, Iowa, IA, 139, Muscatine, 003, Non-Irrigated, 2017, 219.10
0041, Corn, 19, Iowa, IA, 139, Muscatine, 003, Non-Irrigated, 2018, 216.40
0041, Corn, 19, Iowa, IA, 139, Muscatine, 003, Non-Irrigated, 2019, 183.50
0041, Corn, 19, Iowa, IA, 139, Muscatine, 003, Non-Irrigated, 2020, 184.90
0041, Corn, 19, Iowa, IA, 139, Muscatine, 003, Non-Irrigated, 2021, 210.40
0041, Corn, 19, Iowa, IA, 139, Muscatine, 003, Non-Irrigated, 2022, 226.10
0041, Corn, 19, Iowa, IA, 139, Muscatine, 003, Non-Irrigated, 2023, 224.10
0041, Corn, 19, Iowa, IA, 139, Muscatine, 003, Non-Irrigated, 2024, 244.20
0041, Corn, 19, Iowa, IA, 141, O Brien, 003, Non-Irrigated, 2016, 222.20
0041, Corn, 19, Iowa, IA, 141, O Brien, 003, Non-Irrigated, 2017, 223.70
0041, Corn, 19, Iowa, IA, 141, O Brien, 003, Non-Irrigated, 2018, 199.20
0041, Corn, 19, Iowa, IA, 141, O Brien, 003, Non-Irrigated, 2019, 207.30
0041, Corn, 19, Iowa, IA, 141, O Brien, 003, Non-Irrigated, 2020, 204.80
0041, Corn, 19, Iowa, IA, 141, O Brien, 003, Non-Irrigated, 2021, 227.70
0041, Corn, 19, Iowa, IA, 141, O Brien, 003, Non-Irrigated, 2022, 207.50
0041, Corn, 19, Iowa, IA, 141, O Brien, 003, Non-Irrigated, 2023, 234.00
0041, Corn, 19, Iowa, IA, 141, O Brien, 003, Non-Irrigated, 2024, 208.10
0041, Corn, 19, Iowa, IA, 143, Osceola, 003, Non-Irrigated, 2016, 210.00
0041, Corn, 19, Iowa, IA, 143, Osceola, 003, Non-Irrigated, 2017, 217.00
0041, Corn, 19, Iowa, IA, 143, Osceola, 003, Non-Irrigated, 2018, 185.00
0041, Corn, 19, Iowa, IA, 143, Osceola, 003, Non-Irrigated, 2019, 185.90
0041, Corn, 19, Iowa, IA, 143, Osceola, 003, Non-Irrigated, 2020, 195.80
0041, Corn, 19, Iowa, IA, 143, Osceola, 003, Non-Irrigated, 2021, 219.30
0041, Corn, 19, Iowa, IA, 143, Osceola, 003, Non-Irrigated, 2022, 214.20
0041, Corn, 19, Iowa, IA, 143, Osceola, 003, Non-Irrigated, 2023, 211.10
0041, Corn, 19, Iowa, IA, 143, Osceola, 003, Non-Irrigated, 2024, 188.30
0041, Corn, 19, Iowa, IA, 145, Page, 003, Non-Irrigated, 2016, 182.60
0041, Corn, 19, Iowa, IA, 145, Page, 003, Non-Irrigated, 2017, 196.50
0041, Corn, 19, Iowa, IA, 145, Page, 003, Non-Irrigated, 2018, 196.20
0041, Corn, 19, Iowa, IA, 145, Page, 003, Non-Irrigated, 2019, 183.80
0041, Corn, 19, Iowa, IA, 145, Page, 003, Non-Irrigated, 2020, 197.30
0041, Corn, 19, Iowa, IA, 145, Page, 003, Non-Irrigated, 2021, 217.00
0041, Corn, 19, Iowa, IA, 145, Page, 003, Non-Irrigated, 2022, 176.30
0041, Corn, 19, Iowa, IA, 145, Page, 003, Non-Irrigated, 2023, 212.00
0041, Corn, 19, Iowa, IA, 145, Page, 003, Non-Irrigated, 2024, 219.00
0041, Corn, 19, Iowa, IA, 147, Palo Alto, 003, Non-Irrigated, 2016, 206.00
0041, Corn, 19, Iowa, IA, 147, Palo Alto, 003, Non-Irrigated, 2017, 201.60
0041, Corn, 19, Iowa, IA, 147, Palo Alto, 003, Non-Irrigated, 2018, 161.90
0041, Corn, 19, Iowa, IA, 147, Palo Alto, 003, Non-Irrigated, 2019, 195.00
0041, Corn, 19, Iowa, IA, 147, Palo Alto, 003, Non-Irrigated, 2020, 181.70
0041, Corn, 19, Iowa, IA, 147, Palo Alto, 003, Non-Irrigated, 2021, 202.10
0041, Corn, 19, Iowa, IA, 147, Palo Alto, 003, Non-Irrigated, 2022, 204.20
0041, Corn, 19, Iowa, IA, 147, Palo Alto, 003, Non-Irrigated, 2023, 220.90
0041, Corn, 19, Iowa, IA, 147, Palo Alto, 003, Non-Irrigated, 2024, 181.50
0041, Corn, 19, Iowa, IA, 149, Plymouth, 003, Non-Irrigated, 2016, 208.90
0041, Corn, 19, Iowa, IA, 149, Plymouth, 003, Non-Irrigated, 2017, 198.90
0041, Corn, 19, Iowa, IA, 149, Plymouth, 003, Non-Irrigated, 2018, 224.70
0041, Corn, 19, Iowa, IA, 149, Plymouth, 003, Non-Irrigated, 2019, 219.90
0041, Corn, 19, Iowa, IA, 149, Plymouth, 003, Non-Irrigated, 2020, 199.60
0041, Corn, 19, Iowa, IA, 149, Plymouth, 003, Non-Irrigated, 2021, 197.90
0041, Corn, 19, Iowa, IA, 149, Plymouth, 003, Non-Irrigated, 2022, 173.30
0041, Corn, 19, Iowa, IA, 149, Plymouth, 003, Non-Irrigated, 2023, 212.20
0041, Corn, 19, Iowa, IA, 149, Plymouth, 003, Non-Irrigated, 2024, 209.50
0041, Corn, 19, Iowa, IA, 151, Pocahontas, 003, Non-Irrigated, 2016, 212.90
0041, Corn, 19, Iowa, IA, 151, Pocahontas, 003, Non-Irrigated, 2017, 193.60
0041, Corn, 19, Iowa, IA, 151, Pocahontas, 003, Non-Irrigated, 2018, 173.20
0041, Corn, 19, Iowa, IA, 151, Pocahontas, 003, Non-Irrigated, 2019, 193.00
0041, Corn, 19, Iowa, IA, 151, Pocahontas, 003, Non-Irrigated, 2020, 189.90
0041, Corn, 19, Iowa, IA, 151, Pocahontas, 003, Non-Irrigated, 2021, 222.80
0041, Corn, 19, Iowa, IA, 151, Pocahontas, 003, Non-Irrigated, 2022, 204.00
0041, Corn, 19, Iowa, IA, 151, Pocahontas, 003, Non-Irrigated, 2023, 226.60
0041, Corn, 19, Iowa, IA, 151, Pocahontas, 003, Non-Irrigated, 2024, 214.70
0041, Corn, 19, Iowa, IA, 153, Polk, 003, Non-Irrigated, 2016, 213.20
0041, Corn, 19, Iowa, IA, 153, Polk, 003, Non-Irrigated, 2017, 204.50
0041, Corn, 19, Iowa, IA, 153, Polk, 003, Non-Irrigated, 2018, 186.10
0041, Corn, 19, Iowa, IA, 153, Polk, 003, Non-Irrigated, 2019, 199.40
0041, Corn, 19, Iowa, IA, 153, Polk, 003, Non-Irrigated, 2020, 143.20
0041, Corn, 19, Iowa, IA, 153, Polk, 003, Non-Irrigated, 2021, 220.30
0041, Corn, 19, Iowa, IA, 153, Polk, 003, Non-Irrigated, 2022, 196.10
0041, Corn, 19, Iowa, IA, 153, Polk, 003, Non-Irrigated, 2023, 213.30
0041, Corn, 19, Iowa, IA, 153, Polk, 003, Non-Irrigated, 2024, 226.50
0041, Corn, 19, Iowa, IA, 155, Pottawattamie                 , 003, Non-Irrigated, 2016, 208.10
0041, Corn, 19, Iowa, IA, 155, Pottawattamie                 , 003, Non-Irrigated, 2017, 202.80
0041, Corn, 19, Iowa, IA, 155, Pottawattamie                 , 003, Non-Irrigated, 2018, 196.50
0041, Corn, 19, Iowa, IA, 155, Pottawattamie                 , 003, Non-Irrigated, 2019, 199.80
0041, Corn, 19, Iowa, IA, 155, Pottawattamie                 , 003, Non-Irrigated, 2020, 189.90
0041, Corn, 19, Iowa, IA, 155, Pottawattamie                 , 003, Non-Irrigated, 2021, 239.60
0041, Corn, 19, Iowa, IA, 155, Pottawattamie                 , 003, Non-Irrigated, 2022, 202.00
0041, Corn, 19, Iowa, IA, 155, Pottawattamie                 , 003, Non-Irrigated, 2023, 209.10
0041, Corn, 19, Iowa, IA, 155, Pottawattamie                 , 003, Non-Irrigated, 2024, 205.90
0041, Corn, 19, Iowa, IA, 157, Poweshiek, 003, Non-Irrigated, 2016, 216.50
0041, Corn, 19, Iowa, IA, 157, Poweshiek, 003, Non-Irrigated, 2017, 224.00
0041, Corn, 19, Iowa, IA, 157, Poweshiek, 003, Non-Irrigated, 2018, 224.50
0041, Corn, 19, Iowa, IA, 157, Poweshiek, 003, Non-Irrigated, 2019, 198.40
0041, Corn, 19, Iowa, IA, 157, Poweshiek, 003, Non-Irrigated, 2020, 133.30
0041, Corn, 19, Iowa, IA, 157, Poweshiek, 003, Non-Irrigated, 2021, 208.90
0041, Corn, 19, Iowa, IA, 157, Poweshiek, 003, Non-Irrigated, 2022, 199.50
0041, Corn, 19, Iowa, IA, 157, Poweshiek, 003, Non-Irrigated, 2023, 216.60
0041, Corn, 19, Iowa, IA, 157, Poweshiek, 003, Non-Irrigated, 2024, 236.80
0041, Corn, 19, Iowa, IA, 159, Ringgold, 003, Non-Irrigated, 2016, 172.50
0041, Corn, 19, Iowa, IA, 159, Ringgold, 003, Non-Irrigated, 2017, 155.10
0041, Corn, 19, Iowa, IA, 159, Ringgold, 003, Non-Irrigated, 2018, 150.80
0041, Corn, 19, Iowa, IA, 159, Ringgold, 003, Non-Irrigated, 2019, 141.10
0041, Corn, 19, Iowa, IA, 159, Ringgold, 003, Non-Irrigated, 2020, 158.40
0041, Corn, 19, Iowa, IA, 159, Ringgold, 003, Non-Irrigated, 2021, 187.60
0041, Corn, 19, Iowa, IA, 159, Ringgold, 003, Non-Irrigated, 2022, 154.40
0041, Corn, 19, Iowa, IA, 159, Ringgold, 003, Non-Irrigated, 2023, 191.40
0041, Corn, 19, Iowa, IA, 159, Ringgold, 003, Non-Irrigated, 2024, 182.10
0041, Corn, 19, Iowa, IA, 161, Sac, 003, Non-Irrigated, 2016, 222.20
0041, Corn, 19, Iowa, IA, 161, Sac, 003, Non-Irrigated, 2017, 204.90
0041, Corn, 19, Iowa, IA, 161, Sac, 003, Non-Irrigated, 2018, 225.50
0041, Corn, 19, Iowa, IA, 161, Sac, 003, Non-Irrigated, 2019, 225.50
0041, Corn, 19, Iowa, IA, 161, Sac, 003, Non-Irrigated, 2020, 166.50
0041, Corn, 19, Iowa, IA, 161, Sac, 003, Non-Irrigated, 2021, 237.20
0041, Corn, 19, Iowa, IA, 161, Sac, 003, Non-Irrigated, 2022, 227.00
0041, Corn, 19, Iowa, IA, 161, Sac, 003, Non-Irrigated, 2023, 206.60
0041, Corn, 19, Iowa, IA, 161, Sac, 003, Non-Irrigated, 2024, 240.60
0041, Corn, 19, Iowa, IA, 163, Scott, 003, Non-Irrigated, 2016, 222.00
0041, Corn, 19, Iowa, IA, 163, Scott, 003, Non-Irrigated, 2017, 229.20
0041, Corn, 19, Iowa, IA, 163, Scott, 003, Non-Irrigated, 2018, 229.00
0041, Corn, 19, Iowa, IA, 163, Scott, 003, Non-Irrigated, 2019, 196.80
0041, Corn, 19, Iowa, IA, 163, Scott, 003, Non-Irrigated, 2020, 185.80
0041, Corn, 19, Iowa, IA, 163, Scott, 003, Non-Irrigated, 2021, 220.90
0041, Corn, 19, Iowa, IA, 163, Scott, 003, Non-Irrigated, 2022, 238.10
0041, Corn, 19, Iowa, IA, 163, Scott, 003, Non-Irrigated, 2023, 226.40
0041, Corn, 19, Iowa, IA, 163, Scott, 003, Non-Irrigated, 2024, 263.90
0041, Corn, 19, Iowa, IA, 165, Shelby, 003, Non-Irrigated, 2016, 218.10
0041, Corn, 19, Iowa, IA, 165, Shelby, 003, Non-Irrigated, 2017, 226.50
0041, Corn, 19, Iowa, IA, 165, Shelby, 003, Non-Irrigated, 2018, 191.00
0041, Corn, 19, Iowa, IA, 165, Shelby, 003, Non-Irrigated, 2019, 228.80
0041, Corn, 19, Iowa, IA, 165, Shelby, 003, Non-Irrigated, 2020, 195.70
0041, Corn, 19, Iowa, IA, 165, Shelby, 003, Non-Irrigated, 2021, 251.60
0041, Corn, 19, Iowa, IA, 165, Shelby, 003, Non-Irrigated, 2022, 223.50
0041, Corn, 19, Iowa, IA, 165, Shelby, 003, Non-Irrigated, 2023, 194.50
0041, Corn, 19, Iowa, IA, 165, Shelby, 003, Non-Irrigated, 2024, 233.30
0041, Corn, 19, Iowa, IA, 167, Sioux, 003, Non-Irrigated, 2016, 220.80
0041, Corn, 19, Iowa, IA, 167, Sioux, 003, Non-Irrigated, 2017, 222.80
0041, Corn, 19, Iowa, IA, 167, Sioux, 003, Non-Irrigated, 2018, 222.20
0041, Corn, 19, Iowa, IA, 167, Sioux, 003, Non-Irrigated, 2019, 210.30
0041, Corn, 19, Iowa, IA, 167, Sioux, 003, Non-Irrigated, 2020, 204.20
0041, Corn, 19, Iowa, IA, 167, Sioux, 003, Non-Irrigated, 2021, 235.40
0041, Corn, 19, Iowa, IA, 167, Sioux, 003, Non-Irrigated, 2022, 192.50
0041, Corn, 19, Iowa, IA, 167, Sioux, 003, Non-Irrigated, 2023, 223.30
0041, Corn, 19, Iowa, IA, 167, Sioux, 003, Non-Irrigated, 2024, 225.70
0041, Corn, 19, Iowa, IA, 169, Story, 003, Non-Irrigated, 2016, 216.20
0041, Corn, 19, Iowa, IA, 169, Story, 003, Non-Irrigated, 2017, 215.80
0041, Corn, 19, Iowa, IA, 169, Story, 003, Non-Irrigated, 2018, 197.50
0041, Corn, 19, Iowa, IA, 169, Story, 003, Non-Irrigated, 2019, 209.00
0041, Corn, 19, Iowa, IA, 169, Story, 003, Non-Irrigated, 2020, 132.70
0041, Corn, 19, Iowa, IA, 169, Story, 003, Non-Irrigated, 2021, 213.30
0041, Corn, 19, Iowa, IA, 169, Story, 003, Non-Irrigated, 2022, 214.90
0041, Corn, 19, Iowa, IA, 169, Story, 003, Non-Irrigated, 2023, 229.60
0041, Corn, 19, Iowa, IA, 169, Story, 003, Non-Irrigated, 2024, 221.40
0041, Corn, 19, Iowa, IA, 171, Tama, 003, Non-Irrigated, 2016, 219.20
0041, Corn, 19, Iowa, IA, 171, Tama, 003, Non-Irrigated, 2017, 232.90
0041, Corn, 19, Iowa, IA, 171, Tama, 003, Non-Irrigated, 2018, 234.60
0041, Corn, 19, Iowa, IA, 171, Tama, 003, Non-Irrigated, 2019, 212.20
0041, Corn, 19, Iowa, IA, 171, Tama, 003, Non-Irrigated, 2020, 109.00
0041, Corn, 19, Iowa, IA, 171, Tama, 003, Non-Irrigated, 2021, 230.90
0041, Corn, 19, Iowa, IA, 171, Tama, 003, Non-Irrigated, 2022, 228.80
0041, Corn, 19, Iowa, IA, 171, Tama, 003, Non-Irrigated, 2023, 209.20
0041, Corn, 19, Iowa, IA, 171, Tama, 003, Non-Irrigated, 2024, 242.20
0041, Corn, 19, Iowa, IA, 173, Taylor, 003, Non-Irrigated, 2016, 168.60
0041, Corn, 19, Iowa, IA, 173, Taylor, 003, Non-Irrigated, 2017, 175.60
0041, Corn, 19, Iowa, IA, 173, Taylor, 003, Non-Irrigated, 2018, 172.80
0041, Corn, 19, Iowa, IA, 173, Taylor, 003, Non-Irrigated, 2019, 145.00
0041, Corn, 19, Iowa, IA, 173, Taylor, 003, Non-Irrigated, 2020, 171.00
0041, Corn, 19, Iowa, IA, 173, Taylor, 003, Non-Irrigated, 2021, 199.20
0041, Corn, 19, Iowa, IA, 173, Taylor, 003, Non-Irrigated, 2022, 171.80
0041, Corn, 19, Iowa, IA, 173, Taylor, 003, Non-Irrigated, 2023, 198.80
0041, Corn, 19, Iowa, IA, 173, Taylor, 003, Non-Irrigated, 2024, 187.70
0041, Corn, 19, Iowa, IA, 175, Union, 003, Non-Irrigated, 2016, 183.50
0041, Corn, 19, Iowa, IA, 175, Union, 003, Non-Irrigated, 2017, 134.80
0041, Corn, 19, Iowa, IA, 175, Union, 003, Non-Irrigated, 2018, 155.40
0041, Corn, 19, Iowa, IA, 175, Union, 003, Non-Irrigated, 2019, 158.60
0041, Corn, 19, Iowa, IA, 175, Union, 003, Non-Irrigated, 2020, 183.30
0041, Corn, 19, Iowa, IA, 175, Union, 003, Non-Irrigated, 2021, 205.80
0041, Corn, 19, Iowa, IA, 175, Union, 003, Non-Irrigated, 2022, 143.70
0041, Corn, 19, Iowa, IA, 175, Union, 003, Non-Irrigated, 2023, 217.90
0041, Corn, 19, Iowa, IA, 175, Union, 003, Non-Irrigated, 2024, 196.10
0041, Corn, 19, Iowa, IA, 177, Van Buren, 003, Non-Irrigated, 2016, 189.60
0041, Corn, 19, Iowa, IA, 177, Van Buren, 003, Non-Irrigated, 2017, 134.30
0041, Corn, 19, Iowa, IA, 177, Van Buren, 003, Non-Irrigated, 2018, 186.60
0041, Corn, 19, Iowa, IA, 177, Van Buren, 003, Non-Irrigated, 2019, 154.60
0041, Corn, 19, Iowa, IA, 177, Van Buren, 003, Non-Irrigated, 2020, 160.60
0041, Corn, 19, Iowa, IA, 177, Van Buren, 003, Non-Irrigated, 2021, 130.60
0041, Corn, 19, Iowa, IA, 177, Van Buren, 003, Non-Irrigated, 2022, 156.40
0041, Corn, 19, Iowa, IA, 177, Van Buren, 003, Non-Irrigated, 2023, 175.00
0041, Corn, 19, Iowa, IA, 177, Van Buren, 003, Non-Irrigated, 2024, 211.30
0041, Corn, 19, Iowa, IA, 179, Wapello, 003, Non-Irrigated, 2016, 209.60
0041, Corn, 19, Iowa, IA, 179, Wapello, 003, Non-Irrigated, 2017, 159.20
0041, Corn, 19, Iowa, IA, 179, Wapello, 003, Non-Irrigated, 2018, 197.60
0041, Corn, 19, Iowa, IA, 179, Wapello, 003, Non-Irrigated, 2019, 178.30
0041, Corn, 19, Iowa, IA, 179, Wapello, 003, Non-Irrigated, 2020, 169.30
0041, Corn, 19, Iowa, IA, 179, Wapello, 003, Non-Irrigated, 2021, 184.90
0041, Corn, 19, Iowa, IA, 179, Wapello, 003, Non-Irrigated, 2022, 170.10
0041, Corn, 19, Iowa, IA, 179, Wapello, 003, Non-Irrigated, 2023, 206.10
0041, Corn, 19, Iowa, IA, 179, Wapello, 003, Non-Irrigated, 2024, 220.50
0041, Corn, 19, Iowa, IA, 181, Warren, 003, Non-Irrigated, 2016, 185.60
0041, Corn, 19, Iowa, IA, 181, Warren, 003, Non-Irrigated, 2017, 165.70
0041, Corn, 19, Iowa, IA, 181, Warren, 003, Non-Irrigated, 2018, 158.70
0041, Corn, 19, Iowa, IA, 181, Warren, 003, Non-Irrigated, 2019, 171.40
0041, Corn, 19, Iowa, IA, 181, Warren, 003, Non-Irrigated, 2020, 175.30
0041, Corn, 19, Iowa, IA, 181, Warren, 003, Non-Irrigated, 2021, 202.10
0041, Corn, 19, Iowa, IA, 181, Warren, 003, Non-Irrigated, 2022, 160.40
0041, Corn, 19, Iowa, IA, 181, Warren, 003, Non-Irrigated, 2023, 206.80
0041, Corn, 19, Iowa, IA, 181, Warren, 003, Non-Irrigated, 2024, 212.10
0041, Corn, 19, Iowa, IA, 183, Washington, 003, Non-Irrigated, 2016, 217.70
0041, Corn, 19, Iowa, IA, 183, Washington, 003, Non-Irrigated, 2017, 225.10
0041, Corn, 19, Iowa, IA, 183, Washington, 003, Non-Irrigated, 2018, 220.10
0041, Corn, 19, Iowa, IA, 183, Washington, 003, Non-Irrigated, 2019, 189.50
0041, Corn, 19, Iowa, IA, 183, Washington, 003, Non-Irrigated, 2020, 181.00
0041, Corn, 19, Iowa, IA, 183, Washington, 003, Non-Irrigated, 2021, 203.80
0041, Corn, 19, Iowa, IA, 183, Washington, 003, Non-Irrigated, 2022, 195.60
0041, Corn, 19, Iowa, IA, 183, Washington, 003, Non-Irrigated, 2023, 221.10
0041, Corn, 19, Iowa, IA, 183, Washington, 003, Non-Irrigated, 2024, 237.00
0041, Corn, 19, Iowa, IA, 185, Wayne, 003, Non-Irrigated, 2016, 179.60
0041, Corn, 19, Iowa, IA, 185, Wayne, 003, Non-Irrigated, 2017, 129.40
0041, Corn, 19, Iowa, IA, 185, Wayne, 003, Non-Irrigated, 2018, 167.20
0041, Corn, 19, Iowa, IA, 185, Wayne, 003, Non-Irrigated, 2019, 150.10
0041, Corn, 19, Iowa, IA, 185, Wayne, 003, Non-Irrigated, 2020, 171.00
0041, Corn, 19, Iowa, IA, 185, Wayne, 003, Non-Irrigated, 2021, 177.00
0041, Corn, 19, Iowa, IA, 185, Wayne, 003, Non-Irrigated, 2022, 150.40
0041, Corn, 19, Iowa, IA, 185, Wayne, 003, Non-Irrigated, 2023, 197.40
0041, Corn, 19, Iowa, IA, 185, Wayne, 003, Non-Irrigated, 2024, 184.70
0041, Corn, 19, Iowa, IA, 187, Webster, 003, Non-Irrigated, 2016, 210.20
0041, Corn, 19, Iowa, IA, 187, Webster, 003, Non-Irrigated, 2017, 201.00
0041, Corn, 19, Iowa, IA, 187, Webster, 003, Non-Irrigated, 2018, 189.20
0041, Corn, 19, Iowa, IA, 187, Webster, 003, Non-Irrigated, 2019, 205.20
0041, Corn, 19, Iowa, IA, 187, Webster, 003, Non-Irrigated, 2020, 176.30
0041, Corn, 19, Iowa, IA, 187, Webster, 003, Non-Irrigated, 2021, 224.60
0041, Corn, 19, Iowa, IA, 187, Webster, 003, Non-Irrigated, 2022, 203.40
0041, Corn, 19, Iowa, IA, 187, Webster, 003, Non-Irrigated, 2023, 222.20
0041, Corn, 19, Iowa, IA, 187, Webster, 003, Non-Irrigated, 2024, 225.90
0041, Corn, 19, Iowa, IA, 189, Winnebago, 003, Non-Irrigated, 2016, 204.60
0041, Corn, 19, Iowa, IA, 189, Winnebago, 003, Non-Irrigated, 2017, 213.20
0041, Corn, 19, Iowa, IA, 189, Winnebago, 003, Non-Irrigated, 2018, 173.60
0041, Corn, 19, Iowa, IA, 189, Winnebago, 003, Non-Irrigated, 2019, 197.50
0041, Corn, 19, Iowa, IA, 189, Winnebago, 003, Non-Irrigated, 2020, 217.20
0041, Corn, 19, Iowa, IA, 189, Winnebago, 003, Non-Irrigated, 2021, 210.00
0041, Corn, 19, Iowa, IA, 189, Winnebago, 003, Non-Irrigated, 2022, 223.30
0041, Corn, 19, Iowa, IA, 189, Winnebago, 003, Non-Irrigated, 2023, 222.50
0041, Corn, 19, Iowa, IA, 189, Winnebago, 003, Non-Irrigated, 2024, 184.30
0041, Corn, 19, Iowa, IA, 191, Winneshiek, 003, Non-Irrigated, 2016, 212.50
0041, Corn, 19, Iowa, IA, 191, Winneshiek, 003, Non-Irrigated, 2017, 201.80
0041, Corn, 19, Iowa, IA, 191, Winneshiek, 003, Non-Irrigated, 2018, 192.70
0041, Corn, 19, Iowa, IA, 191, Winneshiek, 003, Non-Irrigated, 2019, 200.60
0041, Corn, 19, Iowa, IA, 191, Winneshiek, 003, Non-Irrigated, 2020, 183.50
0041, Corn, 19, Iowa, IA, 191, Winneshiek, 003, Non-Irrigated, 2021, 214.80
0041, Corn, 19, Iowa, IA, 191, Winneshiek, 003, Non-Irrigated, 2022, 212.80
0041, Corn, 19, Iowa, IA, 191, Winneshiek, 003, Non-Irrigated, 2023, 203.70
0041, Corn, 19, Iowa, IA, 191, Winneshiek, 003, Non-Irrigated, 2024, 228.60
0041, Corn, 19, Iowa, IA, 193, Woodbury, 003, Non-Irrigated, 2016, 200.40
0041, Corn, 19, Iowa, IA, 193, Woodbury, 003, Non-Irrigated, 2017, 197.20
0041, Corn, 19, Iowa, IA, 193, Woodbury, 003, Non-Irrigated, 2018, 218.90
0041, Corn, 19, Iowa, IA, 193, Woodbury, 003, Non-Irrigated, 2019, 216.50
0041, Corn, 19, Iowa, IA, 193, Woodbury, 003, Non-Irrigated, 2020, 195.00
0041, Corn, 19, Iowa, IA, 193, Woodbury, 003, Non-Irrigated, 2021, 212.50
0041, Corn, 19, Iowa, IA, 193, Woodbury, 003, Non-Irrigated, 2022, 192.10
0041, Corn, 19, Iowa, IA, 193, Woodbury, 003, Non-Irrigated, 2023, 149.00
0041, Corn, 19, Iowa, IA, 193, Woodbury, 003, Non-Irrigated, 2024, 210.70
0041, Corn, 19, Iowa, IA, 195, Worth, 003, Non-Irrigated, 2016, 192.80
0041, Corn, 19, Iowa, IA, 195, Worth, 003, Non-Irrigated, 2017, 214.20
0041, Corn, 19, Iowa, IA, 195, Worth, 003, Non-Irrigated, 2018, 186.00
0041, Corn, 19, Iowa, IA, 195, Worth, 003, Non-Irrigated, 2019, 202.20
0041, Corn, 19, Iowa, IA, 195, Worth, 003, Non-Irrigated, 2020, 211.30
0041, Corn, 19, Iowa, IA, 195, Worth, 003, Non-Irrigated, 2021, 210.10
0041, Corn, 19, Iowa, IA, 195, Worth, 003, Non-Irrigated, 2022, 225.00
0041, Corn, 19, Iowa, IA, 195, Worth, 003, Non-Irrigated, 2023, 197.30
0041, Corn, 19, Iowa, IA, 195, Worth, 003, Non-Irrigated, 2024, 199.50
0041, Corn, 19, Iowa, IA, 197, Wright, 003, Non-Irrigated, 2016, 202.40
0041, Corn, 19, Iowa, IA, 197, Wright, 003, Non-Irrigated, 2017, 209.40
0041, Corn, 19, Iowa, IA, 197, Wright, 003, Non-Irrigated, 2018, 181.30
0041, Corn, 19, Iowa, IA, 197, Wright, 003, Non-Irrigated, 2019, 199.40
0041, Corn, 19, Iowa, IA, 197, Wright, 003, Non-Irrigated, 2020, 178.00
0041, Corn, 19, Iowa, IA, 197, Wright, 003, Non-Irrigated, 2021, 202.70
0041, Corn, 19, Iowa, IA, 197, Wright, 003, Non-Irrigated, 2022, 223.10
0041, Corn, 19, Iowa, IA, 197, Wright, 003, Non-Irrigated, 2023, 204.70
0041, Corn, 19, Iowa, IA, 197, Wright, 003, Non-Irrigated, 2024, 198.90
0081, Soybeans, 17, Illinois, IL, 001, Adams, 003, Non-Irrigated, 2016, 61.10
0081, Soybeans, 17, Illinois, IL, 001, Adams, 003, Non-Irrigated, 2017, 59.50
0081, Soybeans, 17, Illinois, IL, 001, Adams, 003, Non-Irrigated, 2018, 63.20
0081, Soybeans, 17, Illinois, IL, 001, Adams, 003, Non-Irrigated, 2019, 55.50
0081, Soybeans, 17, Illinois, IL, 001, Adams, 003, Non-Irrigated, 2020, 58.80
0081, Soybeans, 17, Illinois, IL, 001, Adams, 003, Non-Irrigated, 2021, 63.90
0081, Soybeans, 17, Illinois, IL, 001, Adams, 003, Non-Irrigated, 2022, 61.00
0081, Soybeans, 17, Illinois, IL, 001, Adams, 003, Non-Irrigated, 2023, 61.50
0081, Soybeans, 17, Illinois, IL, 001, Adams, 003, Non-Irrigated, 2024, 65.30
0081, Soybeans, 17, Illinois, IL, 003, Alexander, 003, Non-Irrigated, 2016, 42.80
0081, Soybeans, 17, Illinois, IL, 003, Alexander, 003, Non-Irrigated, 2017, 44.10
0081, Soybeans, 17, Illinois, IL, 003, Alexander, 003, Non-Irrigated, 2018, 49.20
0081, Soybeans, 17, Illinois, IL, 003, Alexander, 003, Non-Irrigated, 2019, 30.70
0081, Soybeans, 17, Illinois, IL, 003, Alexander, 003, Non-Irrigated, 2020, 50.60
0081, Soybeans, 17, Illinois, IL, 003, Alexander, 003, Non-Irrigated, 2021, 57.70
0081, Soybeans, 17, Illinois, IL, 003, Alexander, 003, Non-Irrigated, 2022, 49.60
0081, Soybeans, 17, Illinois, IL, 003, Alexander, 003, Non-Irrigated, 2023, 49.50
0081, Soybeans, 17, Illinois, IL, 003, Alexander, 003, Non-Irrigated, 2024, 49.30
0081, Soybeans, 17, Illinois, IL, 005, Bond, 003, Non-Irrigated, 2016, 55.70
0081, Soybeans, 17, Illinois, IL, 005, Bond, 003, Non-Irrigated, 2017, 57.40
0081, Soybeans, 17, Illinois, IL, 005, Bond, 003, Non-Irrigated, 2018, 63.70
0081, Soybeans, 17, Illinois, IL, 005, Bond, 003, Non-Irrigated, 2019, 50.00
0081, Soybeans, 17, Illinois, IL, 005, Bond, 003, Non-Irrigated, 2020, 54.80
0081, Soybeans, 17, Illinois, IL, 005, Bond, 003, Non-Irrigated, 2021, 62.70
0081, Soybeans, 17, Illinois, IL, 005, Bond, 003, Non-Irrigated, 2022, 57.10
0081, Soybeans, 17, Illinois, IL, 005, Bond, 003, Non-Irrigated, 2023, 58.20
0081, Soybeans, 17, Illinois, IL, 005, Bond, 003, Non-Irrigated, 2024, 48.80
0081, Soybeans, 17, Illinois, IL, 007, Boone, 003, Non-Irrigated, 2016, 64.10
0081, Soybeans, 17, Illinois, IL, 007, Boone, 003, Non-Irrigated, 2017, 46.30
0081, Soybeans, 17, Illinois, IL, 007, Boone, 003, Non-Irrigated, 2018, 64.10
0081, Soybeans, 17, Illinois, IL, 007, Boone, 003, Non-Irrigated, 2019, 54.10
0081, Soybeans, 17, Illinois, IL, 007, Boone, 003, Non-Irrigated, 2020, 55.10
0081, Soybeans, 17, Illinois, IL, 007, Boone, 003, Non-Irrigated, 2021, 63.50
0081, Soybeans, 17, Illinois, IL, 007, Boone, 003, Non-Irrigated, 2022, 63.00
0081, Soybeans, 17, Illinois, IL, 007, Boone, 003, Non-Irrigated, 2023, 61.80
0081, Soybeans, 17, Illinois, IL, 007, Boone, 003, Non-Irrigated, 2024, 57.80
0081, Soybeans, 17, Illinois, IL, 009, Brown, 003, Non-Irrigated, 2016, 57.00
0081, Soybeans, 17, Illinois, IL, 009, Brown, 003, Non-Irrigated, 2017, 59.50
0081, Soybeans, 17, Illinois, IL, 009, Brown, 003, Non-Irrigated, 2018, 65.60
0081, Soybeans, 17, Illinois, IL, 009, Brown, 003, Non-Irrigated, 2019, 57.10
0081, Soybeans, 17, Illinois, IL, 009, Brown, 003, Non-Irrigated, 2020, 60.90
0081, Soybeans, 17, Illinois, IL, 009, Brown, 003, Non-Irrigated, 2021, 60.50
0081, Soybeans, 17, Illinois, IL, 009, Brown, 003, Non-Irrigated, 2022, 62.50
0081, Soybeans, 17, Illinois, IL, 009, Brown, 003, Non-Irrigated, 2023, 64.50
0081, Soybeans, 17, Illinois, IL, 009, Brown, 003, Non-Irrigated, 2024, 69.10
0081, Soybeans, 17, Illinois, IL, 011, Bureau, 003, Non-Irrigated, 2016, 66.80
0081, Soybeans, 17, Illinois, IL, 011, Bureau, 003, Non-Irrigated, 2017, 63.80
0081, Soybeans, 17, Illinois, IL, 011, Bureau, 003, Non-Irrigated, 2018, 70.20
0081, Soybeans, 17, Illinois, IL, 011, Bureau, 003, Non-Irrigated, 2019, 60.20
0081, Soybeans, 17, Illinois, IL, 011, Bureau, 003, Non-Irrigated, 2020, 63.40
0081, Soybeans, 17, Illinois, IL, 011, Bureau, 003, Non-Irrigated, 2021, 68.10
0081, Soybeans, 17, Illinois, IL, 011, Bureau, 003, Non-Irrigated, 2022, 69.00
0081, Soybeans, 17, Illinois, IL, 011, Bureau, 003, Non-Irrigated, 2023, 67.70
0081, Soybeans, 17, Illinois, IL, 011, Bureau, 003, Non-Irrigated, 2024, 72.60
0081, Soybeans, 17, Illinois, IL, 013, Calhoun, 003, Non-Irrigated, 2016, 53.50
0081, Soybeans, 17, Illinois, IL, 013, Calhoun, 003, Non-Irrigated, 2017, 50.70
0081, Soybeans, 17, Illinois, IL, 013, Calhoun, 003, Non-Irrigated, 2018, 50.50
0081, Soybeans, 17, Illinois, IL, 013, Calhoun, 003, Non-Irrigated, 2019, 45.00
0081, Soybeans, 17, Illinois, IL, 013, Calhoun, 003, Non-Irrigated, 2020, 46.60
0081, Soybeans, 17, Illinois, IL, 013, Calhoun, 003, Non-Irrigated, 2021, 50.20
0081, Soybeans, 17, Illinois, IL, 013, Calhoun, 003, Non-Irrigated, 2022, 51.00
0081, Soybeans, 17, Illinois, IL, 013, Calhoun, 003, Non-Irrigated, 2023, 51.20
0081, Soybeans, 17, Illinois, IL, 013, Calhoun, 003, Non-Irrigated, 2024, 51.30
0081, Soybeans, 17, Illinois, IL, 015, Carroll, 003, Non-Irrigated, 2016, 70.90
0081, Soybeans, 17, Illinois, IL, 015, Carroll, 003, Non-Irrigated, 2017, 64.40
0081, Soybeans, 17, Illinois, IL, 015, Carroll, 003, Non-Irrigated, 2018, 71.50
0081, Soybeans, 17, Illinois, IL, 015, Carroll, 003, Non-Irrigated, 2019, 66.60
0081, Soybeans, 17, Illinois, IL, 015, Carroll, 003, Non-Irrigated, 2020, 66.30
0081, Soybeans, 17, Illinois, IL, 015, Carroll, 003, Non-Irrigated, 2021, 69.30
0081, Soybeans, 17, Illinois, IL, 015, Carroll, 003, Non-Irrigated, 2022, 66.80
0081, Soybeans, 17, Illinois, IL, 015, Carroll, 003, Non-Irrigated, 2023, 71.70
0081, Soybeans, 17, Illinois, IL, 015, Carroll, 003, Non-Irrigated, 2024, 72.10
0081, Soybeans, 17, Illinois, IL, 017, Cass, 003, Non-Irrigated, 2016, 63.90
0081, Soybeans, 17, Illinois, IL, 017, Cass, 003, Non-Irrigated, 2017, 60.50
0081, Soybeans, 17, Illinois, IL, 017, Cass, 003, Non-Irrigated, 2018, 69.30
0081, Soybeans, 17, Illinois, IL, 017, Cass, 003, Non-Irrigated, 2019, 60.80
0081, Soybeans, 17, Illinois, IL, 017, Cass, 003, Non-Irrigated, 2020, 62.70
0081, Soybeans, 17, Illinois, IL, 017, Cass, 003, Non-Irrigated, 2021, 67.80
0081, Soybeans, 17, Illinois, IL, 017, Cass, 003, Non-Irrigated, 2022, 67.00
0081, Soybeans, 17, Illinois, IL, 017, Cass, 003, Non-Irrigated, 2023, 66.60
0081, Soybeans, 17, Illinois, IL, 017, Cass, 003, Non-Irrigated, 2024, 71.60
0081, Soybeans, 17, Illinois, IL, 019, Champaign, 003, Non-Irrigated, 2016, 69.60
0081, Soybeans, 17, Illinois, IL, 019, Champaign, 003, Non-Irrigated, 2017, 65.30
0081, Soybeans, 17, Illinois, IL, 019, Champaign, 003, Non-Irrigated, 2018, 73.90
0081, Soybeans, 17, Illinois, IL, 019, Champaign, 003, Non-Irrigated, 2019, 57.20
0081, Soybeans, 17, Illinois, IL, 019, Champaign, 003, Non-Irrigated, 2020, 64.70
0081, Soybeans, 17, Illinois, IL, 019, Champaign, 003, Non-Irrigated, 2021, 72.90
0081, Soybeans, 17, Illinois, IL, 019, Champaign, 003, Non-Irrigated, 2022, 70.10
0081, Soybeans, 17, Illinois, IL, 019, Champaign, 003, Non-Irrigated, 2023, 72.90
0081, Soybeans, 17, Illinois, IL, 019, Champaign, 003, Non-Irrigated, 2024, 74.70
0081, Soybeans, 17, Illinois, IL, 021, Christian, 003, Non-Irrigated, 2016, 68.40
0081, Soybeans, 17, Illinois, IL, 021, Christian, 003, Non-Irrigated, 2017, 68.80
0081, Soybeans, 17, Illinois, IL, 021, Christian, 003, Non-Irrigated, 2018, 79.20
0081, Soybeans, 17, Illinois, IL, 021, Christian, 003, Non-Irrigated, 2019, 63.50
0081, Soybeans, 17, Illinois, IL, 021, Christian, 003, Non-Irrigated, 2020, 68.00
0081, Soybeans, 17, Illinois, IL, 021, Christian, 003, Non-Irrigated, 2021, 73.40
0081, Soybeans, 17, Illinois, IL, 021, Christian, 003, Non-Irrigated, 2022, 72.30
0081, Soybeans, 17, Illinois, IL, 021, Christian, 003, Non-Irrigated, 2023, 72.70
0081, Soybeans, 17, Illinois, IL, 021, Christian, 003, Non-Irrigated, 2024, 75.00
0081, Soybeans, 17, Illinois, IL, 023, Clark, 003, Non-Irrigated, 2016, 60.60
0081, Soybeans, 17, Illinois, IL, 023, Clark, 003, Non-Irrigated, 2017, 55.90
0081, Soybeans, 17, Illinois, IL, 023, Clark, 003, Non-Irrigated, 2018, 63.90
0081, Soybeans, 17, Illinois, IL, 023, Clark, 003, Non-Irrigated, 2019, 50.30
0081, Soybeans, 17, Illinois, IL, 023, Clark, 003, Non-Irrigated, 2020, 54.90
0081, Soybeans, 17, Illinois, IL, 023, Clark, 003, Non-Irrigated, 2021, 66.40
0081, Soybeans, 17, Illinois, IL, 023, Clark, 003, Non-Irrigated, 2022, 63.90
0081, Soybeans, 17, Illinois, IL, 023, Clark, 003, Non-Irrigated, 2023, 64.30
0081, Soybeans, 17, Illinois, IL, 023, Clark, 003, Non-Irrigated, 2024, 63.00
0081, Soybeans, 17, Illinois, IL, 025, Clay, 003, Non-Irrigated, 2016, 53.50
0081, Soybeans, 17, Illinois, IL, 025, Clay, 003, Non-Irrigated, 2017, 43.50
0081, Soybeans, 17, Illinois, IL, 025, Clay, 003, Non-Irrigated, 2018, 57.30
0081, Soybeans, 17, Illinois, IL, 025, Clay, 003, Non-Irrigated, 2019, 43.10
0081, Soybeans, 17, Illinois, IL, 025, Clay, 003, Non-Irrigated, 2020, 50.40
0081, Soybeans, 17, Illinois, IL, 025, Clay, 003, Non-Irrigated, 2021, 60.90
0081, Soybeans, 17, Illinois, IL, 025, Clay, 003, Non-Irrigated, 2022, 48.30
0081, Soybeans, 17, Illinois, IL, 025, Clay, 003, Non-Irrigated, 2023, 53.30
0081, Soybeans, 17, Illinois, IL, 025, Clay, 003, Non-Irrigated, 2024, 46.60
0081, Soybeans, 17, Illinois, IL, 027, Clinton, 003, Non-Irrigated, 2016, 56.00
0081, Soybeans, 17, Illinois, IL, 027, Clinton, 003, Non-Irrigated, 2017, 50.30
0081, Soybeans, 17, Illinois, IL, 027, Clinton, 003, Non-Irrigated, 2018, 62.90
0081, Soybeans, 17, Illinois, IL, 027, Clinton, 003, Non-Irrigated, 2019, 52.10
0081, Soybeans, 17, Illinois, IL, 027, Clinton, 003, Non-Irrigated, 2020, 51.80
0081, Soybeans, 17, Illinois, IL, 027, Clinton, 003, Non-Irrigated, 2021, 63.70
0081, Soybeans, 17, Illinois, IL, 027, Clinton, 003, Non-Irrigated, 2022, 55.40
0081, Soybeans, 17, Illinois, IL, 027, Clinton, 003, Non-Irrigated, 2023, 51.00
0081, Soybeans, 17, Illinois, IL, 027, Clinton, 003, Non-Irrigated, 2024, 49.50
0081, Soybeans, 17, Illinois, IL, 029, Coles, 003, Non-Irrigated, 2016, 69.10
0081, Soybeans, 17, Illinois, IL, 029, Coles, 003, Non-Irrigated, 2017, 65.60
0081, Soybeans, 17, Illinois, IL, 029, Coles, 003, Non-Irrigated, 2018, 75.20
0081, Soybeans, 17, Illinois, IL, 029, Coles, 003, Non-Irrigated, 2019, 57.40
0081, Soybeans, 17, Illinois, IL, 029, Coles, 003, Non-Irrigated, 2020, 64.70
0081, Soybeans, 17, Illinois, IL, 029, Coles, 003, Non-Irrigated, 2021, 71.70
0081, Soybeans, 17, Illinois, IL, 029, Coles, 003, Non-Irrigated, 2022, 71.70
0081, Soybeans, 17, Illinois, IL, 029, Coles, 003, Non-Irrigated, 2023, 73.20
0081, Soybeans, 17, Illinois, IL, 029, Coles, 003, Non-Irrigated, 2024, 71.70
0081, Soybeans, 17, Illinois, IL, 033, Crawford, 003, Non-Irrigated, 2016, 57.00
0081, Soybeans, 17, Illinois, IL, 033, Crawford, 003, Non-Irrigated, 2017, 54.00
0081, Soybeans, 17, Illinois, IL, 033, Crawford, 003, Non-Irrigated, 2018, 57.60
0081, Soybeans, 17, Illinois, IL, 033, Crawford, 003, Non-Irrigated, 2019, 48.80
0081, Soybeans, 17, Illinois, IL, 033, Crawford, 003, Non-Irrigated, 2020, 54.10
0081, Soybeans, 17, Illinois, IL, 033, Crawford, 003, Non-Irrigated, 2021, 63.10
0081, Soybeans, 17, Illinois, IL, 033, Crawford, 003, Non-Irrigated, 2022, 58.90
0081, Soybeans, 17, Illinois, IL, 033, Crawford, 003, Non-Irrigated, 2023, 61.90
0081, Soybeans, 17, Illinois, IL, 033, Crawford, 003, Non-Irrigated, 2024, 55.90
0081, Soybeans, 17, Illinois, IL, 035, Cumberland, 003, Non-Irrigated, 2016, 61.60
0081, Soybeans, 17, Illinois, IL, 035, Cumberland, 003, Non-Irrigated, 2017, 53.80
0081, Soybeans, 17, Illinois, IL, 035, Cumberland, 003, Non-Irrigated, 2018, 67.10
0081, Soybeans, 17, Illinois, IL, 035, Cumberland, 003, Non-Irrigated, 2019, 52.90
0081, Soybeans, 17, Illinois, IL, 035, Cumberland, 003, Non-Irrigated, 2020, 54.10
0081, Soybeans, 17, Illinois, IL, 035, Cumberland, 003, Non-Irrigated, 2021, 64.90
0081, Soybeans, 17, Illinois, IL, 035, Cumberland, 003, Non-Irrigated, 2022, 62.30
0081, Soybeans, 17, Illinois, IL, 035, Cumberland, 003, Non-Irrigated, 2023, 63.90
0081, Soybeans, 17, Illinois, IL, 035, Cumberland, 003, Non-Irrigated, 2024, 64.70
0081, Soybeans, 17, Illinois, IL, 037, DeKalb, 003, Non-Irrigated, 2016, 68.30
0081, Soybeans, 17, Illinois, IL, 037, DeKalb, 003, Non-Irrigated, 2017, 57.90
0081, Soybeans, 17, Illinois, IL, 037, DeKalb, 003, Non-Irrigated, 2018, 67.30
0081, Soybeans, 17, Illinois, IL, 037, DeKalb, 003, Non-Irrigated, 2019, 57.40
0081, Soybeans, 17, Illinois, IL, 037, DeKalb, 003, Non-Irrigated, 2020, 57.60
0081, Soybeans, 17, Illinois, IL, 037, DeKalb, 003, Non-Irrigated, 2021, 65.70
0081, Soybeans, 17, Illinois, IL, 037, DeKalb, 003, Non-Irrigated, 2022, 64.90
0081, Soybeans, 17, Illinois, IL, 037, DeKalb, 003, Non-Irrigated, 2023, 64.60
0081, Soybeans, 17, Illinois, IL, 037, DeKalb, 003, Non-Irrigated, 2024, 67.00
0081, Soybeans, 17, Illinois, IL, 039, De Witt, 003, Non-Irrigated, 2016, 66.50
0081, Soybeans, 17, Illinois, IL, 039, De Witt, 003, Non-Irrigated, 2017, 67.90
0081, Soybeans, 17, Illinois, IL, 039, De Witt, 003, Non-Irrigated, 2018, 76.60
0081, Soybeans, 17, Illinois, IL, 039, De Witt, 003, Non-Irrigated, 2019, 65.20
0081, Soybeans, 17, Illinois, IL, 039, De Witt, 003, Non-Irrigated, 2020, 67.30
0081, Soybeans, 17, Illinois, IL, 039, De Witt, 003, Non-Irrigated, 2021, 72.60
0081, Soybeans, 17, Illinois, IL, 039, De Witt, 003, Non-Irrigated, 2022, 71.60
0081, Soybeans, 17, Illinois, IL, 039, De Witt, 003, Non-Irrigated, 2023, 76.60
0081, Soybeans, 17, Illinois, IL, 039, De Witt, 003, Non-Irrigated, 2024, 75.90
0081, Soybeans, 17, Illinois, IL, 041, Douglas, 003, Non-Irrigated, 2016, 70.00
0081, Soybeans, 17, Illinois, IL, 041, Douglas, 003, Non-Irrigated, 2017, 62.70
0081, Soybeans, 17, Illinois, IL, 041, Douglas, 003, Non-Irrigated, 2018, 76.50
0081, Soybeans, 17, Illinois, IL, 041, Douglas, 003, Non-Irrigated, 2019, 62.60
0081, Soybeans, 17, Illinois, IL, 041, Douglas, 003, Non-Irrigated, 2020, 65.10
0081, Soybeans, 17, Illinois, IL, 041, Douglas, 003, Non-Irrigated, 2021, 74.30
0081, Soybeans, 17, Illinois, IL, 041, Douglas, 003, Non-Irrigated, 2022, 70.80
0081, Soybeans, 17, Illinois, IL, 041, Douglas, 003, Non-Irrigated, 2023, 75.00
0081, Soybeans, 17, Illinois, IL, 041, Douglas, 003, Non-Irrigated, 2024, 72.20
0081, Soybeans, 17, Illinois, IL, 045, Edgar, 003, Non-Irrigated, 2016, 68.20
0081, Soybeans, 17, Illinois, IL, 045, Edgar, 003, Non-Irrigated, 2017, 63.90
0081, Soybeans, 17, Illinois, IL, 045, Edgar, 003, Non-Irrigated, 2018, 70.70
0081, Soybeans, 17, Illinois, IL, 045, Edgar, 003, Non-Irrigated, 2019, 62.80
0081, Soybeans, 17, Illinois, IL, 045, Edgar, 003, Non-Irrigated, 2020, 64.00
0081, Soybeans, 17, Illinois, IL, 045, Edgar, 003, Non-Irrigated, 2021, 71.00
0081, Soybeans, 17, Illinois, IL, 045, Edgar, 003, Non-Irrigated, 2022, 72.00
0081, Soybeans, 17, Illinois, IL, 045, Edgar, 003, Non-Irrigated, 2023, 73.60
0081, Soybeans, 17, Illinois, IL, 045, Edgar, 003, Non-Irrigated, 2024, 70.60
0081, Soybeans, 17, Illinois, IL, 047, Edwards, 003, Non-Irrigated, 2016, 51.20
0081, Soybeans, 17, Illinois, IL, 047, Edwards, 003, Non-Irrigated, 2017, 53.80
0081, Soybeans, 17, Illinois, IL, 047, Edwards, 003, Non-Irrigated, 2018, 50.90
0081, Soybeans, 17, Illinois, IL, 047, Edwards, 003, Non-Irrigated, 2019, 44.30
0081, Soybeans, 17, Illinois, IL, 047, Edwards, 003, Non-Irrigated, 2020, 53.40
0081, Soybeans, 17, Illinois, IL, 047, Edwards, 003, Non-Irrigated, 2021, 58.10
0081, Soybeans, 17, Illinois, IL, 047, Edwards, 003, Non-Irrigated, 2022, 52.30
0081, Soybeans, 17, Illinois, IL, 047, Edwards, 003, Non-Irrigated, 2023, 54.30
0081, Soybeans, 17, Illinois, IL, 047, Edwards, 003, Non-Irrigated, 2024, 52.10
0081, Soybeans, 17, Illinois, IL, 049, Effingham, 003, Non-Irrigated, 2016, 60.40
0081, Soybeans, 17, Illinois, IL, 049, Effingham, 003, Non-Irrigated, 2017, 53.60
0081, Soybeans, 17, Illinois, IL, 049, Effingham, 003, Non-Irrigated, 2018, 67.80
0081, Soybeans, 17, Illinois, IL, 049, Effingham, 003, Non-Irrigated, 2019, 54.70
0081, Soybeans, 17, Illinois, IL, 049, Effingham, 003, Non-Irrigated, 2020, 55.80
0081, Soybeans, 17, Illinois, IL, 049, Effingham, 003, Non-Irrigated, 2021, 65.20
0081, Soybeans, 17, Illinois, IL, 049, Effingham, 003, Non-Irrigated, 2022, 58.30
0081, Soybeans, 17, Illinois, IL, 049, Effingham, 003, Non-Irrigated, 2023, 57.40
0081, Soybeans, 17, Illinois, IL, 049, Effingham, 003, Non-Irrigated, 2024, 56.80
0081, Soybeans, 17, Illinois, IL, 051, Fayette, 003, Non-Irrigated, 2016, 54.80
0081, Soybeans, 17, Illinois, IL, 051, Fayette, 003, Non-Irrigated, 2017, 53.00
0081, Soybeans, 17, Illinois, IL, 051, Fayette, 003, Non-Irrigated, 2018, 61.50
0081, Soybeans, 17, Illinois, IL, 051, Fayette, 003, Non-Irrigated, 2019, 51.60
0081, Soybeans, 17, Illinois, IL, 051, Fayette, 003, Non-Irrigated, 2020, 51.60
0081, Soybeans, 17, Illinois, IL, 051, Fayette, 003, Non-Irrigated, 2021, 59.00
0081, Soybeans, 17, Illinois, IL, 051, Fayette, 003, Non-Irrigated, 2022, 53.70
0081, Soybeans, 17, Illinois, IL, 051, Fayette, 003, Non-Irrigated, 2023, 53.60
0081, Soybeans, 17, Illinois, IL, 051, Fayette, 003, Non-Irrigated, 2024, 52.80
0081, Soybeans, 17, Illinois, IL, 053, Ford, 003, Non-Irrigated, 2016, 62.90
0081, Soybeans, 17, Illinois, IL, 053, Ford, 003, Non-Irrigated, 2017, 61.50
0081, Soybeans, 17, Illinois, IL, 053, Ford, 003, Non-Irrigated, 2018, 60.30
0081, Soybeans, 17, Illinois, IL, 053, Ford, 003, Non-Irrigated, 2019, 51.30
0081, Soybeans, 17, Illinois, IL, 053, Ford, 003, Non-Irrigated, 2020, 57.70
0081, Soybeans, 17, Illinois, IL, 053, Ford, 003, Non-Irrigated, 2021, 63.00
0081, Soybeans, 17, Illinois, IL, 053, Ford, 003, Non-Irrigated, 2022, 66.10
0081, Soybeans, 17, Illinois, IL, 053, Ford, 003, Non-Irrigated, 2023, 68.30
0081, Soybeans, 17, Illinois, IL, 053, Ford, 003, Non-Irrigated, 2024, 65.00
0081, Soybeans, 17, Illinois, IL, 055, Franklin, 003, Non-Irrigated, 2016, 44.70
0081, Soybeans, 17, Illinois, IL, 055, Franklin, 003, Non-Irrigated, 2017, 47.40
0081, Soybeans, 17, Illinois, IL, 055, Franklin, 003, Non-Irrigated, 2018, 50.10
0081, Soybeans, 17, Illinois, IL, 055, Franklin, 003, Non-Irrigated, 2019, 34.30
0081, Soybeans, 17, Illinois, IL, 055, Franklin, 003, Non-Irrigated, 2020, 48.20
0081, Soybeans, 17, Illinois, IL, 055, Franklin, 003, Non-Irrigated, 2021, 49.30
0081, Soybeans, 17, Illinois, IL, 055, Franklin, 003, Non-Irrigated, 2022, 47.50
0081, Soybeans, 17, Illinois, IL, 055, Franklin, 003, Non-Irrigated, 2023, 48.60
0081, Soybeans, 17, Illinois, IL, 055, Franklin, 003, Non-Irrigated, 2024, 45.70
0081, Soybeans, 17, Illinois, IL, 057, Fulton, 003, Non-Irrigated, 2016, 63.00
0081, Soybeans, 17, Illinois, IL, 057, Fulton, 003, Non-Irrigated, 2017, 63.30
0081, Soybeans, 17, Illinois, IL, 057, Fulton, 003, Non-Irrigated, 2018, 65.90
0081, Soybeans, 17, Illinois, IL, 057, Fulton, 003, Non-Irrigated, 2019, 56.60
0081, Soybeans, 17, Illinois, IL, 057, Fulton, 003, Non-Irrigated, 2020, 60.70
0081, Soybeans, 17, Illinois, IL, 057, Fulton, 003, Non-Irrigated, 2021, 65.60
0081, Soybeans, 17, Illinois, IL, 057, Fulton, 003, Non-Irrigated, 2022, 64.90
0081, Soybeans, 17, Illinois, IL, 057, Fulton, 003, Non-Irrigated, 2023, 66.20
0081, Soybeans, 17, Illinois, IL, 057, Fulton, 003, Non-Irrigated, 2024, 66.00
0081, Soybeans, 17, Illinois, IL, 059, Gallatin, 002, Irrigated, 2016, 56.10
0081, Soybeans, 17, Illinois, IL, 059, Gallatin, 002, Irrigated, 2017, 62.90
0081, Soybeans, 17, Illinois, IL, 059, Gallatin, 002, Irrigated, 2018, 55.70
0081, Soybeans, 17, Illinois, IL, 059, Gallatin, 002, Irrigated, 2019, 34.70
0081, Soybeans, 17, Illinois, IL, 059, Gallatin, 002, Irrigated, 2020, 58.70
0081, Soybeans, 17, Illinois, IL, 059, Gallatin, 002, Irrigated, 2021, 68.50
0081, Soybeans, 17, Illinois, IL, 059, Gallatin, 002, Irrigated, 2022, 61.60
0081, Soybeans, 17, Illinois, IL, 059, Gallatin, 002, Irrigated, 2023, 66.30
0081, Soybeans, 17, Illinois, IL, 059, Gallatin, 002, Irrigated, 2024, 63.00
0081, Soybeans, 17, Illinois, IL, 059, Gallatin, 003, Non-Irrigated, 2016, 49.20
0081, Soybeans, 17, Illinois, IL, 059, Gallatin, 003, Non-Irrigated, 2017, 57.30
0081, Soybeans, 17, Illinois, IL, 059, Gallatin, 003, Non-Irrigated, 2018, 51.40
0081, Soybeans, 17, Illinois, IL, 059, Gallatin, 003, Non-Irrigated, 2019, 46.50
0081, Soybeans, 17, Illinois, IL, 059, Gallatin, 003, Non-Irrigated, 2020, 60.70
0081, Soybeans, 17, Illinois, IL, 059, Gallatin, 003, Non-Irrigated, 2021, 65.60
0081, Soybeans, 17, Illinois, IL, 059, Gallatin, 003, Non-Irrigated, 2022, 53.50
0081, Soybeans, 17, Illinois, IL, 059, Gallatin, 003, Non-Irrigated, 2023, 55.30
0081, Soybeans, 17, Illinois, IL, 059, Gallatin, 003, Non-Irrigated, 2024, 52.50
0081, Soybeans, 17, Illinois, IL, 061, Greene, 003, Non-Irrigated, 2016, 63.30
0081, Soybeans, 17, Illinois, IL, 061, Greene, 003, Non-Irrigated, 2017, 63.30
0081, Soybeans, 17, Illinois, IL, 061, Greene, 003, Non-Irrigated, 2018, 69.40
0081, Soybeans, 17, Illinois, IL, 061, Greene, 003, Non-Irrigated, 2019, 62.90
0081, Soybeans, 17, Illinois, IL, 061, Greene, 003, Non-Irrigated, 2020, 66.70
0081, Soybeans, 17, Illinois, IL, 061, Greene, 003, Non-Irrigated, 2021, 66.30
0081, Soybeans, 17, Illinois, IL, 061, Greene, 003, Non-Irrigated, 2022, 66.80
0081, Soybeans, 17, Illinois, IL, 061, Greene, 003, Non-Irrigated, 2023, 67.60
0081, Soybeans, 17, Illinois, IL, 061, Greene, 003, Non-Irrigated, 2024, 68.80
0081, Soybeans, 17, Illinois, IL, 063, Grundy, 003, Non-Irrigated, 2016, 59.40
0081, Soybeans, 17, Illinois, IL, 063, Grundy, 003, Non-Irrigated, 2017, 56.40
0081, Soybeans, 17, Illinois, IL, 063, Grundy, 003, Non-Irrigated, 2018, 63.30
0081, Soybeans, 17, Illinois, IL, 063, Grundy, 003, Non-Irrigated, 2019, 53.40
0081, Soybeans, 17, Illinois, IL, 063, Grundy, 003, Non-Irrigated, 2020, 55.50
0081, Soybeans, 17, Illinois, IL, 063, Grundy, 003, Non-Irrigated, 2021, 61.70
0081, Soybeans, 17, Illinois, IL, 063, Grundy, 003, Non-Irrigated, 2022, 65.30
0081, Soybeans, 17, Illinois, IL, 063, Grundy, 003, Non-Irrigated, 2023, 64.00
0081, Soybeans, 17, Illinois, IL, 063, Grundy, 003, Non-Irrigated, 2024, 64.40
0081, Soybeans, 17, Illinois, IL, 065, Hamilton, 003, Non-Irrigated, 2016, 46.30
0081, Soybeans, 17, Illinois, IL, 065, Hamilton, 003, Non-Irrigated, 2017, 51.40
0081, Soybeans, 17, Illinois, IL, 065, Hamilton, 003, Non-Irrigated, 2018, 50.10
0081, Soybeans, 17, Illinois, IL, 065, Hamilton, 003, Non-Irrigated, 2019, 41.60
0081, Soybeans, 17, Illinois, IL, 065, Hamilton, 003, Non-Irrigated, 2020, 52.90
0081, Soybeans, 17, Illinois, IL, 065, Hamilton, 003, Non-Irrigated, 2021, 57.20
0081, Soybeans, 17, Illinois, IL, 065, Hamilton, 003, Non-Irrigated, 2022, 53.60
0081, Soybeans, 17, Illinois, IL, 065, Hamilton, 003, Non-Irrigated, 2023, 54.10
0081, Soybeans, 17, Illinois, IL, 065, Hamilton, 003, Non-Irrigated, 2024, 52.90
0081, Soybeans, 17, Illinois, IL, 067, Hancock, 003, Non-Irrigated, 2016, 64.80
0081, Soybeans, 17, Illinois, IL, 067, Hancock, 003, Non-Irrigated, 2017, 66.20
0081, Soybeans, 17, Illinois, IL, 067, Hancock, 003, Non-Irrigated, 2018, 68.60
0081, Soybeans, 17, Illinois, IL, 067, Hancock, 003, Non-Irrigated, 2019, 62.20
0081, Soybeans, 17, Illinois, IL, 067, Hancock, 003, Non-Irrigated, 2020, 64.10
0081, Soybeans, 17, Illinois, IL, 067, Hancock, 003, Non-Irrigated, 2021, 67.30
0081, Soybeans, 17, Illinois, IL, 067, Hancock, 003, Non-Irrigated, 2022, 63.30
0081, Soybeans, 17, Illinois, IL, 067, Hancock, 003, Non-Irrigated, 2023, 66.80
0081, Soybeans, 17, Illinois, IL, 067, Hancock, 003, Non-Irrigated, 2024, 71.00
0081, Soybeans, 17, Illinois, IL, 071, Henderson, 003, Non-Irrigated, 2016, 60.30
0081, Soybeans, 17, Illinois, IL, 071, Henderson, 003, Non-Irrigated, 2017, 61.70
0081, Soybeans, 17, Illinois, IL, 071, Henderson, 003, Non-Irrigated, 2018, 64.80
0081, Soybeans, 17, Illinois, IL, 071, Henderson, 003, Non-Irrigated, 2019, 59.10
0081, Soybeans, 17, Illinois, IL, 071, Henderson, 003, Non-Irrigated, 2020, 60.80
0081, Soybeans, 17, Illinois, IL, 071, Henderson, 003, Non-Irrigated, 2021, 65.80
0081, Soybeans, 17, Illinois, IL, 071, Henderson, 003, Non-Irrigated, 2022, 67.10
0081, Soybeans, 17, Illinois, IL, 071, Henderson, 003, Non-Irrigated, 2023, 66.50
0081, Soybeans, 17, Illinois, IL, 071, Henderson, 003, Non-Irrigated, 2024, 68.20
0081, Soybeans, 17, Illinois, IL, 073, Henry, 003, Non-Irrigated, 2016, 63.20
0081, Soybeans, 17, Illinois, IL, 073, Henry, 003, Non-Irrigated, 2017, 61.10
0081, Soybeans, 17, Illinois, IL, 073, Henry, 003, Non-Irrigated, 2018, 66.50
0081, Soybeans, 17, Illinois, IL, 073, Henry, 003, Non-Irrigated, 2019, 56.40
0081, Soybeans, 17, Illinois, IL, 073, Henry, 003, Non-Irrigated, 2020, 59.70
0081, Soybeans, 17, Illinois, IL, 073, Henry, 003, Non-Irrigated, 2021, 65.10
0081, Soybeans, 17, Illinois, IL, 073, Henry, 003, Non-Irrigated, 2022, 66.00
0081, Soybeans, 17, Illinois, IL, 073, Henry, 003, Non-Irrigated, 2023, 66.20
0081, Soybeans, 17, Illinois, IL, 073, Henry, 003, Non-Irrigated, 2024, 68.30
0081, Soybeans, 17, Illinois, IL, 075, Iroquois, 003, Non-Irrigated, 2016, 59.40
0081, Soybeans, 17, Illinois, IL, 075, Iroquois, 003, Non-Irrigated, 2017, 56.10
0081, Soybeans, 17, Illinois, IL, 075, Iroquois, 003, Non-Irrigated, 2018, 58.80
0081, Soybeans, 17, Illinois, IL, 075, Iroquois, 003, Non-Irrigated, 2019, 48.60
0081, Soybeans, 17, Illinois, IL, 075, Iroquois, 003, Non-Irrigated, 2020, 59.30
0081, Soybeans, 17, Illinois, IL, 075, Iroquois, 003, Non-Irrigated, 2021, 58.80
0081, Soybeans, 17, Illinois, IL, 075, Iroquois, 003, Non-Irrigated, 2022, 65.30
0081, Soybeans, 17, Illinois, IL, 075, Iroquois, 003, Non-Irrigated, 2023, 64.80
0081, Soybeans, 17, Illinois, IL, 075, Iroquois, 003, Non-Irrigated, 2024, 64.70
0081, Soybeans, 17, Illinois, IL, 077, Jackson, 003, Non-Irrigated, 2016, 46.10
0081, Soybeans, 17, Illinois, IL, 077, Jackson, 003, Non-Irrigated, 2017, 52.00
0081, Soybeans, 17, Illinois, IL, 077, Jackson, 003, Non-Irrigated, 2018, 51.70
0081, Soybeans, 17, Illinois, IL, 077, Jackson, 003, Non-Irrigated, 2019, 39.20
0081, Soybeans, 17, Illinois, IL, 077, Jackson, 003, Non-Irrigated, 2020, 53.20
0081, Soybeans, 17, Illinois, IL, 077, Jackson, 003, Non-Irrigated, 2021, 51.20
0081, Soybeans, 17, Illinois, IL, 077, Jackson, 003, Non-Irrigated, 2022, 48.40
0081, Soybeans, 17, Illinois, IL, 077, Jackson, 003, Non-Irrigated, 2023, 52.40
0081, Soybeans, 17, Illinois, IL, 077, Jackson, 003, Non-Irrigated, 2024, 49.10
0081, Soybeans, 17, Illinois, IL, 079, Jasper, 003, Non-Irrigated, 2016, 58.60
0081, Soybeans, 17, Illinois, IL, 079, Jasper, 003, Non-Irrigated, 2017, 53.10
0081, Soybeans, 17, Illinois, IL, 079, Jasper, 003, Non-Irrigated, 2018, 62.90
0081, Soybeans, 17, Illinois, IL, 079, Jasper, 003, Non-Irrigated, 2019, 50.80
0081, Soybeans, 17, Illinois, IL, 079, Jasper, 003, Non-Irrigated, 2020, 51.60
0081, Soybeans, 17, Illinois, IL, 079, Jasper, 003, Non-Irrigated, 2021, 63.40
0081, Soybeans, 17, Illinois, IL, 079, Jasper, 003, Non-Irrigated, 2022, 57.00
0081, Soybeans, 17, Illinois, IL, 079, Jasper, 003, Non-Irrigated, 2023, 61.60
0081, Soybeans, 17, Illinois, IL, 079, Jasper, 003, Non-Irrigated, 2024, 54.00
0081, Soybeans, 17, Illinois, IL, 081, Jefferson, 003, Non-Irrigated, 2016, 47.20
0081, Soybeans, 17, Illinois, IL, 081, Jefferson, 003, Non-Irrigated, 2017, 42.70
0081, Soybeans, 17, Illinois, IL, 081, Jefferson, 003, Non-Irrigated, 2018, 50.50
0081, Soybeans, 17, Illinois, IL, 081, Jefferson, 003, Non-Irrigated, 2019, 38.00
0081, Soybeans, 17, Illinois, IL, 081, Jefferson, 003, Non-Irrigated, 2020, 44.40
0081, Soybeans, 17, Illinois, IL, 081, Jefferson, 003, Non-Irrigated, 2021, 52.90
0081, Soybeans, 17, Illinois, IL, 081, Jefferson, 003, Non-Irrigated, 2022, 47.80
0081, Soybeans, 17, Illinois, IL, 081, Jefferson, 003, Non-Irrigated, 2023, 47.00
0081, Soybeans, 17, Illinois, IL, 081, Jefferson, 003, Non-Irrigated, 2024, 45.70
0081, Soybeans, 17, Illinois, IL, 083, Jersey, 003, Non-Irrigated, 2016, 62.00
0081, Soybeans, 17, Illinois, IL, 083, Jersey, 003, Non-Irrigated, 2017, 61.90
0081, Soybeans, 17, Illinois, IL, 083, Jersey, 003, Non-Irrigated, 2018, 67.90
0081, Soybeans, 17, Illinois, IL, 083, Jersey, 003, Non-Irrigated, 2019, 61.80
0081, Soybeans, 17, Illinois, IL, 083, Jersey, 003, Non-Irrigated, 2020, 65.50
0081, Soybeans, 17, Illinois, IL, 083, Jersey, 003, Non-Irrigated, 2021, 67.50
0081, Soybeans, 17, Illinois, IL, 083, Jersey, 003, Non-Irrigated, 2022, 62.80
0081, Soybeans, 17, Illinois, IL, 083, Jersey, 003, Non-Irrigated, 2023, 67.00
0081, Soybeans, 17, Illinois, IL, 083, Jersey, 003, Non-Irrigated, 2024, 63.90
0081, Soybeans, 17, Illinois, IL, 085, Jo Daviess, 003, Non-Irrigated, 2016, 62.00
0081, Soybeans, 17, Illinois, IL, 085, Jo Daviess, 003, Non-Irrigated, 2017, 53.10
0081, Soybeans, 17, Illinois, IL, 085, Jo Daviess, 003, Non-Irrigated, 2018, 60.60
0081, Soybeans, 17, Illinois, IL, 085, Jo Daviess, 003, Non-Irrigated, 2019, 53.90
0081, Soybeans, 17, Illinois, IL, 085, Jo Daviess, 003, Non-Irrigated, 2020, 58.30
0081, Soybeans, 17, Illinois, IL, 085, Jo Daviess, 003, Non-Irrigated, 2021, 63.00
0081, Soybeans, 17, Illinois, IL, 085, Jo Daviess, 003, Non-Irrigated, 2022, 62.50
0081, Soybeans, 17, Illinois, IL, 085, Jo Daviess, 003, Non-Irrigated, 2023, 61.10
0081, Soybeans, 17, Illinois, IL, 085, Jo Daviess, 003, Non-Irrigated, 2024, 58.40
0081, Soybeans, 17, Illinois, IL, 087, Johnson, 003, Non-Irrigated, 2016, 39.00
0081, Soybeans, 17, Illinois, IL, 087, Johnson, 003, Non-Irrigated, 2017, 42.90
0081, Soybeans, 17, Illinois, IL, 087, Johnson, 003, Non-Irrigated, 2018, 41.00
0081, Soybeans, 17, Illinois, IL, 087, Johnson, 003, Non-Irrigated, 2019, 31.00
0081, Soybeans, 17, Illinois, IL, 087, Johnson, 003, Non-Irrigated, 2020, 42.40
0081, Soybeans, 17, Illinois, IL, 087, Johnson, 003, Non-Irrigated, 2021, 42.60
0081, Soybeans, 17, Illinois, IL, 087, Johnson, 003, Non-Irrigated, 2022, 43.70
0081, Soybeans, 17, Illinois, IL, 087, Johnson, 003, Non-Irrigated, 2023, 46.20
0081, Soybeans, 17, Illinois, IL, 087, Johnson, 003, Non-Irrigated, 2024, 38.00
0081, Soybeans, 17, Illinois, IL, 089, Kane, 003, Non-Irrigated, 2016, 66.70
0081, Soybeans, 17, Illinois, IL, 089, Kane, 003, Non-Irrigated, 2017, 54.30
0081, Soybeans, 17, Illinois, IL, 089, Kane, 003, Non-Irrigated, 2018, 60.40
0081, Soybeans, 17, Illinois, IL, 089, Kane, 003, Non-Irrigated, 2019, 53.00
0081, Soybeans, 17, Illinois, IL, 089, Kane, 003, Non-Irrigated, 2020, 52.20
0081, Soybeans, 17, Illinois, IL, 089, Kane, 003, Non-Irrigated, 2021, 64.80
0081, Soybeans, 17, Illinois, IL, 089, Kane, 003, Non-Irrigated, 2022, 62.50
0081, Soybeans, 17, Illinois, IL, 089, Kane, 003, Non-Irrigated, 2023, 58.70
0081, Soybeans, 17, Illinois, IL, 089, Kane, 003, Non-Irrigated, 2024, 61.50
0081, Soybeans, 17, Illinois, IL, 091, Kankakee, 003, Non-Irrigated, 2016, 56.80
0081, Soybeans, 17, Illinois, IL, 091, Kankakee, 003, Non-Irrigated, 2017, 53.30
0081, Soybeans, 17, Illinois, IL, 091, Kankakee, 003, Non-Irrigated, 2018, 54.40
0081, Soybeans, 17, Illinois, IL, 091, Kankakee, 003, Non-Irrigated, 2019, 52.00
0081, Soybeans, 17, Illinois, IL, 091, Kankakee, 003, Non-Irrigated, 2020, 53.90
0081, Soybeans, 17, Illinois, IL, 091, Kankakee, 003, Non-Irrigated, 2021, 59.20
0081, Soybeans, 17, Illinois, IL, 091, Kankakee, 003, Non-Irrigated, 2022, 58.10
0081, Soybeans, 17, Illinois, IL, 091, Kankakee, 003, Non-Irrigated, 2023, 61.00
0081, Soybeans, 17, Illinois, IL, 091, Kankakee, 003, Non-Irrigated, 2024, 60.50
0081, Soybeans, 17, Illinois, IL, 093, Kendall, 003, Non-Irrigated, 2016, 63.90
0081, Soybeans, 17, Illinois, IL, 093, Kendall, 003, Non-Irrigated, 2017, 57.30
0081, Soybeans, 17, Illinois, IL, 093, Kendall, 003, Non-Irrigated, 2018, 61.50
0081, Soybeans, 17, Illinois, IL, 093, Kendall, 003, Non-Irrigated, 2019, 51.50
0081, Soybeans, 17, Illinois, IL, 093, Kendall, 003, Non-Irrigated, 2020, 53.00
0081, Soybeans, 17, Illinois, IL, 093, Kendall, 003, Non-Irrigated, 2021, 61.60
0081, Soybeans, 17, Illinois, IL, 093, Kendall, 003, Non-Irrigated, 2022, 62.50
0081, Soybeans, 17, Illinois, IL, 093, Kendall, 003, Non-Irrigated, 2023, 64.20
0081, Soybeans, 17, Illinois, IL, 093, Kendall, 003, Non-Irrigated, 2024, 64.30
0081, Soybeans, 17, Illinois, IL, 095, Knox, 003, Non-Irrigated, 2016, 65.10
0081, Soybeans, 17, Illinois, IL, 095, Knox, 003, Non-Irrigated, 2017, 64.60
0081, Soybeans, 17, Illinois, IL, 095, Knox, 003, Non-Irrigated, 2018, 66.40
0081, Soybeans, 17, Illinois, IL, 095, Knox, 003, Non-Irrigated, 2019, 56.50
0081, Soybeans, 17, Illinois, IL, 095, Knox, 003, Non-Irrigated, 2020, 62.00
0081, Soybeans, 17, Illinois, IL, 095, Knox, 003, Non-Irrigated, 2021, 65.20
0081, Soybeans, 17, Illinois, IL, 095, Knox, 003, Non-Irrigated, 2022, 66.70
0081, Soybeans, 17, Illinois, IL, 095, Knox, 003, Non-Irrigated, 2023, 68.70
0081, Soybeans, 17, Illinois, IL, 095, Knox, 003, Non-Irrigated, 2024, 68.40
0081, Soybeans, 17, Illinois, IL, 097, Lake, 003, Non-Irrigated, 2016, 54.00
0081, Soybeans, 17, Illinois, IL, 097, Lake, 003, Non-Irrigated, 2017, 34.20
0081, Soybeans, 17, Illinois, IL, 097, Lake, 003, Non-Irrigated, 2018, 50.20
0081, Soybeans, 17, Illinois, IL, 097, Lake, 003, Non-Irrigated, 2019, 39.90
0081, Soybeans, 17, Illinois, IL, 097, Lake, 003, Non-Irrigated, 2020, 42.00
0081, Soybeans, 17, Illinois, IL, 097, Lake, 003, Non-Irrigated, 2021, 48.90
0081, Soybeans, 17, Illinois, IL, 097, Lake, 003, Non-Irrigated, 2022, 49.60
0081, Soybeans, 17, Illinois, IL, 097, Lake, 003, Non-Irrigated, 2023, 51.20
0081, Soybeans, 17, Illinois, IL, 097, Lake, 003, Non-Irrigated, 2024, 35.90
0081, Soybeans, 17, Illinois, IL, 099, LaSalle, 003, Non-Irrigated, 2016, 63.90
0081, Soybeans, 17, Illinois, IL, 099, LaSalle, 003, Non-Irrigated, 2017, 60.90
0081, Soybeans, 17, Illinois, IL, 099, LaSalle, 003, Non-Irrigated, 2018, 67.20
0081, Soybeans, 17, Illinois, IL, 099, LaSalle, 003, Non-Irrigated, 2019, 55.80
0081, Soybeans, 17, Illinois, IL, 099, LaSalle, 003, Non-Irrigated, 2020, 60.00
0081, Soybeans, 17, Illinois, IL, 099, LaSalle, 003, Non-Irrigated, 2021, 65.50
0081, Soybeans, 17, Illinois, IL, 099, LaSalle, 003, Non-Irrigated, 2022, 66.70
0081, Soybeans, 17, Illinois, IL, 099, LaSalle, 003, Non-Irrigated, 2023, 68.20
0081, Soybeans, 17, Illinois, IL, 099, LaSalle, 003, Non-Irrigated, 2024, 70.50
0081, Soybeans, 17, Illinois, IL, 101, Lawrence, 002, Irrigated, 2016, 56.70
0081, Soybeans, 17, Illinois, IL, 101, Lawrence, 002, Irrigated, 2017, 58.70
0081, Soybeans, 17, Illinois, IL, 101, Lawrence, 002, Irrigated, 2018, 56.80
0081, Soybeans, 17, Illinois, IL, 101, Lawrence, 002, Irrigated, 2019, 55.80
0081, Soybeans, 17, Illinois, IL, 101, Lawrence, 002, Irrigated, 2020, 65.30
0081, Soybeans, 17, Illinois, IL, 101, Lawrence, 002, Irrigated, 2021, 65.70
0081, Soybeans, 17, Illinois, IL, 101, Lawrence, 002, Irrigated, 2022, 57.00
0081, Soybeans, 17, Illinois, IL, 101, Lawrence, 002, Irrigated, 2023, 60.00
0081, Soybeans, 17, Illinois, IL, 101, Lawrence, 002, Irrigated, 2024, 58.80
0081, Soybeans, 17, Illinois, IL, 101, Lawrence, 003, Non-Irrigated, 2016, 54.80
0081, Soybeans, 17, Illinois, IL, 101, Lawrence, 003, Non-Irrigated, 2017, 51.20
0081, Soybeans, 17, Illinois, IL, 101, Lawrence, 003, Non-Irrigated, 2018, 52.20
0081, Soybeans, 17, Illinois, IL, 101, Lawrence, 003, Non-Irrigated, 2019, 48.40
0081, Soybeans, 17, Illinois, IL, 101, Lawrence, 003, Non-Irrigated, 2020, 54.60
0081, Soybeans, 17, Illinois, IL, 101, Lawrence, 003, Non-Irrigated, 2021, 59.30
0081, Soybeans, 17, Illinois, IL, 101, Lawrence, 003, Non-Irrigated, 2022, 51.80
0081, Soybeans, 17, Illinois, IL, 101, Lawrence, 003, Non-Irrigated, 2023, 60.30
0081, Soybeans, 17, Illinois, IL, 101, Lawrence, 003, Non-Irrigated, 2024, 52.40
0081, Soybeans, 17, Illinois, IL, 103, Lee, 003, Non-Irrigated, 2016, 66.80
0081, Soybeans, 17, Illinois, IL, 103, Lee, 003, Non-Irrigated, 2017, 59.00
0081, Soybeans, 17, Illinois, IL, 103, Lee, 003, Non-Irrigated, 2018, 67.90
0081, Soybeans, 17, Illinois, IL, 103, Lee, 003, Non-Irrigated, 2019, 56.20
0081, Soybeans, 17, Illinois, IL, 103, Lee, 003, Non-Irrigated, 2020, 60.40
0081, Soybeans, 17, Illinois, IL, 103, Lee, 003, Non-Irrigated, 2021, 63.70
0081, Soybeans, 17, Illinois, IL, 103, Lee, 003, Non-Irrigated, 2022, 66.00
0081, Soybeans, 17, Illinois, IL, 103, Lee, 003, Non-Irrigated, 2023, 65.30
0081, Soybeans, 17, Illinois, IL, 103, Lee, 003, Non-Irrigated, 2024, 68.50
0081, Soybeans, 17, Illinois, IL, 105, Livingston, 003, Non-Irrigated, 2016, 61.80
0081, Soybeans, 17, Illinois, IL, 105, Livingston, 003, Non-Irrigated, 2017, 59.80
0081, Soybeans, 17, Illinois, IL, 105, Livingston, 003, Non-Irrigated, 2018, 59.90
0081, Soybeans, 17, Illinois, IL, 105, Livingston, 003, Non-Irrigated, 2019, 54.90
0081, Soybeans, 17, Illinois, IL, 105, Livingston, 003, Non-Irrigated, 2020, 54.50
0081, Soybeans, 17, Illinois, IL, 105, Livingston, 003, Non-Irrigated, 2021, 65.70
0081, Soybeans, 17, Illinois, IL, 105, Livingston, 003, Non-Irrigated, 2022, 66.30
0081, Soybeans, 17, Illinois, IL, 105, Livingston, 003, Non-Irrigated, 2023, 69.40
0081, Soybeans, 17, Illinois, IL, 105, Livingston, 003, Non-Irrigated, 2024, 67.90
0081, Soybeans, 17, Illinois, IL, 107, Logan, 003, Non-Irrigated, 2016, 66.80
0081, Soybeans, 17, Illinois, IL, 107, Logan, 003, Non-Irrigated, 2017, 70.50
0081, Soybeans, 17, Illinois, IL, 107, Logan, 003, Non-Irrigated, 2018, 75.10
0081, Soybeans, 17, Illinois, IL, 107, Logan, 003, Non-Irrigated, 2019, 65.10
0081, Soybeans, 17, Illinois, IL, 107, Logan, 003, Non-Irrigated, 2020, 67.00
0081, Soybeans, 17, Illinois, IL, 107, Logan, 003, Non-Irrigated, 2021, 70.60
0081, Soybeans, 17, Illinois, IL, 107, Logan, 003, Non-Irrigated, 2022, 71.70
0081, Soybeans, 17, Illinois, IL, 107, Logan, 003, Non-Irrigated, 2023, 73.50
0081, Soybeans, 17, Illinois, IL, 107, Logan, 003, Non-Irrigated, 2024, 75.20
0081, Soybeans, 17, Illinois, IL, 109, McDonough, 003, Non-Irrigated, 2016, 68.10
0081, Soybeans, 17, Illinois, IL, 109, McDonough, 003, Non-Irrigated, 2017, 68.40
0081, Soybeans, 17, Illinois, IL, 109, McDonough, 003, Non-Irrigated, 2018, 70.90
0081, Soybeans, 17, Illinois, IL, 109, McDonough, 003, Non-Irrigated, 2019, 61.70
0081, Soybeans, 17, Illinois, IL, 109, McDonough, 003, Non-Irrigated, 2020, 66.40
0081, Soybeans, 17, Illinois, IL, 109, McDonough, 003, Non-Irrigated, 2021, 70.00
0081, Soybeans, 17, Illinois, IL, 109, McDonough, 003, Non-Irrigated, 2022, 69.50
0081, Soybeans, 17, Illinois, IL, 109, McDonough, 003, Non-Irrigated, 2023, 69.20
0081, Soybeans, 17, Illinois, IL, 109, McDonough, 003, Non-Irrigated, 2024, 70.70
0081, Soybeans, 17, Illinois, IL, 111, Mchenry, 003, Non-Irrigated, 2016, 62.70
0081, Soybeans, 17, Illinois, IL, 111, Mchenry, 003, Non-Irrigated, 2017, 44.40
0081, Soybeans, 17, Illinois, IL, 111, Mchenry, 003, Non-Irrigated, 2018, 57.60
0081, Soybeans, 17, Illinois, IL, 111, Mchenry, 003, Non-Irrigated, 2019, 50.30
0081, Soybeans, 17, Illinois, IL, 111, Mchenry, 003, Non-Irrigated, 2020, 53.20
0081, Soybeans, 17, Illinois, IL, 111, Mchenry, 003, Non-Irrigated, 2021, 59.90
0081, Soybeans, 17, Illinois, IL, 111, Mchenry, 003, Non-Irrigated, 2022, 59.90
0081, Soybeans, 17, Illinois, IL, 111, Mchenry, 003, Non-Irrigated, 2023, 57.60
0081, Soybeans, 17, Illinois, IL, 111, Mchenry, 003, Non-Irrigated, 2024, 53.80
0081, Soybeans, 17, Illinois, IL, 113, Mclean, 003, Non-Irrigated, 2016, 66.70
0081, Soybeans, 17, Illinois, IL, 113, Mclean, 003, Non-Irrigated, 2017, 67.60
0081, Soybeans, 17, Illinois, IL, 113, Mclean, 003, Non-Irrigated, 2018, 69.80
0081, Soybeans, 17, Illinois, IL, 113, Mclean, 003, Non-Irrigated, 2019, 63.00
0081, Soybeans, 17, Illinois, IL, 113, Mclean, 003, Non-Irrigated, 2020, 63.90
0081, Soybeans, 17, Illinois, IL, 113, Mclean, 003, Non-Irrigated, 2021, 68.90
0081, Soybeans, 17, Illinois, IL, 113, Mclean, 003, Non-Irrigated, 2022, 68.80
0081, Soybeans, 17, Illinois, IL, 113, Mclean, 003, Non-Irrigated, 2023, 74.20
0081, Soybeans, 17, Illinois, IL, 113, Mclean, 003, Non-Irrigated, 2024, 75.00
0081, Soybeans, 17, Illinois, IL, 115, Macon, 003, Non-Irrigated, 2016, 69.80
0081, Soybeans, 17, Illinois, IL, 115, Macon, 003, Non-Irrigated, 2017, 68.10
0081, Soybeans, 17, Illinois, IL, 115, Macon, 003, Non-Irrigated, 2018, 77.50
0081, Soybeans, 17, Illinois, IL, 115, Macon, 003, Non-Irrigated, 2019, 63.40
0081, Soybeans, 17, Illinois, IL, 115, Macon, 003, Non-Irrigated, 2020, 64.60
0081, Soybeans, 17, Illinois, IL, 115, Macon, 003, Non-Irrigated, 2021, 74.50
0081, Soybeans, 17, Illinois, IL, 115, Macon, 003, Non-Irrigated, 2022, 70.00
0081, Soybeans, 17, Illinois, IL, 115, Macon, 003, Non-Irrigated, 2023, 75.10
0081, Soybeans, 17, Illinois, IL, 115, Macon, 003, Non-Irrigated, 2024, 74.80
0081, Soybeans, 17, Illinois, IL, 117, Macoupin, 003, Non-Irrigated, 2016, 63.70
0081, Soybeans, 17, Illinois, IL, 117, Macoupin, 003, Non-Irrigated, 2017, 63.50
0081, Soybeans, 17, Illinois, IL, 117, Macoupin, 003, Non-Irrigated, 2018, 72.30
0081, Soybeans, 17, Illinois, IL, 117, Macoupin, 003, Non-Irrigated, 2019, 63.40
0081, Soybeans, 17, Illinois, IL, 117, Macoupin, 003, Non-Irrigated, 2020, 65.50
0081, Soybeans, 17, Illinois, IL, 117, Macoupin, 003, Non-Irrigated, 2021, 67.20
0081, Soybeans, 17, Illinois, IL, 117, Macoupin, 003, Non-Irrigated, 2022, 65.70
0081, Soybeans, 17, Illinois, IL, 117, Macoupin, 003, Non-Irrigated, 2023, 67.30
0081, Soybeans, 17, Illinois, IL, 117, Macoupin, 003, Non-Irrigated, 2024, 62.80
0081, Soybeans, 17, Illinois, IL, 119, Madison, 003, Non-Irrigated, 2016, 58.00
0081, Soybeans, 17, Illinois, IL, 119, Madison, 003, Non-Irrigated, 2017, 59.40
0081, Soybeans, 17, Illinois, IL, 119, Madison, 003, Non-Irrigated, 2018, 62.80
0081, Soybeans, 17, Illinois, IL, 119, Madison, 003, Non-Irrigated, 2019, 55.00
0081, Soybeans, 17, Illinois, IL, 119, Madison, 003, Non-Irrigated, 2020, 55.50
0081, Soybeans, 17, Illinois, IL, 119, Madison, 003, Non-Irrigated, 2021, 62.40
0081, Soybeans, 17, Illinois, IL, 119, Madison, 003, Non-Irrigated, 2022, 58.80
0081, Soybeans, 17, Illinois, IL, 119, Madison, 003, Non-Irrigated, 2023, 57.70
0081, Soybeans, 17, Illinois, IL, 119, Madison, 003, Non-Irrigated, 2024, 52.10
0081, Soybeans, 17, Illinois, IL, 121, Marion, 003, Non-Irrigated, 2016, 54.00
0081, Soybeans, 17, Illinois, IL, 121, Marion, 003, Non-Irrigated, 2017, 46.60
0081, Soybeans, 17, Illinois, IL, 121, Marion, 003, Non-Irrigated, 2018, 58.00
0081, Soybeans, 17, Illinois, IL, 121, Marion, 003, Non-Irrigated, 2019, 44.60
0081, Soybeans, 17, Illinois, IL, 121, Marion, 003, Non-Irrigated, 2020, 50.30
0081, Soybeans, 17, Illinois, IL, 121, Marion, 003, Non-Irrigated, 2021, 61.70
0081, Soybeans, 17, Illinois, IL, 121, Marion, 003, Non-Irrigated, 2022, 48.40
0081, Soybeans, 17, Illinois, IL, 121, Marion, 003, Non-Irrigated, 2023, 56.30
0081, Soybeans, 17, Illinois, IL, 121, Marion, 003, Non-Irrigated, 2024, 47.80
0081, Soybeans, 17, Illinois, IL, 123, Marshall, 003, Non-Irrigated, 2016, 66.70
0081, Soybeans, 17, Illinois, IL, 123, Marshall, 003, Non-Irrigated, 2017, 61.80
0081, Soybeans, 17, Illinois, IL, 123, Marshall, 003, Non-Irrigated, 2018, 68.00
0081, Soybeans, 17, Illinois, IL, 123, Marshall, 003, Non-Irrigated, 2019, 56.60
0081, Soybeans, 17, Illinois, IL, 123, Marshall, 003, Non-Irrigated, 2020, 61.60
0081, Soybeans, 17, Illinois, IL, 123, Marshall, 003, Non-Irrigated, 2021, 67.30
0081, Soybeans, 17, Illinois, IL, 123, Marshall, 003, Non-Irrigated, 2022, 67.20
0081, Soybeans, 17, Illinois, IL, 123, Marshall, 003, Non-Irrigated, 2023, 70.50
0081, Soybeans, 17, Illinois, IL, 123, Marshall, 003, Non-Irrigated, 2024, 70.40
0081, Soybeans, 17, Illinois, IL, 125, Mason, 002, Irrigated, 2016, 61.40
0081, Soybeans, 17, Illinois, IL, 125, Mason, 002, Irrigated, 2017, 64.60
0081, Soybeans, 17, Illinois, IL, 125, Mason, 002, Irrigated, 2018, 61.00
0081, Soybeans, 17, Illinois, IL, 125, Mason, 002, Irrigated, 2019, 58.00
0081, Soybeans, 17, Illinois, IL, 125, Mason, 002, Irrigated, 2020, 59.50
0081, Soybeans, 17, Illinois, IL, 125, Mason, 002, Irrigated, 2021, 66.20
0081, Soybeans, 17, Illinois, IL, 125, Mason, 002, Irrigated, 2022, 62.40
0081, Soybeans, 17, Illinois, IL, 125, Mason, 002, Irrigated, 2023, 67.60
0081, Soybeans, 17, Illinois, IL, 125, Mason, 002, Irrigated, 2024, 72.10
0081, Soybeans, 17, Illinois, IL, 125, Mason, 003, Non-Irrigated, 2016, 61.90
0081, Soybeans, 17, Illinois, IL, 125, Mason, 003, Non-Irrigated, 2017, 60.90
0081, Soybeans, 17, Illinois, IL, 125, Mason, 003, Non-Irrigated, 2018, 63.90
0081, Soybeans, 17, Illinois, IL, 125, Mason, 003, Non-Irrigated, 2019, 53.00
0081, Soybeans, 17, Illinois, IL, 125, Mason, 003, Non-Irrigated, 2020, 54.70
0081, Soybeans, 17, Illinois, IL, 125, Mason, 003, Non-Irrigated, 2021, 62.70
0081, Soybeans, 17, Illinois, IL, 125, Mason, 003, Non-Irrigated, 2022, 60.30
0081, Soybeans, 17, Illinois, IL, 125, Mason, 003, Non-Irrigated, 2023, 57.90
0081, Soybeans, 17, Illinois, IL, 125, Mason, 003, Non-Irrigated, 2024, 67.90
0081, Soybeans, 17, Illinois, IL, 127, Massac, 003, Non-Irrigated, 2016, 43.40
0081, Soybeans, 17, Illinois, IL, 127, Massac, 003, Non-Irrigated, 2017, 44.00
0081, Soybeans, 17, Illinois, IL, 127, Massac, 003, Non-Irrigated, 2018, 46.30
0081, Soybeans, 17, Illinois, IL, 127, Massac, 003, Non-Irrigated, 2019, 37.80
0081, Soybeans, 17, Illinois, IL, 127, Massac, 003, Non-Irrigated, 2020, 51.10
0081, Soybeans, 17, Illinois, IL, 127, Massac, 003, Non-Irrigated, 2021, 48.10
0081, Soybeans, 17, Illinois, IL, 127, Massac, 003, Non-Irrigated, 2022, 42.10
0081, Soybeans, 17, Illinois, IL, 127, Massac, 003, Non-Irrigated, 2023, 52.00
0081, Soybeans, 17, Illinois, IL, 127, Massac, 003, Non-Irrigated, 2024, 48.80
0081, Soybeans, 17, Illinois, IL, 129, Menard, 003, Non-Irrigated, 2016, 64.60
0081, Soybeans, 17, Illinois, IL, 129, Menard, 003, Non-Irrigated, 2017, 66.10
0081, Soybeans, 17, Illinois, IL, 129, Menard, 003, Non-Irrigated, 2018, 71.30
0081, Soybeans, 17, Illinois, IL, 129, Menard, 003, Non-Irrigated, 2019, 62.10
0081, Soybeans, 17, Illinois, IL, 129, Menard, 003, Non-Irrigated, 2020, 65.00
0081, Soybeans, 17, Illinois, IL, 129, Menard, 003, Non-Irrigated, 2021, 69.40
0081, Soybeans, 17, Illinois, IL, 129, Menard, 003, Non-Irrigated, 2022, 69.20
0081, Soybeans, 17, Illinois, IL, 129, Menard, 003, Non-Irrigated, 2023, 67.70
0081, Soybeans, 17, Illinois, IL, 129, Menard, 003, Non-Irrigated, 2024, 73.00
0081, Soybeans, 17, Illinois, IL, 131, Mercer, 003, Non-Irrigated, 2016, 59.70
0081, Soybeans, 17, Illinois, IL, 131, Mercer, 003, Non-Irrigated, 2017, 63.00
0081, Soybeans, 17, Illinois, IL, 131, Mercer, 003, Non-Irrigated, 2018, 62.90
0081, Soybeans, 17, Illinois, IL, 131, Mercer, 003, Non-Irrigated, 2019, 55.40
0081, Soybeans, 17, Illinois, IL, 131, Mercer, 003, Non-Irrigated, 2020, 60.00
0081, Soybeans, 17, Illinois, IL, 131, Mercer, 003, Non-Irrigated, 2021, 65.60
0081, Soybeans, 17, Illinois, IL, 131, Mercer, 003, Non-Irrigated, 2022, 66.90
0081, Soybeans, 17, Illinois, IL, 131, Mercer, 003, Non-Irrigated, 2023, 69.00
0081, Soybeans, 17, Illinois, IL, 131, Mercer, 003, Non-Irrigated, 2024, 68.10
0081, Soybeans, 17, Illinois, IL, 133, Monroe, 003, Non-Irrigated, 2016, 50.90
0081, Soybeans, 17, Illinois, IL, 133, Monroe, 003, Non-Irrigated, 2017, 46.30
0081, Soybeans, 17, Illinois, IL, 133, Monroe, 003, Non-Irrigated, 2018, 53.60
0081, Soybeans, 17, Illinois, IL, 133, Monroe, 003, Non-Irrigated, 2019, 51.60
0081, Soybeans, 17, Illinois, IL, 133, Monroe, 003, Non-Irrigated, 2020, 51.00
0081, Soybeans, 17, Illinois, IL, 133, Monroe, 003, Non-Irrigated, 2021, 58.00
0081, Soybeans, 17, Illinois, IL, 133, Monroe, 003, Non-Irrigated, 2022, 51.80
0081, Soybeans, 17, Illinois, IL, 133, Monroe, 003, Non-Irrigated, 2023, 43.90
0081, Soybeans, 17, Illinois, IL, 133, Monroe, 003, Non-Irrigated, 2024, 47.00
0081, Soybeans, 17, Illinois, IL, 135, Montgomery, 003, Non-Irrigated, 2016, 61.60
0081, Soybeans, 17, Illinois, IL, 135, Montgomery, 003, Non-Irrigated, 2017, 60.40
0081, Soybeans, 17, Illinois, IL, 135, Montgomery, 003, Non-Irrigated, 2018, 71.40
0081, Soybeans, 17, Illinois, IL, 135, Montgomery, 003, Non-Irrigated, 2019, 59.80
0081, Soybeans, 17, Illinois, IL, 135, Montgomery, 003, Non-Irrigated, 2020, 62.40
0081, Soybeans, 17, Illinois, IL, 135, Montgomery, 003, Non-Irrigated, 2021, 69.20
0081, Soybeans, 17, Illinois, IL, 135, Montgomery, 003, Non-Irrigated, 2022, 65.80
0081, Soybeans, 17, Illinois, IL, 135, Montgomery, 003, Non-Irrigated, 2023, 63.70
0081, Soybeans, 17, Illinois, IL, 135, Montgomery, 003, Non-Irrigated, 2024, 61.70
0081, Soybeans, 17, Illinois, IL, 137, Morgan, 003, Non-Irrigated, 2016, 65.40
0081, Soybeans, 17, Illinois, IL, 137, Morgan, 003, Non-Irrigated, 2017, 63.80
0081, Soybeans, 17, Illinois, IL, 137, Morgan, 003, Non-Irrigated, 2018, 74.90
0081, Soybeans, 17, Illinois, IL, 137, Morgan, 003, Non-Irrigated, 2019, 63.40
0081, Soybeans, 17, Illinois, IL, 137, Morgan, 003, Non-Irrigated, 2020, 68.10
0081, Soybeans, 17, Illinois, IL, 137, Morgan, 003, Non-Irrigated, 2021, 72.30
0081, Soybeans, 17, Illinois, IL, 137, Morgan, 003, Non-Irrigated, 2022, 71.30
0081, Soybeans, 17, Illinois, IL, 137, Morgan, 003, Non-Irrigated, 2023, 68.20
0081, Soybeans, 17, Illinois, IL, 137, Morgan, 003, Non-Irrigated, 2024, 75.10
0081, Soybeans, 17, Illinois, IL, 139, Moultrie, 003, Non-Irrigated, 2016, 71.40
0081, Soybeans, 17, Illinois, IL, 139, Moultrie, 003, Non-Irrigated, 2017, 69.00
0081, Soybeans, 17, Illinois, IL, 139, Moultrie, 003, Non-Irrigated, 2018, 78.30
0081, Soybeans, 17, Illinois, IL, 139, Moultrie, 003, Non-Irrigated, 2019, 61.10
0081, Soybeans, 17, Illinois, IL, 139, Moultrie, 003, Non-Irrigated, 2020, 64.90
0081, Soybeans, 17, Illinois, IL, 139, Moultrie, 003, Non-Irrigated, 2021, 74.70
0081, Soybeans, 17, Illinois, IL, 139, Moultrie, 003, Non-Irrigated, 2022, 69.80
0081, Soybeans, 17, Illinois, IL, 139, Moultrie, 003, Non-Irrigated, 2023, 75.40
0081, Soybeans, 17, Illinois, IL, 139, Moultrie, 003, Non-Irrigated, 2024, 70.70
0081, Soybeans, 17, Illinois, IL, 141, Ogle, 003, Non-Irrigated, 2016, 68.30
0081, Soybeans, 17, Illinois, IL, 141, Ogle, 003, Non-Irrigated, 2017, 56.70
0081, Soybeans, 17, Illinois, IL, 141, Ogle, 003, Non-Irrigated, 2018, 68.50
0081, Soybeans, 17, Illinois, IL, 141, Ogle, 003, Non-Irrigated, 2019, 59.10
0081, Soybeans, 17, Illinois, IL, 141, Ogle, 003, Non-Irrigated, 2020, 59.90
0081, Soybeans, 17, Illinois, IL, 141, Ogle, 003, Non-Irrigated, 2021, 64.30
0081, Soybeans, 17, Illinois, IL, 141, Ogle, 003, Non-Irrigated, 2022, 66.80
0081, Soybeans, 17, Illinois, IL, 141, Ogle, 003, Non-Irrigated, 2023, 64.20
0081, Soybeans, 17, Illinois, IL, 141, Ogle, 003, Non-Irrigated, 2024, 66.70
0081, Soybeans, 17, Illinois, IL, 143, Peoria, 003, Non-Irrigated, 2016, 63.60
0081, Soybeans, 17, Illinois, IL, 143, Peoria, 003, Non-Irrigated, 2017, 62.20
0081, Soybeans, 17, Illinois, IL, 143, Peoria, 003, Non-Irrigated, 2018, 67.20
0081, Soybeans, 17, Illinois, IL, 143, Peoria, 003, Non-Irrigated, 2019, 56.00
0081, Soybeans, 17, Illinois, IL, 143, Peoria, 003, Non-Irrigated, 2020, 59.30
0081, Soybeans, 17, Illinois, IL, 143, Peoria, 003, Non-Irrigated, 2021, 66.50
0081, Soybeans, 17, Illinois, IL, 143, Peoria, 003, Non-Irrigated, 2022, 67.20
0081, Soybeans, 17, Illinois, IL, 143, Peoria, 003, Non-Irrigated, 2023, 70.40
0081, Soybeans, 17, Illinois, IL, 143, Peoria, 003, Non-Irrigated, 2024, 71.00
0081, Soybeans, 17, Illinois, IL, 145, Perry, 003, Non-Irrigated, 2016, 47.00
0081, Soybeans, 17, Illinois, IL, 145, Perry, 003, Non-Irrigated, 2017, 44.20
0081, Soybeans, 17, Illinois, IL, 145, Perry, 003, Non-Irrigated, 2018, 53.50
0081, Soybeans, 17, Illinois, IL, 145, Perry, 003, Non-Irrigated, 2019, 34.30
0081, Soybeans, 17, Illinois, IL, 145, Perry, 003, Non-Irrigated, 2020, 46.40
0081, Soybeans, 17, Illinois, IL, 145, Perry, 003, Non-Irrigated, 2021, 51.00
0081, Soybeans, 17, Illinois, IL, 145, Perry, 003, Non-Irrigated, 2022, 43.10
0081, Soybeans, 17, Illinois, IL, 145, Perry, 003, Non-Irrigated, 2023, 48.10
0081, Soybeans, 17, Illinois, IL, 145, Perry, 003, Non-Irrigated, 2024, 48.20
0081, Soybeans, 17, Illinois, IL, 147, Piatt, 003, Non-Irrigated, 2016, 71.20
0081, Soybeans, 17, Illinois, IL, 147, Piatt, 003, Non-Irrigated, 2017, 69.10
0081, Soybeans, 17, Illinois, IL, 147, Piatt, 003, Non-Irrigated, 2018, 80.30
0081, Soybeans, 17, Illinois, IL, 147, Piatt, 003, Non-Irrigated, 2019, 67.50
0081, Soybeans, 17, Illinois, IL, 147, Piatt, 003, Non-Irrigated, 2020, 69.20
0081, Soybeans, 17, Illinois, IL, 147, Piatt, 003, Non-Irrigated, 2021, 76.60
0081, Soybeans, 17, Illinois, IL, 147, Piatt, 003, Non-Irrigated, 2022, 73.20
0081, Soybeans, 17, Illinois, IL, 147, Piatt, 003, Non-Irrigated, 2023, 79.10
0081, Soybeans, 17, Illinois, IL, 147, Piatt, 003, Non-Irrigated, 2024, 78.50
0081, Soybeans, 17, Illinois, IL, 149, Pike, 003, Non-Irrigated, 2016, 60.80
0081, Soybeans, 17, Illinois, IL, 149, Pike, 003, Non-Irrigated, 2017, 59.80
0081, Soybeans, 17, Illinois, IL, 149, Pike, 003, Non-Irrigated, 2018, 61.10
0081, Soybeans, 17, Illinois, IL, 149, Pike, 003, Non-Irrigated, 2019, 56.50
0081, Soybeans, 17, Illinois, IL, 149, Pike, 003, Non-Irrigated, 2020, 59.50
0081, Soybeans, 17, Illinois, IL, 149, Pike, 003, Non-Irrigated, 2021, 61.50
0081, Soybeans, 17, Illinois, IL, 149, Pike, 003, Non-Irrigated, 2022, 59.50
0081, Soybeans, 17, Illinois, IL, 149, Pike, 003, Non-Irrigated, 2023, 61.30
0081, Soybeans, 17, Illinois, IL, 149, Pike, 003, Non-Irrigated, 2024, 63.20
0081, Soybeans, 17, Illinois, IL, 151, Pope, 003, Non-Irrigated, 2016, 36.20
0081, Soybeans, 17, Illinois, IL, 151, Pope, 003, Non-Irrigated, 2017, 40.10
0081, Soybeans, 17, Illinois, IL, 151, Pope, 003, Non-Irrigated, 2018, 42.70
0081, Soybeans, 17, Illinois, IL, 151, Pope, 003, Non-Irrigated, 2019, 36.50
0081, Soybeans, 17, Illinois, IL, 151, Pope, 003, Non-Irrigated, 2020, 45.20
0081, Soybeans, 17, Illinois, IL, 151, Pope, 003, Non-Irrigated, 2021, 46.80
0081, Soybeans, 17, Illinois, IL, 151, Pope, 003, Non-Irrigated, 2022, 43.50
0081, Soybeans, 17, Illinois, IL, 151, Pope, 003, Non-Irrigated, 2023, 51.20
0081, Soybeans, 17, Illinois, IL, 151, Pope, 003, Non-Irrigated, 2024, 39.20
0081, Soybeans, 17, Illinois, IL, 153, Pulaski, 003, Non-Irrigated, 2016, 45.60
0081, Soybeans, 17, Illinois, IL, 153, Pulaski, 003, Non-Irrigated, 2017, 51.50
0081, Soybeans, 17, Illinois, IL, 153, Pulaski, 003, Non-Irrigated, 2018, 50.00
0081, Soybeans, 17, Illinois, IL, 153, Pulaski, 003, Non-Irrigated, 2019, 42.70
0081, Soybeans, 17, Illinois, IL, 153, Pulaski, 003, Non-Irrigated, 2020, 52.70
0081, Soybeans, 17, Illinois, IL, 153, Pulaski, 003, Non-Irrigated, 2021, 56.60
0081, Soybeans, 17, Illinois, IL, 153, Pulaski, 003, Non-Irrigated, 2022, 50.40
0081, Soybeans, 17, Illinois, IL, 153, Pulaski, 003, Non-Irrigated, 2023, 47.00
0081, Soybeans, 17, Illinois, IL, 153, Pulaski, 003, Non-Irrigated, 2024, 51.20
0081, Soybeans, 17, Illinois, IL, 155, Putnam, 003, Non-Irrigated, 2016, 64.90
0081, Soybeans, 17, Illinois, IL, 155, Putnam, 003, Non-Irrigated, 2017, 61.10
0081, Soybeans, 17, Illinois, IL, 155, Putnam, 003, Non-Irrigated, 2018, 63.90
0081, Soybeans, 17, Illinois, IL, 155, Putnam, 003, Non-Irrigated, 2019, 55.50
0081, Soybeans, 17, Illinois, IL, 155, Putnam, 003, Non-Irrigated, 2020, 57.60
0081, Soybeans, 17, Illinois, IL, 155, Putnam, 003, Non-Irrigated, 2021, 63.20
0081, Soybeans, 17, Illinois, IL, 155, Putnam, 003, Non-Irrigated, 2022, 64.90
0081, Soybeans, 17, Illinois, IL, 155, Putnam, 003, Non-Irrigated, 2023, 67.70
0081, Soybeans, 17, Illinois, IL, 155, Putnam, 003, Non-Irrigated, 2024, 69.20
0081, Soybeans, 17, Illinois, IL, 157, Randolph, 003, Non-Irrigated, 2016, 48.80
0081, Soybeans, 17, Illinois, IL, 157, Randolph, 003, Non-Irrigated, 2017, 42.80
0081, Soybeans, 17, Illinois, IL, 157, Randolph, 003, Non-Irrigated, 2018, 53.30
0081, Soybeans, 17, Illinois, IL, 157, Randolph, 003, Non-Irrigated, 2019, 43.70
0081, Soybeans, 17, Illinois, IL, 157, Randolph, 003, Non-Irrigated, 2020, 49.00
0081, Soybeans, 17, Illinois, IL, 157, Randolph, 003, Non-Irrigated, 2021, 55.70
0081, Soybeans, 17, Illinois, IL, 157, Randolph, 003, Non-Irrigated, 2022, 48.30
0081, Soybeans, 17, Illinois, IL, 157, Randolph, 003, Non-Irrigated, 2023, 49.50
0081, Soybeans, 17, Illinois, IL, 157, Randolph, 003, Non-Irrigated, 2024, 45.50
0081, Soybeans, 17, Illinois, IL, 159, Richland, 003, Non-Irrigated, 2016, 54.70
0081, Soybeans, 17, Illinois, IL, 159, Richland, 003, Non-Irrigated, 2017, 48.60
0081, Soybeans, 17, Illinois, IL, 159, Richland, 003, Non-Irrigated, 2018, 57.30
0081, Soybeans, 17, Illinois, IL, 159, Richland, 003, Non-Irrigated, 2019, 45.20
0081, Soybeans, 17, Illinois, IL, 159, Richland, 003, Non-Irrigated, 2020, 53.00
0081, Soybeans, 17, Illinois, IL, 159, Richland, 003, Non-Irrigated, 2021, 63.10
0081, Soybeans, 17, Illinois, IL, 159, Richland, 003, Non-Irrigated, 2022, 52.50
0081, Soybeans, 17, Illinois, IL, 159, Richland, 003, Non-Irrigated, 2023, 58.10
0081, Soybeans, 17, Illinois, IL, 159, Richland, 003, Non-Irrigated, 2024, 49.30
0081, Soybeans, 17, Illinois, IL, 161, Rock Island, 003, Non-Irrigated, 2016, 61.20
0081, Soybeans, 17, Illinois, IL, 161, Rock Island, 003, Non-Irrigated, 2017, 57.30
0081, Soybeans, 17, Illinois, IL, 161, Rock Island, 003, Non-Irrigated, 2018, 62.00
0081, Soybeans, 17, Illinois, IL, 161, Rock Island, 003, Non-Irrigated, 2019, 55.30
0081, Soybeans, 17, Illinois, IL, 161, Rock Island, 003, Non-Irrigated, 2020, 57.70
0081, Soybeans, 17, Illinois, IL, 161, Rock Island, 003, Non-Irrigated, 2021, 63.90
0081, Soybeans, 17, Illinois, IL, 161, Rock Island, 003, Non-Irrigated, 2022, 66.20
0081, Soybeans, 17, Illinois, IL, 161, Rock Island, 003, Non-Irrigated, 2023, 66.90
0081, Soybeans, 17, Illinois, IL, 161, Rock Island, 003, Non-Irrigated, 2024, 66.50
0081, Soybeans, 17, Illinois, IL, 163, St Clair, 003, Non-Irrigated, 2016, 55.80
0081, Soybeans, 17, Illinois, IL, 163, St Clair, 003, Non-Irrigated, 2017, 50.70
0081, Soybeans, 17, Illinois, IL, 163, St Clair, 003, Non-Irrigated, 2018, 60.90
0081, Soybeans, 17, Illinois, IL, 163, St Clair, 003, Non-Irrigated, 2019, 55.00
0081, Soybeans, 17, Illinois, IL, 163, St Clair, 003, Non-Irrigated, 2020, 53.50
0081, Soybeans, 17, Illinois, IL, 163, St Clair, 003, Non-Irrigated, 2021, 63.10
0081, Soybeans, 17, Illinois, IL, 163, St Clair, 003, Non-Irrigated, 2022, 56.10
0081, Soybeans, 17, Illinois, IL, 163, St Clair, 003, Non-Irrigated, 2023, 55.10
0081, Soybeans, 17, Illinois, IL, 163, St Clair, 003, Non-Irrigated, 2024, 53.10
0081, Soybeans, 17, Illinois, IL, 165, Saline, 003, Non-Irrigated, 2016, 46.80
0081, Soybeans, 17, Illinois, IL, 165, Saline, 003, Non-Irrigated, 2017, 52.50
0081, Soybeans, 17, Illinois, IL, 165, Saline, 003, Non-Irrigated, 2018, 50.90
0081, Soybeans, 17, Illinois, IL, 165, Saline, 003, Non-Irrigated, 2019, 48.40
0081, Soybeans, 17, Illinois, IL, 165, Saline, 003, Non-Irrigated, 2020, 58.80
0081, Soybeans, 17, Illinois, IL, 165, Saline, 003, Non-Irrigated, 2021, 60.30
0081, Soybeans, 17, Illinois, IL, 165, Saline, 003, Non-Irrigated, 2022, 49.20
0081, Soybeans, 17, Illinois, IL, 165, Saline, 003, Non-Irrigated, 2023, 55.50
0081, Soybeans, 17, Illinois, IL, 165, Saline, 003, Non-Irrigated, 2024, 52.80
0081, Soybeans, 17, Illinois, IL, 167, Sangamon, 003, Non-Irrigated, 2016, 67.30
0081, Soybeans, 17, Illinois, IL, 167, Sangamon, 003, Non-Irrigated, 2017, 68.70
0081, Soybeans, 17, Illinois, IL, 167, Sangamon, 003, Non-Irrigated, 2018, 74.40
0081, Soybeans, 17, Illinois, IL, 167, Sangamon, 003, Non-Irrigated, 2019, 64.50
0081, Soybeans, 17, Illinois, IL, 167, Sangamon, 003, Non-Irrigated, 2020, 68.40
0081, Soybeans, 17, Illinois, IL, 167, Sangamon, 003, Non-Irrigated, 2021, 72.70
0081, Soybeans, 17, Illinois, IL, 167, Sangamon, 003, Non-Irrigated, 2022, 72.60
0081, Soybeans, 17, Illinois, IL, 167, Sangamon, 003, Non-Irrigated, 2023, 70.20
0081, Soybeans, 17, Illinois, IL, 167, Sangamon, 003, Non-Irrigated, 2024, 76.10
0081, Soybeans, 17, Illinois, IL, 169, Schuyler, 003, Non-Irrigated, 2016, 62.10
0081, Soybeans, 17, Illinois, IL, 169, Schuyler, 003, Non-Irrigated, 2017, 58.60
0081, Soybeans, 17, Illinois, IL, 169, Schuyler, 003, Non-Irrigated, 2018, 63.70
0081, Soybeans, 17, Illinois, IL, 169, Schuyler, 003, Non-Irrigated, 2019, 52.60
0081, Soybeans, 17, Illinois, IL, 169, Schuyler, 003, Non-Irrigated, 2020, 56.80
0081, Soybeans, 17, Illinois, IL, 169, Schuyler, 003, Non-Irrigated, 2021, 59.30
0081, Soybeans, 17, Illinois, IL, 169, Schuyler, 003, Non-Irrigated, 2022, 59.30
0081, Soybeans, 17, Illinois, IL, 169, Schuyler, 003, Non-Irrigated, 2023, 61.80
0081, Soybeans, 17, Illinois, IL, 169, Schuyler, 003, Non-Irrigated, 2024, 64.70
0081, Soybeans, 17, Illinois, IL, 171, Scott, 003, Non-Irrigated, 2016, 64.80
0081, Soybeans, 17, Illinois, IL, 171, Scott, 003, Non-Irrigated, 2017, 56.40
0081, Soybeans, 17, Illinois, IL, 171, Scott, 003, Non-Irrigated, 2018, 70.50
0081, Soybeans, 17, Illinois, IL, 171, Scott, 003, Non-Irrigated, 2019, 62.00
0081, Soybeans, 17, Illinois, IL, 171, Scott, 003, Non-Irrigated, 2020, 58.80
0081, Soybeans, 17, Illinois, IL, 171, Scott, 003, Non-Irrigated, 2021, 68.00
0081, Soybeans, 17, Illinois, IL, 171, Scott, 003, Non-Irrigated, 2022, 66.60
0081, Soybeans, 17, Illinois, IL, 171, Scott, 003, Non-Irrigated, 2023, 65.30
0081, Soybeans, 17, Illinois, IL, 171, Scott, 003, Non-Irrigated, 2024, 71.40
0081, Soybeans, 17, Illinois, IL, 173, Shelby, 003, Non-Irrigated, 2016, 62.50
0081, Soybeans, 17, Illinois, IL, 173, Shelby, 003, Non-Irrigated, 2017, 59.60
0081, Soybeans, 17, Illinois, IL, 173, Shelby, 003, Non-Irrigated, 2018, 71.00
0081, Soybeans, 17, Illinois, IL, 173, Shelby, 003, Non-Irrigated, 2019, 56.40
0081, Soybeans, 17, Illinois, IL, 173, Shelby, 003, Non-Irrigated, 2020, 60.00
0081, Soybeans, 17, Illinois, IL, 173, Shelby, 003, Non-Irrigated, 2021, 68.00
0081, Soybeans, 17, Illinois, IL, 173, Shelby, 003, Non-Irrigated, 2022, 64.40
0081, Soybeans, 17, Illinois, IL, 173, Shelby, 003, Non-Irrigated, 2023, 65.00
0081, Soybeans, 17, Illinois, IL, 173, Shelby, 003, Non-Irrigated, 2024, 64.00
0081, Soybeans, 17, Illinois, IL, 175, Stark, 003, Non-Irrigated, 2016, 63.90
0081, Soybeans, 17, Illinois, IL, 175, Stark, 003, Non-Irrigated, 2017, 64.60
0081, Soybeans, 17, Illinois, IL, 175, Stark, 003, Non-Irrigated, 2018, 70.60
0081, Soybeans, 17, Illinois, IL, 175, Stark, 003, Non-Irrigated, 2019, 60.20
0081, Soybeans, 17, Illinois, IL, 175, Stark, 003, Non-Irrigated, 2020, 63.10
0081, Soybeans, 17, Illinois, IL, 175, Stark, 003, Non-Irrigated, 2021, 69.70
0081, Soybeans, 17, Illinois, IL, 175, Stark, 003, Non-Irrigated, 2022, 69.40
0081, Soybeans, 17, Illinois, IL, 175, Stark, 003, Non-Irrigated, 2023, 73.20
0081, Soybeans, 17, Illinois, IL, 175, Stark, 003, Non-Irrigated, 2024, 73.10
0081, Soybeans, 17, Illinois, IL, 177, Stephenson, 003, Non-Irrigated, 2016, 68.70
0081, Soybeans, 17, Illinois, IL, 177, Stephenson, 003, Non-Irrigated, 2017, 54.90
0081, Soybeans, 17, Illinois, IL, 177, Stephenson, 003, Non-Irrigated, 2018, 65.10
0081, Soybeans, 17, Illinois, IL, 177, Stephenson, 003, Non-Irrigated, 2019, 58.50
0081, Soybeans, 17, Illinois, IL, 177, Stephenson, 003, Non-Irrigated, 2020, 62.60
0081, Soybeans, 17, Illinois, IL, 177, Stephenson, 003, Non-Irrigated, 2021, 64.90
0081, Soybeans, 17, Illinois, IL, 177, Stephenson, 003, Non-Irrigated, 2022, 62.40
0081, Soybeans, 17, Illinois, IL, 177, Stephenson, 003, Non-Irrigated, 2023, 62.60
0081, Soybeans, 17, Illinois, IL, 177, Stephenson, 003, Non-Irrigated, 2024, 64.00
0081, Soybeans, 17, Illinois, IL, 179, Tazewell, 003, Non-Irrigated, 2016, 65.30
0081, Soybeans, 17, Illinois, IL, 179, Tazewell, 003, Non-Irrigated, 2017, 68.20
0081, Soybeans, 17, Illinois, IL, 179, Tazewell, 003, Non-Irrigated, 2018, 72.70
0081, Soybeans, 17, Illinois, IL, 179, Tazewell, 003, Non-Irrigated, 2019, 63.80
0081, Soybeans, 17, Illinois, IL, 179, Tazewell, 003, Non-Irrigated, 2020, 64.20
0081, Soybeans, 17, Illinois, IL, 179, Tazewell, 003, Non-Irrigated, 2021, 69.70
0081, Soybeans, 17, Illinois, IL, 179, Tazewell, 003, Non-Irrigated, 2022, 71.10
0081, Soybeans, 17, Illinois, IL, 179, Tazewell, 003, Non-Irrigated, 2023, 73.70
0081, Soybeans, 17, Illinois, IL, 179, Tazewell, 003, Non-Irrigated, 2024, 76.50
0081, Soybeans, 17, Illinois, IL, 181, Union, 003, Non-Irrigated, 2016, 44.10
0081, Soybeans, 17, Illinois, IL, 181, Union, 003, Non-Irrigated, 2017, 48.40
0081, Soybeans, 17, Illinois, IL, 181, Union, 003, Non-Irrigated, 2018, 46.40
0081, Soybeans, 17, Illinois, IL, 181, Union, 003, Non-Irrigated, 2019, 37.80
0081, Soybeans, 17, Illinois, IL, 181, Union, 003, Non-Irrigated, 2020, 49.40
0081, Soybeans, 17, Illinois, IL, 181, Union, 003, Non-Irrigated, 2021, 48.70
0081, Soybeans, 17, Illinois, IL, 181, Union, 003, Non-Irrigated, 2022, 49.80
0081, Soybeans, 17, Illinois, IL, 181, Union, 003, Non-Irrigated, 2023, 50.30
0081, Soybeans, 17, Illinois, IL, 181, Union, 003, Non-Irrigated, 2024, 48.10
0081, Soybeans, 17, Illinois, IL, 183, Vermilion, 003, Non-Irrigated, 2016, 67.20
0081, Soybeans, 17, Illinois, IL, 183, Vermilion, 003, Non-Irrigated, 2017, 63.30
0081, Soybeans, 17, Illinois, IL, 183, Vermilion, 003, Non-Irrigated, 2018, 69.40
0081, Soybeans, 17, Illinois, IL, 183, Vermilion, 003, Non-Irrigated, 2019, 54.50
0081, Soybeans, 17, Illinois, IL, 183, Vermilion, 003, Non-Irrigated, 2020, 64.20
0081, Soybeans, 17, Illinois, IL, 183, Vermilion, 003, Non-Irrigated, 2021, 67.60
0081, Soybeans, 17, Illinois, IL, 183, Vermilion, 003, Non-Irrigated, 2022, 68.80
0081, Soybeans, 17, Illinois, IL, 183, Vermilion, 003, Non-Irrigated, 2023, 71.40
0081, Soybeans, 17, Illinois, IL, 183, Vermilion, 003, Non-Irrigated, 2024, 71.90
0081, Soybeans, 17, Illinois, IL, 185, Wabash, 003, Non-Irrigated, 2016, 54.50
0081, Soybeans, 17, Illinois, IL, 185, Wabash, 003, Non-Irrigated, 2017, 58.30
0081, Soybeans, 17, Illinois, IL, 185, Wabash, 003, Non-Irrigated, 2018, 52.70
0081, Soybeans, 17, Illinois, IL, 185, Wabash, 003, Non-Irrigated, 2019, 47.60
0081, Soybeans, 17, Illinois, IL, 185, Wabash, 003, Non-Irrigated, 2020, 59.10
0081, Soybeans, 17, Illinois, IL, 185, Wabash, 003, Non-Irrigated, 2021, 61.90
0081, Soybeans, 17, Illinois, IL, 185, Wabash, 003, Non-Irrigated, 2022, 56.40
0081, Soybeans, 17, Illinois, IL, 185, Wabash, 003, Non-Irrigated, 2023, 59.70
0081, Soybeans, 17, Illinois, IL, 185, Wabash, 003, Non-Irrigated, 2024, 60.00
0081, Soybeans, 17, Illinois, IL, 187, Warren, 003, Non-Irrigated, 2016, 64.80
0081, Soybeans, 17, Illinois, IL, 187, Warren, 003, Non-Irrigated, 2017, 66.60
0081, Soybeans, 17, Illinois, IL, 187, Warren, 003, Non-Irrigated, 2018, 67.40
0081, Soybeans, 17, Illinois, IL, 187, Warren, 003, Non-Irrigated, 2019, 61.30
0081, Soybeans, 17, Illinois, IL, 187, Warren, 003, Non-Irrigated, 2020, 64.90
0081, Soybeans, 17, Illinois, IL, 187, Warren, 003, Non-Irrigated, 2021, 67.40
0081, Soybeans, 17, Illinois, IL, 187, Warren, 003, Non-Irrigated, 2022, 69.30
0081, Soybeans, 17, Illinois, IL, 187, Warren, 003, Non-Irrigated, 2023, 69.40
0081, Soybeans, 17, Illinois, IL, 187, Warren, 003, Non-Irrigated, 2024, 69.50
0081, Soybeans, 17, Illinois, IL, 189, Washington, 003, Non-Irrigated, 2016, 53.40
0081, Soybeans, 17, Illinois, IL, 189, Washington, 003, Non-Irrigated, 2017, 43.70
0081, Soybeans, 17, Illinois, IL, 189, Washington, 003, Non-Irrigated, 2018, 57.90
0081, Soybeans, 17, Illinois, IL, 189, Washington, 003, Non-Irrigated, 2019, 43.90
0081, Soybeans, 17, Illinois, IL, 189, Washington, 003, Non-Irrigated, 2020, 48.60
0081, Soybeans, 17, Illinois, IL, 189, Washington, 003, Non-Irrigated, 2021, 59.10
0081, Soybeans, 17, Illinois, IL, 189, Washington, 003, Non-Irrigated, 2022, 47.40
0081, Soybeans, 17, Illinois, IL, 189, Washington, 003, Non-Irrigated, 2023, 50.60
0081, Soybeans, 17, Illinois, IL, 189, Washington, 003, Non-Irrigated, 2024, 52.80
0081, Soybeans, 17, Illinois, IL, 191, Wayne, 003, Non-Irrigated, 2016, 48.50
0081, Soybeans, 17, Illinois, IL, 191, Wayne, 003, Non-Irrigated, 2017, 49.00
0081, Soybeans, 17, Illinois, IL, 191, Wayne, 003, Non-Irrigated, 2018, 51.80
0081, Soybeans, 17, Illinois, IL, 191, Wayne, 003, Non-Irrigated, 2019, 41.30
0081, Soybeans, 17, Illinois, IL, 191, Wayne, 003, Non-Irrigated, 2020, 50.40
0081, Soybeans, 17, Illinois, IL, 191, Wayne, 003, Non-Irrigated, 2021, 59.80
0081, Soybeans, 17, Illinois, IL, 191, Wayne, 003, Non-Irrigated, 2022, 49.70
0081, Soybeans, 17, Illinois, IL, 191, Wayne, 003, Non-Irrigated, 2023, 55.60
0081, Soybeans, 17, Illinois, IL, 191, Wayne, 003, Non-Irrigated, 2024, 49.90
0081, Soybeans, 17, Illinois, IL, 193, White, 002, Irrigated, 2016, 53.00
0081, Soybeans, 17, Illinois, IL, 193, White, 002, Irrigated, 2017, 62.40
0081, Soybeans, 17, Illinois, IL, 193, White, 002, Irrigated, 2018, 64.60
0081, Soybeans, 17, Illinois, IL, 193, White, 002, Irrigated, 2019, 54.50
0081, Soybeans, 17, Illinois, IL, 193, White, 002, Irrigated, 2020, 62.40
0081, Soybeans, 17, Illinois, IL, 193, White, 002, Irrigated, 2021, 69.20
0081, Soybeans, 17, Illinois, IL, 193, White, 002, Irrigated, 2022, 62.90
0081, Soybeans, 17, Illinois, IL, 193, White, 002, Irrigated, 2023, 66.00
0081, Soybeans, 17, Illinois, IL, 193, White, 002, Irrigated, 2024, 64.20
0081, Soybeans, 17, Illinois, IL, 193, White, 003, Non-Irrigated, 2016, 48.20
0081, Soybeans, 17, Illinois, IL, 193, White, 003, Non-Irrigated, 2017, 55.30
0081, Soybeans, 17, Illinois, IL, 193, White, 003, Non-Irrigated, 2018, 46.30
0081, Soybeans, 17, Illinois, IL, 193, White, 003, Non-Irrigated, 2019, 45.10
0081, Soybeans, 17, Illinois, IL, 193, White, 003, Non-Irrigated, 2020, 56.80
0081, Soybeans, 17, Illinois, IL, 193, White, 003, Non-Irrigated, 2021, 59.90
0081, Soybeans, 17, Illinois, IL, 193, White, 003, Non-Irrigated, 2022, 55.30
0081, Soybeans, 17, Illinois, IL, 193, White, 003, Non-Irrigated, 2023, 56.10
0081, Soybeans, 17, Illinois, IL, 193, White, 003, Non-Irrigated, 2024, 56.10
0081, Soybeans, 17, Illinois, IL, 195, Whiteside, 002, Irrigated, 2016, 63.70
0081, Soybeans, 17, Illinois, IL, 195, Whiteside, 002, Irrigated, 2017, 60.30
0081, Soybeans, 17, Illinois, IL, 195, Whiteside, 002, Irrigated, 2018, 71.40
0081, Soybeans, 17, Illinois, IL, 195, Whiteside, 002, Irrigated, 2019, 61.90
0081, Soybeans, 17, Illinois, IL, 195, Whiteside, 002, Irrigated, 2020, 60.60
0081, Soybeans, 17, Illinois, IL, 195, Whiteside, 002, Irrigated, 2021, 66.20
0081, Soybeans, 17, Illinois, IL, 195, Whiteside, 002, Irrigated, 2022, 70.10
0081, Soybeans, 17, Illinois, IL, 195, Whiteside, 002, Irrigated, 2023, 66.50
0081, Soybeans, 17, Illinois, IL, 195, Whiteside, 002, Irrigated, 2024, 73.20
0081, Soybeans, 17, Illinois, IL, 195, Whiteside, 003, Non-Irrigated, 2016, 61.20
0081, Soybeans, 17, Illinois, IL, 195, Whiteside, 003, Non-Irrigated, 2017, 55.20
0081, Soybeans, 17, Illinois, IL, 195, Whiteside, 003, Non-Irrigated, 2018, 64.80
0081, Soybeans, 17, Illinois, IL, 195, Whiteside, 003, Non-Irrigated, 2019, 57.80
0081, Soybeans, 17, Illinois, IL, 195, Whiteside, 003, Non-Irrigated, 2020, 55.50
0081, Soybeans, 17, Illinois, IL, 195, Whiteside, 003, Non-Irrigated, 2021, 63.80
0081, Soybeans, 17, Illinois, IL, 195, Whiteside, 003, Non-Irrigated, 2022, 65.90
0081, Soybeans, 17, Illinois, IL, 195, Whiteside, 003, Non-Irrigated, 2023, 63.30
0081, Soybeans, 17, Illinois, IL, 195, Whiteside, 003, Non-Irrigated, 2024, 67.40
0081, Soybeans, 17, Illinois, IL, 197, Will, 003, Non-Irrigated, 2016, 56.30
0081, Soybeans, 17, Illinois, IL, 197, Will, 003, Non-Irrigated, 2017, 51.70
0081, Soybeans, 17, Illinois, IL, 197, Will, 003, Non-Irrigated, 2018, 57.00
0081, Soybeans, 17, Illinois, IL, 197, Will, 003, Non-Irrigated, 2019, 49.30
0081, Soybeans, 17, Illinois, IL, 197, Will, 003, Non-Irrigated, 2020, 49.80
0081, Soybeans, 17, Illinois, IL, 197, Will, 003, Non-Irrigated, 2021, 56.40
0081, Soybeans, 17, Illinois, IL, 197, Will, 003, Non-Irrigated, 2022, 56.30
0081, Soybeans, 17, Illinois, IL, 197, Will, 003, Non-Irrigated, 2023, 54.90
0081, Soybeans, 17, Illinois, IL, 197, Will, 003, Non-Irrigated, 2024, 48.30
0081, Soybeans, 17, Illinois, IL, 199, Williamson, 003, Non-Irrigated, 2016, 40.80
0081, Soybeans, 17, Illinois, IL, 199, Williamson, 003, Non-Irrigated, 2017, 46.70
0081, Soybeans, 17, Illinois, IL, 199, Williamson, 003, Non-Irrigated, 2018, 48.30
0081, Soybeans, 17, Illinois, IL, 199, Williamson, 003, Non-Irrigated, 2019, 34.50
0081, Soybeans, 17, Illinois, IL, 199, Williamson, 003, Non-Irrigated, 2020, 47.20
0081, Soybeans, 17, Illinois, IL, 199, Williamson, 003, Non-Irrigated, 2021, 47.40
0081, Soybeans, 17, Illinois, IL, 199, Williamson, 003, Non-Irrigated, 2022, 43.20
0081, Soybeans, 17, Illinois, IL, 199, Williamson, 003, Non-Irrigated, 2023, 46.00
0081, Soybeans, 17, Illinois, IL, 199, Williamson, 003, Non-Irrigated, 2024, 37.80
0081, Soybeans, 17, Illinois, IL, 201, Winnebago, 003, Non-Irrigated, 2016, 62.60
0081, Soybeans, 17, Illinois, IL, 201, Winnebago, 003, Non-Irrigated, 2017, 48.40
0081, Soybeans, 17, Illinois, IL, 201, Winnebago, 003, Non-Irrigated, 2018, 60.80
0081, Soybeans, 17, Illinois, IL, 201, Winnebago, 003, Non-Irrigated, 2019, 50.20
0081, Soybeans, 17, Illinois, IL, 201, Winnebago, 003, Non-Irrigated, 2020, 54.20
0081, Soybeans, 17, Illinois, IL, 201, Winnebago, 003, Non-Irrigated, 2021, 59.40
0081, Soybeans, 17, Illinois, IL, 201, Winnebago, 003, Non-Irrigated, 2022, 60.60
0081, Soybeans, 17, Illinois, IL, 201, Winnebago, 003, Non-Irrigated, 2023, 52.30
0081, Soybeans, 17, Illinois, IL, 201, Winnebago, 003, Non-Irrigated, 2024, 55.10
0081, Soybeans, 17, Illinois, IL, 203, Woodford, 003, Non-Irrigated, 2016, 65.20
0081, Soybeans, 17, Illinois, IL, 203, Woodford, 003, Non-Irrigated, 2017, 61.60
0081, Soybeans, 17, Illinois, IL, 203, Woodford, 003, Non-Irrigated, 2018, 69.00
0081, Soybeans, 17, Illinois, IL, 203, Woodford, 003, Non-Irrigated, 2019, 60.30
0081, Soybeans, 17, Illinois, IL, 203, Woodford, 003, Non-Irrigated, 2020, 58.40
0081, Soybeans, 17, Illinois, IL, 203, Woodford, 003, Non-Irrigated, 2021, 68.10
0081, Soybeans, 17, Illinois, IL, 203, Woodford, 003, Non-Irrigated, 2022, 68.80
0081, Soybeans, 17, Illinois, IL, 203, Woodford, 003, Non-Irrigated, 2023, 70.80
0081, Soybeans, 17, Illinois, IL, 203, Woodford, 003, Non-Irrigated, 2024, 73.60
0081, Soybeans, 19, Iowa, IA, 001, Adair, 003, Non-Irrigated, 2016, 59.10
0081, Soybeans, 19, Iowa, IA, 001, Adair, 003, Non-Irrigated, 2017, 52.40
0081, Soybeans, 19, Iowa, IA, 001, Adair, 003, Non-Irrigated, 2018, 46.70
0081, Soybeans, 19, Iowa, IA, 001, Adair, 003, Non-Irrigated, 2019, 55.50
0081, Soybeans, 19, Iowa, IA, 001, Adair, 003, Non-Irrigated, 2020, 48.60
0081, Soybeans, 19, Iowa, IA, 001, Adair, 003, Non-Irrigated, 2021, 63.20
0081, Soybeans, 19, Iowa, IA, 001, Adair, 003, Non-Irrigated, 2022, 47.90
0081, Soybeans, 19, Iowa, IA, 001, Adair, 003, Non-Irrigated, 2023, 59.80
0081, Soybeans, 19, Iowa, IA, 001, Adair, 003, Non-Irrigated, 2024, 64.00
0081, Soybeans, 19, Iowa, IA, 003, Adams, 003, Non-Irrigated, 2016, 56.50
0081, Soybeans, 19, Iowa, IA, 003, Adams, 003, Non-Irrigated, 2017, 52.90
0081, Soybeans, 19, Iowa, IA, 003, Adams, 003, Non-Irrigated, 2018, 50.60
0081, Soybeans, 19, Iowa, IA, 003, Adams, 003, Non-Irrigated, 2019, 53.90
0081, Soybeans, 19, Iowa, IA, 003, Adams, 003, Non-Irrigated, 2020, 52.30
0081, Soybeans, 19, Iowa, IA, 003, Adams, 003, Non-Irrigated, 2021, 63.70
0081, Soybeans, 19, Iowa, IA, 003, Adams, 003, Non-Irrigated, 2022, 48.90
0081, Soybeans, 19, Iowa, IA, 003, Adams, 003, Non-Irrigated, 2023, 57.30
0081, Soybeans, 19, Iowa, IA, 003, Adams, 003, Non-Irrigated, 2024, 61.00
0081, Soybeans, 19, Iowa, IA, 005, Allamakee, 003, Non-Irrigated, 2016, 58.50
0081, Soybeans, 19, Iowa, IA, 005, Allamakee, 003, Non-Irrigated, 2017, 50.00
0081, Soybeans, 19, Iowa, IA, 005, Allamakee, 003, Non-Irrigated, 2018, 53.60
0081, Soybeans, 19, Iowa, IA, 005, Allamakee, 003, Non-Irrigated, 2019, 54.60
0081, Soybeans, 19, Iowa, IA, 005, Allamakee, 003, Non-Irrigated, 2020, 57.50
0081, Soybeans, 19, Iowa, IA, 005, Allamakee, 003, Non-Irrigated, 2021, 61.90
0081, Soybeans, 19, Iowa, IA, 005, Allamakee, 003, Non-Irrigated, 2022, 63.00
0081, Soybeans, 19, Iowa, IA, 005, Allamakee, 003, Non-Irrigated, 2023, 53.20
0081, Soybeans, 19, Iowa, IA, 005, Allamakee, 003, Non-Irrigated, 2024, 56.40
0081, Soybeans, 19, Iowa, IA, 007, Appanoose, 003, Non-Irrigated, 2016, 59.10
0081, Soybeans, 19, Iowa, IA, 007, Appanoose, 003, Non-Irrigated, 2017, 48.10
0081, Soybeans, 19, Iowa, IA, 007, Appanoose, 003, Non-Irrigated, 2018, 42.80
0081, Soybeans, 19, Iowa, IA, 007, Appanoose, 003, Non-Irrigated, 2019, 53.60
0081, Soybeans, 19, Iowa, IA, 007, Appanoose, 003, Non-Irrigated, 2020, 36.70
0081, Soybeans, 19, Iowa, IA, 007, Appanoose, 003, Non-Irrigated, 2021, 55.40
0081, Soybeans, 19, Iowa, IA, 007, Appanoose, 003, Non-Irrigated, 2022, 38.30
0081, Soybeans, 19, Iowa, IA, 007, Appanoose, 003, Non-Irrigated, 2023, 51.10
0081, Soybeans, 19, Iowa, IA, 007, Appanoose, 003, Non-Irrigated, 2024, 58.20
0081, Soybeans, 19, Iowa, IA, 009, Audubon, 003, Non-Irrigated, 2016, 62.90
0081, Soybeans, 19, Iowa, IA, 009, Audubon, 003, Non-Irrigated, 2017, 60.70
0081, Soybeans, 19, Iowa, IA, 009, Audubon, 003, Non-Irrigated, 2018, 58.20
0081, Soybeans, 19, Iowa, IA, 009, Audubon, 003, Non-Irrigated, 2019, 62.40
0081, Soybeans, 19, Iowa, IA, 009, Audubon, 003, Non-Irrigated, 2020, 50.40
0081, Soybeans, 19, Iowa, IA, 009, Audubon, 003, Non-Irrigated, 2021, 69.30
0081, Soybeans, 19, Iowa, IA, 009, Audubon, 003, Non-Irrigated, 2022, 58.90
0081, Soybeans, 19, Iowa, IA, 009, Audubon, 003, Non-Irrigated, 2023, 54.60
0081, Soybeans, 19, Iowa, IA, 009, Audubon, 003, Non-Irrigated, 2024, 66.50
0081, Soybeans, 19, Iowa, IA, 011, Benton, 003, Non-Irrigated, 2016, 64.40
0081, Soybeans, 19, Iowa, IA, 011, Benton, 003, Non-Irrigated, 2017, 59.20
0081, Soybeans, 19, Iowa, IA, 011, Benton, 003, Non-Irrigated, 2018, 64.20
0081, Soybeans, 19, Iowa, IA, 011, Benton, 003, Non-Irrigated, 2019, 56.40
0081, Soybeans, 19, Iowa, IA, 011, Benton, 003, Non-Irrigated, 2020, 56.70
0081, Soybeans, 19, Iowa, IA, 011, Benton, 003, Non-Irrigated, 2021, 66.50
0081, Soybeans, 19, Iowa, IA, 011, Benton, 003, Non-Irrigated, 2022, 66.10
0081, Soybeans, 19, Iowa, IA, 011, Benton, 003, Non-Irrigated, 2023, 53.30
0081, Soybeans, 19, Iowa, IA, 011, Benton, 003, Non-Irrigated, 2024, 66.40
0081, Soybeans, 19, Iowa, IA, 013, Black Hawk, 003, Non-Irrigated, 2016, 62.30
0081, Soybeans, 19, Iowa, IA, 013, Black Hawk, 003, Non-Irrigated, 2017, 56.70
0081, Soybeans, 19, Iowa, IA, 013, Black Hawk, 003, Non-Irrigated, 2018, 61.00
0081, Soybeans, 19, Iowa, IA, 013, Black Hawk, 003, Non-Irrigated, 2019, 54.20
0081, Soybeans, 19, Iowa, IA, 013, Black Hawk, 003, Non-Irrigated, 2020, 55.70
0081, Soybeans, 19, Iowa, IA, 013, Black Hawk, 003, Non-Irrigated, 2021, 63.20
0081, Soybeans, 19, Iowa, IA, 013, Black Hawk, 003, Non-Irrigated, 2022, 64.50
0081, Soybeans, 19, Iowa, IA, 013, Black Hawk, 003, Non-Irrigated, 2023, 48.60
0081, Soybeans, 19, Iowa, IA, 013, Black Hawk, 003, Non-Irrigated, 2024, 59.90
0081, Soybeans, 19, Iowa, IA, 015, Boone, 003, Non-Irrigated, 2016, 61.50
0081, Soybeans, 19, Iowa, IA, 015, Boone, 003, Non-Irrigated, 2017, 58.20
0081, Soybeans, 19, Iowa, IA, 015, Boone, 003, Non-Irrigated, 2018, 56.00
0081, Soybeans, 19, Iowa, IA, 015, Boone, 003, Non-Irrigated, 2019, 53.70
0081, Soybeans, 19, Iowa, IA, 015, Boone, 003, Non-Irrigated, 2020, 52.70
0081, Soybeans, 19, Iowa, IA, 015, Boone, 003, Non-Irrigated, 2021, 64.10
0081, Soybeans, 19, Iowa, IA, 015, Boone, 003, Non-Irrigated, 2022, 62.90
0081, Soybeans, 19, Iowa, IA, 015, Boone, 003, Non-Irrigated, 2023, 67.20
0081, Soybeans, 19, Iowa, IA, 015, Boone, 003, Non-Irrigated, 2024, 65.90
0081, Soybeans, 19, Iowa, IA, 017, Bremer, 003, Non-Irrigated, 2016, 62.80
0081, Soybeans, 19, Iowa, IA, 017, Bremer, 003, Non-Irrigated, 2017, 56.30
0081, Soybeans, 19, Iowa, IA, 017, Bremer, 003, Non-Irrigated, 2018, 59.70
0081, Soybeans, 19, Iowa, IA, 017, Bremer, 003, Non-Irrigated, 2019, 58.40
0081, Soybeans, 19, Iowa, IA, 017, Bremer, 003, Non-Irrigated, 2020, 58.00
0081, Soybeans, 19, Iowa, IA, 017, Bremer, 003, Non-Irrigated, 2021, 65.60
0081, Soybeans, 19, Iowa, IA, 017, Bremer, 003, Non-Irrigated, 2022, 70.20
0081, Soybeans, 19, Iowa, IA, 017, Bremer, 003, Non-Irrigated, 2023, 54.90
0081, Soybeans, 19, Iowa, IA, 017, Bremer, 003, Non-Irrigated, 2024, 57.90
0081, Soybeans, 19, Iowa, IA, 019, Buchanan, 003, Non-Irrigated, 2016, 62.70
0081, Soybeans, 19, Iowa, IA, 019, Buchanan, 003, Non-Irrigated, 2017, 56.00
0081, Soybeans, 19, Iowa, IA, 019, Buchanan, 003, Non-Irrigated, 2018, 61.20
0081, Soybeans, 19, Iowa, IA, 019, Buchanan, 003, Non-Irrigated, 2019, 55.00
0081, Soybeans, 19, Iowa, IA, 019, Buchanan, 003, Non-Irrigated, 2020, 55.10
0081, Soybeans, 19, Iowa, IA, 019, Buchanan, 003, Non-Irrigated, 2021, 66.50
0081, Soybeans, 19, Iowa, IA, 019, Buchanan, 003, Non-Irrigated, 2022, 66.40
0081, Soybeans, 19, Iowa, IA, 019, Buchanan, 003, Non-Irrigated, 2023, 53.10
0081, Soybeans, 19, Iowa, IA, 019, Buchanan, 003, Non-Irrigated, 2024, 61.50
0081, Soybeans, 19, Iowa, IA, 021, Buena Vista, 003, Non-Irrigated, 2016, 64.50
0081, Soybeans, 19, Iowa, IA, 021, Buena Vista, 003, Non-Irrigated, 2017, 57.30
0081, Soybeans, 19, Iowa, IA, 021, Buena Vista, 003, Non-Irrigated, 2018, 59.40
0081, Soybeans, 19, Iowa, IA, 021, Buena Vista, 003, Non-Irrigated, 2019, 54.30
0081, Soybeans, 19, Iowa, IA, 021, Buena Vista, 003, Non-Irrigated, 2020, 55.30
0081, Soybeans, 19, Iowa, IA, 021, Buena Vista, 003, Non-Irrigated, 2021, 65.20
0081, Soybeans, 19, Iowa, IA, 021, Buena Vista, 003, Non-Irrigated, 2022, 57.60
0081, Soybeans, 19, Iowa, IA, 021, Buena Vista, 003, Non-Irrigated, 2023, 61.90
0081, Soybeans, 19, Iowa, IA, 021, Buena Vista, 003, Non-Irrigated, 2024, 58.30
0081, Soybeans, 19, Iowa, IA, 023, Butler, 003, Non-Irrigated, 2016, 60.90
0081, Soybeans, 19, Iowa, IA, 023, Butler, 003, Non-Irrigated, 2017, 54.30
0081, Soybeans, 19, Iowa, IA, 023, Butler, 003, Non-Irrigated, 2018, 57.10
0081, Soybeans, 19, Iowa, IA, 023, Butler, 003, Non-Irrigated, 2019, 53.10
0081, Soybeans, 19, Iowa, IA, 023, Butler, 003, Non-Irrigated, 2020, 53.80
0081, Soybeans, 19, Iowa, IA, 023, Butler, 003, Non-Irrigated, 2021, 61.60
0081, Soybeans, 19, Iowa, IA, 023, Butler, 003, Non-Irrigated, 2022, 65.10
0081, Soybeans, 19, Iowa, IA, 023, Butler, 003, Non-Irrigated, 2023, 49.10
0081, Soybeans, 19, Iowa, IA, 023, Butler, 003, Non-Irrigated, 2024, 56.30
0081, Soybeans, 19, Iowa, IA, 025, Calhoun, 003, Non-Irrigated, 2016, 63.80
0081, Soybeans, 19, Iowa, IA, 025, Calhoun, 003, Non-Irrigated, 2017, 57.40
0081, Soybeans, 19, Iowa, IA, 025, Calhoun, 003, Non-Irrigated, 2018, 54.80
0081, Soybeans, 19, Iowa, IA, 025, Calhoun, 003, Non-Irrigated, 2019, 54.70
0081, Soybeans, 19, Iowa, IA, 025, Calhoun, 003, Non-Irrigated, 2020, 49.70
0081, Soybeans, 19, Iowa, IA, 025, Calhoun, 003, Non-Irrigated, 2021, 67.50
0081, Soybeans, 19, Iowa, IA, 025, Calhoun, 003, Non-Irrigated, 2022, 60.90
0081, Soybeans, 19, Iowa, IA, 025, Calhoun, 003, Non-Irrigated, 2023, 59.80
0081, Soybeans, 19, Iowa, IA, 025, Calhoun, 003, Non-Irrigated, 2024, 66.60
0081, Soybeans, 19, Iowa, IA, 027, Carroll, 003, Non-Irrigated, 2016, 63.70
0081, Soybeans, 19, Iowa, IA, 027, Carroll, 003, Non-Irrigated, 2017, 61.90
0081, Soybeans, 19, Iowa, IA, 027, Carroll, 003, Non-Irrigated, 2018, 59.90
0081, Soybeans, 19, Iowa, IA, 027, Carroll, 003, Non-Irrigated, 2019, 61.80
0081, Soybeans, 19, Iowa, IA, 027, Carroll, 003, Non-Irrigated, 2020, 51.40
0081, Soybeans, 19, Iowa, IA, 027, Carroll, 003, Non-Irrigated, 2021, 67.00
0081, Soybeans, 19, Iowa, IA, 027, Carroll, 003, Non-Irrigated, 2022, 65.60
0081, Soybeans, 19, Iowa, IA, 027, Carroll, 003, Non-Irrigated, 2023, 55.60
0081, Soybeans, 19, Iowa, IA, 027, Carroll, 003, Non-Irrigated, 2024, 70.10
0081, Soybeans, 19, Iowa, IA, 029, Cass, 003, Non-Irrigated, 2016, 61.00
0081, Soybeans, 19, Iowa, IA, 029, Cass, 003, Non-Irrigated, 2017, 56.70
0081, Soybeans, 19, Iowa, IA, 029, Cass, 003, Non-Irrigated, 2018, 53.20
0081, Soybeans, 19, Iowa, IA, 029, Cass, 003, Non-Irrigated, 2019, 60.50
0081, Soybeans, 19, Iowa, IA, 029, Cass, 003, Non-Irrigated, 2020, 50.20
0081, Soybeans, 19, Iowa, IA, 029, Cass, 003, Non-Irrigated, 2021, 62.10
0081, Soybeans, 19, Iowa, IA, 029, Cass, 003, Non-Irrigated, 2022, 51.50
0081, Soybeans, 19, Iowa, IA, 029, Cass, 003, Non-Irrigated, 2023, 59.50
0081, Soybeans, 19, Iowa, IA, 029, Cass, 003, Non-Irrigated, 2024, 64.70
0081, Soybeans, 19, Iowa, IA, 031, Cedar, 003, Non-Irrigated, 2016, 64.00
0081, Soybeans, 19, Iowa, IA, 031, Cedar, 003, Non-Irrigated, 2017, 60.80
0081, Soybeans, 19, Iowa, IA, 031, Cedar, 003, Non-Irrigated, 2018, 66.20
0081, Soybeans, 19, Iowa, IA, 031, Cedar, 003, Non-Irrigated, 2019, 61.60
0081, Soybeans, 19, Iowa, IA, 031, Cedar, 003, Non-Irrigated, 2020, 59.50
0081, Soybeans, 19, Iowa, IA, 031, Cedar, 003, Non-Irrigated, 2021, 68.40
0081, Soybeans, 19, Iowa, IA, 031, Cedar, 003, Non-Irrigated, 2022, 70.60
0081, Soybeans, 19, Iowa, IA, 031, Cedar, 003, Non-Irrigated, 2023, 65.40
0081, Soybeans, 19, Iowa, IA, 031, Cedar, 003, Non-Irrigated, 2024, 70.30
0081, Soybeans, 19, Iowa, IA, 033, Cerro Gordo, 003, Non-Irrigated, 2016, 61.70
0081, Soybeans, 19, Iowa, IA, 033, Cerro Gordo, 003, Non-Irrigated, 2017, 55.90
0081, Soybeans, 19, Iowa, IA, 033, Cerro Gordo, 003, Non-Irrigated, 2018, 52.70
0081, Soybeans, 19, Iowa, IA, 033, Cerro Gordo, 003, Non-Irrigated, 2019, 53.40
0081, Soybeans, 19, Iowa, IA, 033, Cerro Gordo, 003, Non-Irrigated, 2020, 61.00
0081, Soybeans, 19, Iowa, IA, 033, Cerro Gordo, 003, Non-Irrigated, 2021, 61.30
0081, Soybeans, 19, Iowa, IA, 033, Cerro Gordo, 003, Non-Irrigated, 2022, 65.80
0081, Soybeans, 19, Iowa, IA, 033, Cerro Gordo, 003, Non-Irrigated, 2023, 58.40
0081, Soybeans, 19, Iowa, IA, 033, Cerro Gordo, 003, Non-Irrigated, 2024, 59.00
0081, Soybeans, 19, Iowa, IA, 035, Cherokee, 003, Non-Irrigated, 2016, 69.50
0081, Soybeans, 19, Iowa, IA, 035, Cherokee, 003, Non-Irrigated, 2017, 60.90
0081, Soybeans, 19, Iowa, IA, 035, Cherokee, 003, Non-Irrigated, 2018, 65.40
0081, Soybeans, 19, Iowa, IA, 035, Cherokee, 003, Non-Irrigated, 2019, 59.90
0081, Soybeans, 19, Iowa, IA, 035, Cherokee, 003, Non-Irrigated, 2020, 60.10
0081, Soybeans, 19, Iowa, IA, 035, Cherokee, 003, Non-Irrigated, 2021, 68.10
0081, Soybeans, 19, Iowa, IA, 035, Cherokee, 003, Non-Irrigated, 2022, 58.40
0081, Soybeans, 19, Iowa, IA, 035, Cherokee, 003, Non-Irrigated, 2023, 64.80
0081, Soybeans, 19, Iowa, IA, 035, Cherokee, 003, Non-Irrigated, 2024, 63.60
0081, Soybeans, 19, Iowa, IA, 037, Chickasaw, 003, Non-Irrigated, 2016, 59.30
0081, Soybeans, 19, Iowa, IA, 037, Chickasaw, 003, Non-Irrigated, 2017, 52.70
0081, Soybeans, 19, Iowa, IA, 037, Chickasaw, 003, Non-Irrigated, 2018, 55.60
0081, Soybeans, 19, Iowa, IA, 037, Chickasaw, 003, Non-Irrigated, 2019, 55.90
0081, Soybeans, 19, Iowa, IA, 037, Chickasaw, 003, Non-Irrigated, 2020, 56.10
0081, Soybeans, 19, Iowa, IA, 037, Chickasaw, 003, Non-Irrigated, 2021, 63.70
0081, Soybeans, 19, Iowa, IA, 037, Chickasaw, 003, Non-Irrigated, 2022, 65.30
0081, Soybeans, 19, Iowa, IA, 037, Chickasaw, 003, Non-Irrigated, 2023, 51.50
0081, Soybeans, 19, Iowa, IA, 037, Chickasaw, 003, Non-Irrigated, 2024, 53.50
0081, Soybeans, 19, Iowa, IA, 039, Clarke, 003, Non-Irrigated, 2016, 54.40
0081, Soybeans, 19, Iowa, IA, 039, Clarke, 003, Non-Irrigated, 2017, 34.90
0081, Soybeans, 19, Iowa, IA, 039, Clarke, 003, Non-Irrigated, 2018, 44.00
0081, Soybeans, 19, Iowa, IA, 039, Clarke, 003, Non-Irrigated, 2019, 48.20
0081, Soybeans, 19, Iowa, IA, 039, Clarke, 003, Non-Irrigated, 2020, 46.20
0081, Soybeans, 19, Iowa, IA, 039, Clarke, 003, Non-Irrigated, 2021, 57.90
0081, Soybeans, 19, Iowa, IA, 039, Clarke, 003, Non-Irrigated, 2022, 33.40
0081, Soybeans, 19, Iowa, IA, 039, Clarke, 003, Non-Irrigated, 2023, 57.70
0081, Soybeans, 19, Iowa, IA, 039, Clarke, 003, Non-Irrigated, 2024, 55.90
0081, Soybeans, 19, Iowa, IA, 041, Clay, 003, Non-Irrigated, 2016, 63.20
0081, Soybeans, 19, Iowa, IA, 041, Clay, 003, Non-Irrigated, 2017, 58.40
0081, Soybeans, 19, Iowa, IA, 041, Clay, 003, Non-Irrigated, 2018, 52.60
0081, Soybeans, 19, Iowa, IA, 041, Clay, 003, Non-Irrigated, 2019, 50.70
0081, Soybeans, 19, Iowa, IA, 041, Clay, 003, Non-Irrigated, 2020, 51.50
0081, Soybeans, 19, Iowa, IA, 041, Clay, 003, Non-Irrigated, 2021, 63.60
0081, Soybeans, 19, Iowa, IA, 041, Clay, 003, Non-Irrigated, 2022, 55.50
0081, Soybeans, 19, Iowa, IA, 041, Clay, 003, Non-Irrigated, 2023, 61.80
0081, Soybeans, 19, Iowa, IA, 041, Clay, 003, Non-Irrigated, 2024, 49.20
0081, Soybeans, 19, Iowa, IA, 043, Clayton, 003, Non-Irrigated, 2016, 65.40
0081, Soybeans, 19, Iowa, IA, 043, Clayton, 003, Non-Irrigated, 2017, 56.50
0081, Soybeans, 19, Iowa, IA, 043, Clayton, 003, Non-Irrigated, 2018, 60.50
0081, Soybeans, 19, Iowa, IA, 043, Clayton, 003, Non-Irrigated, 2019, 59.50
0081, Soybeans, 19, Iowa, IA, 043, Clayton, 003, Non-Irrigated, 2020, 63.20
0081, Soybeans, 19, Iowa, IA, 043, Clayton, 003, Non-Irrigated, 2021, 67.50
0081, Soybeans, 19, Iowa, IA, 043, Clayton, 003, Non-Irrigated, 2022, 66.90
0081, Soybeans, 19, Iowa, IA, 043, Clayton, 003, Non-Irrigated, 2023, 58.60
0081, Soybeans, 19, Iowa, IA, 043, Clayton, 003, Non-Irrigated, 2024, 62.80
0081, Soybeans, 19, Iowa, IA, 045, Clinton, 003, Non-Irrigated, 2016, 64.10
0081, Soybeans, 19, Iowa, IA, 045, Clinton, 003, Non-Irrigated, 2017, 58.20
0081, Soybeans, 19, Iowa, IA, 045, Clinton, 003, Non-Irrigated, 2018, 63.20
0081, Soybeans, 19, Iowa, IA, 045, Clinton, 003, Non-Irrigated, 2019, 57.20
0081, Soybeans, 19, Iowa, IA, 045, Clinton, 003, Non-Irrigated, 2020, 59.80
0081, Soybeans, 19, Iowa, IA, 045, Clinton, 003, Non-Irrigated, 2021, 64.80
0081, Soybeans, 19, Iowa, IA, 045, Clinton, 003, Non-Irrigated, 2022, 69.70
0081, Soybeans, 19, Iowa, IA, 045, Clinton, 003, Non-Irrigated, 2023, 60.20
0081, Soybeans, 19, Iowa, IA, 045, Clinton, 003, Non-Irrigated, 2024, 70.60
0081, Soybeans, 19, Iowa, IA, 047, Crawford, 003, Non-Irrigated, 2016, 64.60
0081, Soybeans, 19, Iowa, IA, 047, Crawford, 003, Non-Irrigated, 2017, 61.30
0081, Soybeans, 19, Iowa, IA, 047, Crawford, 003, Non-Irrigated, 2018, 63.70
0081, Soybeans, 19, Iowa, IA, 047, Crawford, 003, Non-Irrigated, 2019, 62.30
0081, Soybeans, 19, Iowa, IA, 047, Crawford, 003, Non-Irrigated, 2020, 56.90
0081, Soybeans, 19, Iowa, IA, 047, Crawford, 003, Non-Irrigated, 2021, 64.60
0081, Soybeans, 19, Iowa, IA, 047, Crawford, 003, Non-Irrigated, 2022, 64.60
0081, Soybeans, 19, Iowa, IA, 047, Crawford, 003, Non-Irrigated, 2023, 51.10
0081, Soybeans, 19, Iowa, IA, 047, Crawford, 003, Non-Irrigated, 2024, 69.10
0081, Soybeans, 19, Iowa, IA, 049, Dallas, 003, Non-Irrigated, 2016, 58.00
0081, Soybeans, 19, Iowa, IA, 049, Dallas, 003, Non-Irrigated, 2017, 55.10
0081, Soybeans, 19, Iowa, IA, 049, Dallas, 003, Non-Irrigated, 2018, 53.10
0081, Soybeans, 19, Iowa, IA, 049, Dallas, 003, Non-Irrigated, 2019, 56.10
0081, Soybeans, 19, Iowa, IA, 049, Dallas, 003, Non-Irrigated, 2020, 44.20
0081, Soybeans, 19, Iowa, IA, 049, Dallas, 003, Non-Irrigated, 2021, 65.00
0081, Soybeans, 19, Iowa, IA, 049, Dallas, 003, Non-Irrigated, 2022, 56.40
0081, Soybeans, 19, Iowa, IA, 049, Dallas, 003, Non-Irrigated, 2023, 61.50
0081, Soybeans, 19, Iowa, IA, 049, Dallas, 003, Non-Irrigated, 2024, 65.70
0081, Soybeans, 19, Iowa, IA, 051, Davis, 003, Non-Irrigated, 2016, 57.60
0081, Soybeans, 19, Iowa, IA, 051, Davis, 003, Non-Irrigated, 2017, 36.60
0081, Soybeans, 19, Iowa, IA, 051, Davis, 003, Non-Irrigated, 2018, 51.30
0081, Soybeans, 19, Iowa, IA, 051, Davis, 003, Non-Irrigated, 2019, 54.80
0081, Soybeans, 19, Iowa, IA, 051, Davis, 003, Non-Irrigated, 2020, 37.40
0081, Soybeans, 19, Iowa, IA, 051, Davis, 003, Non-Irrigated, 2021, 55.40
0081, Soybeans, 19, Iowa, IA, 051, Davis, 003, Non-Irrigated, 2022, 43.20
0081, Soybeans, 19, Iowa, IA, 051, Davis, 003, Non-Irrigated, 2023, 45.20
0081, Soybeans, 19, Iowa, IA, 051, Davis, 003, Non-Irrigated, 2024, 58.60
0081, Soybeans, 19, Iowa, IA, 053, Decatur, 003, Non-Irrigated, 2016, 56.30
0081, Soybeans, 19, Iowa, IA, 053, Decatur, 003, Non-Irrigated, 2017, 41.40
0081, Soybeans, 19, Iowa, IA, 053, Decatur, 003, Non-Irrigated, 2018, 45.00
0081, Soybeans, 19, Iowa, IA, 053, Decatur, 003, Non-Irrigated, 2019, 48.10
0081, Soybeans, 19, Iowa, IA, 053, Decatur, 003, Non-Irrigated, 2020, 46.80
0081, Soybeans, 19, Iowa, IA, 053, Decatur, 003, Non-Irrigated, 2021, 56.90
0081, Soybeans, 19, Iowa, IA, 053, Decatur, 003, Non-Irrigated, 2022, 37.70
0081, Soybeans, 19, Iowa, IA, 053, Decatur, 003, Non-Irrigated, 2023, 57.90
0081, Soybeans, 19, Iowa, IA, 053, Decatur, 003, Non-Irrigated, 2024, 50.70
0081, Soybeans, 19, Iowa, IA, 055, Delaware, 003, Non-Irrigated, 2016, 67.90
0081, Soybeans, 19, Iowa, IA, 055, Delaware, 003, Non-Irrigated, 2017, 60.70
0081, Soybeans, 19, Iowa, IA, 055, Delaware, 003, Non-Irrigated, 2018, 67.10
0081, Soybeans, 19, Iowa, IA, 055, Delaware, 003, Non-Irrigated, 2019, 62.20
0081, Soybeans, 19, Iowa, IA, 055, Delaware, 003, Non-Irrigated, 2020, 61.90
0081, Soybeans, 19, Iowa, IA, 055, Delaware, 003, Non-Irrigated, 2021, 71.30
0081, Soybeans, 19, Iowa, IA, 055, Delaware, 003, Non-Irrigated, 2022, 71.70
0081, Soybeans, 19, Iowa, IA, 055, Delaware, 003, Non-Irrigated, 2023, 55.90
0081, Soybeans, 19, Iowa, IA, 055, Delaware, 003, Non-Irrigated, 2024, 66.90
0081, Soybeans, 19, Iowa, IA, 057, Des Moines, 003, Non-Irrigated, 2016, 62.70
0081, Soybeans, 19, Iowa, IA, 057, Des Moines, 003, Non-Irrigated, 2017, 63.80
0081, Soybeans, 19, Iowa, IA, 057, Des Moines, 003, Non-Irrigated, 2018, 65.80
0081, Soybeans, 19, Iowa, IA, 057, Des Moines, 003, Non-Irrigated, 2019, 58.10
0081, Soybeans, 19, Iowa, IA, 057, Des Moines, 003, Non-Irrigated, 2020, 60.60
0081, Soybeans, 19, Iowa, IA, 057, Des Moines, 003, Non-Irrigated, 2021, 60.00
0081, Soybeans, 19, Iowa, IA, 057, Des Moines, 003, Non-Irrigated, 2022, 68.00
0081, Soybeans, 19, Iowa, IA, 057, Des Moines, 003, Non-Irrigated, 2023, 67.70
0081, Soybeans, 19, Iowa, IA, 057, Des Moines, 003, Non-Irrigated, 2024, 69.50
0081, Soybeans, 19, Iowa, IA, 059, Dickinson, 003, Non-Irrigated, 2016, 59.70
0081, Soybeans, 19, Iowa, IA, 059, Dickinson, 003, Non-Irrigated, 2017, 57.60
0081, Soybeans, 19, Iowa, IA, 059, Dickinson, 003, Non-Irrigated, 2018, 51.20
0081, Soybeans, 19, Iowa, IA, 059, Dickinson, 003, Non-Irrigated, 2019, 52.60
0081, Soybeans, 19, Iowa, IA, 059, Dickinson, 003, Non-Irrigated, 2020, 54.60
0081, Soybeans, 19, Iowa, IA, 059, Dickinson, 003, Non-Irrigated, 2021, 55.10
0081, Soybeans, 19, Iowa, IA, 059, Dickinson, 003, Non-Irrigated, 2022, 59.00
0081, Soybeans, 19, Iowa, IA, 059, Dickinson, 003, Non-Irrigated, 2023, 56.90
0081, Soybeans, 19, Iowa, IA, 059, Dickinson, 003, Non-Irrigated, 2024, 41.30
0081, Soybeans, 19, Iowa, IA, 061, Dubuque, 003, Non-Irrigated, 2016, 64.90
0081, Soybeans, 19, Iowa, IA, 061, Dubuque, 003, Non-Irrigated, 2017, 61.30
0081, Soybeans, 19, Iowa, IA, 061, Dubuque, 003, Non-Irrigated, 2018, 63.30
0081, Soybeans, 19, Iowa, IA, 061, Dubuque, 003, Non-Irrigated, 2019, 58.60
0081, Soybeans, 19, Iowa, IA, 061, Dubuque, 003, Non-Irrigated, 2020, 64.20
0081, Soybeans, 19, Iowa, IA, 061, Dubuque, 003, Non-Irrigated, 2021, 69.40
0081, Soybeans, 19, Iowa, IA, 061, Dubuque, 003, Non-Irrigated, 2022, 69.10
0081, Soybeans, 19, Iowa, IA, 061, Dubuque, 003, Non-Irrigated, 2023, 62.30
0081, Soybeans, 19, Iowa, IA, 061, Dubuque, 003, Non-Irrigated, 2024, 64.10
0081, Soybeans, 19, Iowa, IA, 063, Emmet, 003, Non-Irrigated, 2016, 62.60
0081, Soybeans, 19, Iowa, IA, 063, Emmet, 003, Non-Irrigated, 2017, 59.40
0081, Soybeans, 19, Iowa, IA, 063, Emmet, 003, Non-Irrigated, 2018, 49.60
0081, Soybeans, 19, Iowa, IA, 063, Emmet, 003, Non-Irrigated, 2019, 53.60
0081, Soybeans, 19, Iowa, IA, 063, Emmet, 003, Non-Irrigated, 2020, 55.60
0081, Soybeans, 19, Iowa, IA, 063, Emmet, 003, Non-Irrigated, 2021, 56.90
0081, Soybeans, 19, Iowa, IA, 063, Emmet, 003, Non-Irrigated, 2022, 64.40
0081, Soybeans, 19, Iowa, IA, 063, Emmet, 003, Non-Irrigated, 2023, 63.60
0081, Soybeans, 19, Iowa, IA, 063, Emmet, 003, Non-Irrigated, 2024, 44.60
0081, Soybeans, 19, Iowa, IA, 065, Fayette, 003, Non-Irrigated, 2016, 62.20
0081, Soybeans, 19, Iowa, IA, 065, Fayette, 003, Non-Irrigated, 2017, 53.80
0081, Soybeans, 19, Iowa, IA, 065, Fayette, 003, Non-Irrigated, 2018, 57.80
0081, Soybeans, 19, Iowa, IA, 065, Fayette, 003, Non-Irrigated, 2019, 57.50
0081, Soybeans, 19, Iowa, IA, 065, Fayette, 003, Non-Irrigated, 2020, 56.70
0081, Soybeans, 19, Iowa, IA, 065, Fayette, 003, Non-Irrigated, 2021, 66.40
0081, Soybeans, 19, Iowa, IA, 065, Fayette, 003, Non-Irrigated, 2022, 66.20
0081, Soybeans, 19, Iowa, IA, 065, Fayette, 003, Non-Irrigated, 2023, 53.30
0081, Soybeans, 19, Iowa, IA, 065, Fayette, 003, Non-Irrigated, 2024, 56.30
0081, Soybeans, 19, Iowa, IA, 067, Floyd, 003, Non-Irrigated, 2016, 58.30
0081, Soybeans, 19, Iowa, IA, 067, Floyd, 003, Non-Irrigated, 2017, 53.60
0081, Soybeans, 19, Iowa, IA, 067, Floyd, 003, Non-Irrigated, 2018, 51.70
0081, Soybeans, 19, Iowa, IA, 067, Floyd, 003, Non-Irrigated, 2019, 53.80
0081, Soybeans, 19, Iowa, IA, 067, Floyd, 003, Non-Irrigated, 2020, 57.00
0081, Soybeans, 19, Iowa, IA, 067, Floyd, 003, Non-Irrigated, 2021, 60.90
0081, Soybeans, 19, Iowa, IA, 067, Floyd, 003, Non-Irrigated, 2022, 63.90
0081, Soybeans, 19, Iowa, IA, 067, Floyd, 003, Non-Irrigated, 2023, 50.30
0081, Soybeans, 19, Iowa, IA, 067, Floyd, 003, Non-Irrigated, 2024, 54.20
0081, Soybeans, 19, Iowa, IA, 069, Franklin, 003, Non-Irrigated, 2016, 62.00
0081, Soybeans, 19, Iowa, IA, 069, Franklin, 003, Non-Irrigated, 2017, 55.90
0081, Soybeans, 19, Iowa, IA, 069, Franklin, 003, Non-Irrigated, 2018, 57.90
0081, Soybeans, 19, Iowa, IA, 069, Franklin, 003, Non-Irrigated, 2019, 54.30
0081, Soybeans, 19, Iowa, IA, 069, Franklin, 003, Non-Irrigated, 2020, 55.70
0081, Soybeans, 19, Iowa, IA, 069, Franklin, 003, Non-Irrigated, 2021, 60.70
0081, Soybeans, 19, Iowa, IA, 069, Franklin, 003, Non-Irrigated, 2022, 64.90
0081, Soybeans, 19, Iowa, IA, 069, Franklin, 003, Non-Irrigated, 2023, 57.60
0081, Soybeans, 19, Iowa, IA, 069, Franklin, 003, Non-Irrigated, 2024, 59.30
0081, Soybeans, 19, Iowa, IA, 071, Fremont, 003, Non-Irrigated, 2016, 55.10
0081, Soybeans, 19, Iowa, IA, 071, Fremont, 003, Non-Irrigated, 2017, 57.70
0081, Soybeans, 19, Iowa, IA, 071, Fremont, 003, Non-Irrigated, 2018, 49.90
0081, Soybeans, 19, Iowa, IA, 071, Fremont, 003, Non-Irrigated, 2019, 59.20
0081, Soybeans, 19, Iowa, IA, 071, Fremont, 003, Non-Irrigated, 2020, 55.40
0081, Soybeans, 19, Iowa, IA, 071, Fremont, 003, Non-Irrigated, 2021, 67.20
0081, Soybeans, 19, Iowa, IA, 071, Fremont, 003, Non-Irrigated, 2022, 53.80
0081, Soybeans, 19, Iowa, IA, 071, Fremont, 003, Non-Irrigated, 2023, 62.60
0081, Soybeans, 19, Iowa, IA, 071, Fremont, 003, Non-Irrigated, 2024, 62.80
0081, Soybeans, 19, Iowa, IA, 073, Greene, 003, Non-Irrigated, 2016, 61.60
0081, Soybeans, 19, Iowa, IA, 073, Greene, 003, Non-Irrigated, 2017, 57.60
0081, Soybeans, 19, Iowa, IA, 073, Greene, 003, Non-Irrigated, 2018, 57.00
0081, Soybeans, 19, Iowa, IA, 073, Greene, 003, Non-Irrigated, 2019, 55.80
0081, Soybeans, 19, Iowa, IA, 073, Greene, 003, Non-Irrigated, 2020, 46.60
0081, Soybeans, 19, Iowa, IA, 073, Greene, 003, Non-Irrigated, 2021, 66.10
0081, Soybeans, 19, Iowa, IA, 073, Greene, 003, Non-Irrigated, 2022, 62.50
0081, Soybeans, 19, Iowa, IA, 073, Greene, 003, Non-Irrigated, 2023, 62.20
0081, Soybeans, 19, Iowa, IA, 073, Greene, 003, Non-Irrigated, 2024, 67.00
0081, Soybeans, 19, Iowa, IA, 075, Grundy, 003, Non-Irrigated, 2016, 66.70
0081, Soybeans, 19, Iowa, IA, 075, Grundy, 003, Non-Irrigated, 2017, 65.00
0081, Soybeans, 19, Iowa, IA, 075, Grundy, 003, Non-Irrigated, 2018, 64.00
0081, Soybeans, 19, Iowa, IA, 075, Grundy, 003, Non-Irrigated, 2019, 56.20
0081, Soybeans, 19, Iowa, IA, 075, Grundy, 003, Non-Irrigated, 2020, 64.30
0081, Soybeans, 19, Iowa, IA, 075, Grundy, 003, Non-Irrigated, 2021, 70.40
0081, Soybeans, 19, Iowa, IA, 075, Grundy, 003, Non-Irrigated, 2022, 68.80
0081, Soybeans, 19, Iowa, IA, 075, Grundy, 003, Non-Irrigated, 2023, 62.80
0081, Soybeans, 19, Iowa, IA, 075, Grundy, 003, Non-Irrigated, 2024, 67.20
0081, Soybeans, 19, Iowa, IA, 077, Guthrie, 003, Non-Irrigated, 2016, 59.20
0081, Soybeans, 19, Iowa, IA, 077, Guthrie, 003, Non-Irrigated, 2017, 56.80
0081, Soybeans, 19, Iowa, IA, 077, Guthrie, 003, Non-Irrigated, 2018, 54.20
0081, Soybeans, 19, Iowa, IA, 077, Guthrie, 003, Non-Irrigated, 2019, 56.20
0081, Soybeans, 19, Iowa, IA, 077, Guthrie, 003, Non-Irrigated, 2020, 41.90
0081, Soybeans, 19, Iowa, IA, 077, Guthrie, 003, Non-Irrigated, 2021, 67.10
0081, Soybeans, 19, Iowa, IA, 077, Guthrie, 003, Non-Irrigated, 2022, 57.40
0081, Soybeans, 19, Iowa, IA, 077, Guthrie, 003, Non-Irrigated, 2023, 57.10
0081, Soybeans, 19, Iowa, IA, 077, Guthrie, 003, Non-Irrigated, 2024, 66.00
0081, Soybeans, 19, Iowa, IA, 079, Hamilton, 003, Non-Irrigated, 2016, 62.70
0081, Soybeans, 19, Iowa, IA, 079, Hamilton, 003, Non-Irrigated, 2017, 57.50
0081, Soybeans, 19, Iowa, IA, 079, Hamilton, 003, Non-Irrigated, 2018, 54.10
0081, Soybeans, 19, Iowa, IA, 079, Hamilton, 003, Non-Irrigated, 2019, 52.00
0081, Soybeans, 19, Iowa, IA, 079, Hamilton, 003, Non-Irrigated, 2020, 51.20
0081, Soybeans, 19, Iowa, IA, 079, Hamilton, 003, Non-Irrigated, 2021, 63.80
0081, Soybeans, 19, Iowa, IA, 079, Hamilton, 003, Non-Irrigated, 2022, 62.90
0081, Soybeans, 19, Iowa, IA, 079, Hamilton, 003, Non-Irrigated, 2023, 62.50
0081, Soybeans, 19, Iowa, IA, 079, Hamilton, 003, Non-Irrigated, 2024, 61.80
0081, Soybeans, 19, Iowa, IA, 081, Hancock, 003, Non-Irrigated, 2016, 64.40
0081, Soybeans, 19, Iowa, IA, 081, Hancock, 003, Non-Irrigated, 2017, 57.90
0081, Soybeans, 19, Iowa, IA, 081, Hancock, 003, Non-Irrigated, 2018, 54.90
0081, Soybeans, 19, Iowa, IA, 081, Hancock, 003, Non-Irrigated, 2019, 56.80
0081, Soybeans, 19, Iowa, IA, 081, Hancock, 003, Non-Irrigated, 2020, 64.30
0081, Soybeans, 19, Iowa, IA, 081, Hancock, 003, Non-Irrigated, 2021, 65.20
0081, Soybeans, 19, Iowa, IA, 081, Hancock, 003, Non-Irrigated, 2022, 68.30
0081, Soybeans, 19, Iowa, IA, 081, Hancock, 003, Non-Irrigated, 2023, 60.30
0081, Soybeans, 19, Iowa, IA, 081, Hancock, 003, Non-Irrigated, 2024, 59.40
0081, Soybeans, 19, Iowa, IA, 083, Hardin, 003, Non-Irrigated, 2016, 64.00
0081, Soybeans, 19, Iowa, IA, 083, Hardin, 003, Non-Irrigated, 2017, 60.80
0081, Soybeans, 19, Iowa, IA, 083, Hardin, 003, Non-Irrigated, 2018, 62.20
0081, Soybeans, 19, Iowa, IA, 083, Hardin, 003, Non-Irrigated, 2019, 54.10
0081, Soybeans, 19, Iowa, IA, 083, Hardin, 003, Non-Irrigated, 2020, 53.60
0081, Soybeans, 19, Iowa, IA, 083, Hardin, 003, Non-Irrigated, 2021, 65.10
0081, Soybeans, 19, Iowa, IA, 083, Hardin, 003, Non-Irrigated, 2022, 66.00
0081, Soybeans, 19, Iowa, IA, 083, Hardin, 003, Non-Irrigated, 2023, 63.50
0081, Soybeans, 19, Iowa, IA, 083, Hardin, 003, Non-Irrigated, 2024, 61.30
0081, Soybeans, 19, Iowa, IA, 085, Harrison, 003, Non-Irrigated, 2016, 59.50
0081, Soybeans, 19, Iowa, IA, 085, Harrison, 003, Non-Irrigated, 2017, 56.40
0081, Soybeans, 19, Iowa, IA, 085, Harrison, 003, Non-Irrigated, 2018, 55.60
0081, Soybeans, 19, Iowa, IA, 085, Harrison, 003, Non-Irrigated, 2019, 57.70
0081, Soybeans, 19, Iowa, IA, 085, Harrison, 003, Non-Irrigated, 2020, 51.70
0081, Soybeans, 19, Iowa, IA, 085, Harrison, 003, Non-Irrigated, 2021, 68.60
0081, Soybeans, 19, Iowa, IA, 085, Harrison, 003, Non-Irrigated, 2022, 48.00
0081, Soybeans, 19, Iowa, IA, 085, Harrison, 003, Non-Irrigated, 2023, 54.40
0081, Soybeans, 19, Iowa, IA, 085, Harrison, 003, Non-Irrigated, 2024, 59.10
0081, Soybeans, 19, Iowa, IA, 087, Henry, 003, Non-Irrigated, 2016, 59.90
0081, Soybeans, 19, Iowa, IA, 087, Henry, 003, Non-Irrigated, 2017, 57.30
0081, Soybeans, 19, Iowa, IA, 087, Henry, 003, Non-Irrigated, 2018, 64.10
0081, Soybeans, 19, Iowa, IA, 087, Henry, 003, Non-Irrigated, 2019, 57.00
0081, Soybeans, 19, Iowa, IA, 087, Henry, 003, Non-Irrigated, 2020, 58.40
0081, Soybeans, 19, Iowa, IA, 087, Henry, 003, Non-Irrigated, 2021, 59.20
0081, Soybeans, 19, Iowa, IA, 087, Henry, 003, Non-Irrigated, 2022, 59.60
0081, Soybeans, 19, Iowa, IA, 087, Henry, 003, Non-Irrigated, 2023, 63.80
0081, Soybeans, 19, Iowa, IA, 087, Henry, 003, Non-Irrigated, 2024, 69.20
0081, Soybeans, 19, Iowa, IA, 089, Howard, 003, Non-Irrigated, 2016, 59.50
0081, Soybeans, 19, Iowa, IA, 089, Howard, 003, Non-Irrigated, 2017, 53.00
0081, Soybeans, 19, Iowa, IA, 089, Howard, 003, Non-Irrigated, 2018, 55.20
0081, Soybeans, 19, Iowa, IA, 089, Howard, 003, Non-Irrigated, 2019, 53.80
0081, Soybeans, 19, Iowa, IA, 089, Howard, 003, Non-Irrigated, 2020, 57.80
0081, Soybeans, 19, Iowa, IA, 089, Howard, 003, Non-Irrigated, 2021, 64.10
0081, Soybeans, 19, Iowa, IA, 089, Howard, 003, Non-Irrigated, 2022, 62.20
0081, Soybeans, 19, Iowa, IA, 089, Howard, 003, Non-Irrigated, 2023, 50.60
0081, Soybeans, 19, Iowa, IA, 089, Howard, 003, Non-Irrigated, 2024, 54.60
0081, Soybeans, 19, Iowa, IA, 091, Humboldt, 003, Non-Irrigated, 2016, 63.60
0081, Soybeans, 19, Iowa, IA, 091, Humboldt, 003, Non-Irrigated, 2017, 58.30
0081, Soybeans, 19, Iowa, IA, 091, Humboldt, 003, Non-Irrigated, 2018, 52.10
0081, Soybeans, 19, Iowa, IA, 091, Humboldt, 003, Non-Irrigated, 2019, 55.90
0081, Soybeans, 19, Iowa, IA, 091, Humboldt, 003, Non-Irrigated, 2020, 59.30
0081, Soybeans, 19, Iowa, IA, 091, Humboldt, 003, Non-Irrigated, 2021, 63.10
0081, Soybeans, 19, Iowa, IA, 091, Humboldt, 003, Non-Irrigated, 2022, 58.50
0081, Soybeans, 19, Iowa, IA, 091, Humboldt, 003, Non-Irrigated, 2023, 57.20
0081, Soybeans, 19, Iowa, IA, 091, Humboldt, 003, Non-Irrigated, 2024, 55.60
0081, Soybeans, 19, Iowa, IA, 093, Ida, 003, Non-Irrigated, 2016, 67.80
0081, Soybeans, 19, Iowa, IA, 093, Ida, 003, Non-Irrigated, 2017, 62.50
0081, Soybeans, 19, Iowa, IA, 093, Ida, 003, Non-Irrigated, 2018, 66.50
0081, Soybeans, 19, Iowa, IA, 093, Ida, 003, Non-Irrigated, 2019, 61.50
0081, Soybeans, 19, Iowa, IA, 093, Ida, 003, Non-Irrigated, 2020, 54.50
0081, Soybeans, 19, Iowa, IA, 093, Ida, 003, Non-Irrigated, 2021, 66.90
0081, Soybeans, 19, Iowa, IA, 093, Ida, 003, Non-Irrigated, 2022, 67.50
0081, Soybeans, 19, Iowa, IA, 093, Ida, 003, Non-Irrigated, 2023, 57.50
0081, Soybeans, 19, Iowa, IA, 093, Ida, 003, Non-Irrigated, 2024, 69.30
0081, Soybeans, 19, Iowa, IA, 095, Iowa, 003, Non-Irrigated, 2016, 59.40
0081, Soybeans, 19, Iowa, IA, 095, Iowa, 003, Non-Irrigated, 2017, 57.40
0081, Soybeans, 19, Iowa, IA, 095, Iowa, 003, Non-Irrigated, 2018, 56.20
0081, Soybeans, 19, Iowa, IA, 095, Iowa, 003, Non-Irrigated, 2019, 54.20
0081, Soybeans, 19, Iowa, IA, 095, Iowa, 003, Non-Irrigated, 2020, 50.60
0081, Soybeans, 19, Iowa, IA, 095, Iowa, 003, Non-Irrigated, 2021, 62.40
0081, Soybeans, 19, Iowa, IA, 095, Iowa, 003, Non-Irrigated, 2022, 60.90
0081, Soybeans, 19, Iowa, IA, 095, Iowa, 003, Non-Irrigated, 2023, 55.80
0081, Soybeans, 19, Iowa, IA, 095, Iowa, 003, Non-Irrigated, 2024, 63.70
0081, Soybeans, 19, Iowa, IA, 097, Jackson, 003, Non-Irrigated, 2016, 60.80
0081, Soybeans, 19, Iowa, IA, 097, Jackson, 003, Non-Irrigated, 2017, 58.50
0081, Soybeans, 19, Iowa, IA, 097, Jackson, 003, Non-Irrigated, 2018, 60.30
0081, Soybeans, 19, Iowa, IA, 097, Jackson, 003, Non-Irrigated, 2019, 55.80
0081, Soybeans, 19, Iowa, IA, 097, Jackson, 003, Non-Irrigated, 2020, 58.80
0081, Soybeans, 19, Iowa, IA, 097, Jackson, 003, Non-Irrigated, 2021, 67.00
0081, Soybeans, 19, Iowa, IA, 097, Jackson, 003, Non-Irrigated, 2022, 67.60
0081, Soybeans, 19, Iowa, IA, 097, Jackson, 003, Non-Irrigated, 2023, 58.90
0081, Soybeans, 19, Iowa, IA, 097, Jackson, 003, Non-Irrigated, 2024, 65.20
0081, Soybeans, 19, Iowa, IA, 099, Jasper, 003, Non-Irrigated, 2016, 62.00
0081, Soybeans, 19, Iowa, IA, 099, Jasper, 003, Non-Irrigated, 2017, 62.10
0081, Soybeans, 19, Iowa, IA, 099, Jasper, 003, Non-Irrigated, 2018, 62.80
0081, Soybeans, 19, Iowa, IA, 099, Jasper, 003, Non-Irrigated, 2019, 59.80
0081, Soybeans, 19, Iowa, IA, 099, Jasper, 003, Non-Irrigated, 2020, 57.40
0081, Soybeans, 19, Iowa, IA, 099, Jasper, 003, Non-Irrigated, 2021, 67.70
0081, Soybeans, 19, Iowa, IA, 099, Jasper, 003, Non-Irrigated, 2022, 61.60
0081, Soybeans, 19, Iowa, IA, 099, Jasper, 003, Non-Irrigated, 2023, 66.90
0081, Soybeans, 19, Iowa, IA, 099, Jasper, 003, Non-Irrigated, 2024, 67.00
0081, Soybeans, 19, Iowa, IA, 101, Jefferson, 003, Non-Irrigated, 2016, 56.30
0081, Soybeans, 19, Iowa, IA, 101, Jefferson, 003, Non-Irrigated, 2017, 47.00
0081, Soybeans, 19, Iowa, IA, 101, Jefferson, 003, Non-Irrigated, 2018, 63.80
0081, Soybeans, 19, Iowa, IA, 101, Jefferson, 003, Non-Irrigated, 2019, 57.30
0081, Soybeans, 19, Iowa, IA, 101, Jefferson, 003, Non-Irrigated, 2020, 51.00
0081, Soybeans, 19, Iowa, IA, 101, Jefferson, 003, Non-Irrigated, 2021, 54.30
0081, Soybeans, 19, Iowa, IA, 101, Jefferson, 003, Non-Irrigated, 2022, 48.60
0081, Soybeans, 19, Iowa, IA, 101, Jefferson, 003, Non-Irrigated, 2023, 62.90
0081, Soybeans, 19, Iowa, IA, 101, Jefferson, 003, Non-Irrigated, 2024, 64.70
0081, Soybeans, 19, Iowa, IA, 103, Johnson, 003, Non-Irrigated, 2016, 59.90
0081, Soybeans, 19, Iowa, IA, 103, Johnson, 003, Non-Irrigated, 2017, 57.60
0081, Soybeans, 19, Iowa, IA, 103, Johnson, 003, Non-Irrigated, 2018, 58.60
0081, Soybeans, 19, Iowa, IA, 103, Johnson, 003, Non-Irrigated, 2019, 55.90
0081, Soybeans, 19, Iowa, IA, 103, Johnson, 003, Non-Irrigated, 2020, 52.70
0081, Soybeans, 19, Iowa, IA, 103, Johnson, 003, Non-Irrigated, 2021, 62.80
0081, Soybeans, 19, Iowa, IA, 103, Johnson, 003, Non-Irrigated, 2022, 62.20
0081, Soybeans, 19, Iowa, IA, 103, Johnson, 003, Non-Irrigated, 2023, 58.00
0081, Soybeans, 19, Iowa, IA, 103, Johnson, 003, Non-Irrigated, 2024, 65.10
0081, Soybeans, 19, Iowa, IA, 105, Jones, 003, Non-Irrigated, 2016, 62.90
0081, Soybeans, 19, Iowa, IA, 105, Jones, 003, Non-Irrigated, 2017, 57.80
0081, Soybeans, 19, Iowa, IA, 105, Jones, 003, Non-Irrigated, 2018, 62.20
0081, Soybeans, 19, Iowa, IA, 105, Jones, 003, Non-Irrigated, 2019, 55.60
0081, Soybeans, 19, Iowa, IA, 105, Jones, 003, Non-Irrigated, 2020, 56.70
0081, Soybeans, 19, Iowa, IA, 105, Jones, 003, Non-Irrigated, 2021, 64.80
0081, Soybeans, 19, Iowa, IA, 105, Jones, 003, Non-Irrigated, 2022, 66.80
0081, Soybeans, 19, Iowa, IA, 105, Jones, 003, Non-Irrigated, 2023, 53.40
0081, Soybeans, 19, Iowa, IA, 105, Jones, 003, Non-Irrigated, 2024, 67.30
0081, Soybeans, 19, Iowa, IA, 107, Keokuk, 003, Non-Irrigated, 2016, 58.00
0081, Soybeans, 19, Iowa, IA, 107, Keokuk, 003, Non-Irrigated, 2017, 55.10
0081, Soybeans, 19, Iowa, IA, 107, Keokuk, 003, Non-Irrigated, 2018, 60.50
0081, Soybeans, 19, Iowa, IA, 107, Keokuk, 003, Non-Irrigated, 2019, 56.20
0081, Soybeans, 19, Iowa, IA, 107, Keokuk, 003, Non-Irrigated, 2020, 52.80
0081, Soybeans, 19, Iowa, IA, 107, Keokuk, 003, Non-Irrigated, 2021, 62.00
0081, Soybeans, 19, Iowa, IA, 107, Keokuk, 003, Non-Irrigated, 2022, 55.10
0081, Soybeans, 19, Iowa, IA, 107, Keokuk, 003, Non-Irrigated, 2023, 64.20
0081, Soybeans, 19, Iowa, IA, 107, Keokuk, 003, Non-Irrigated, 2024, 64.10
0081, Soybeans, 19, Iowa, IA, 109, Kossuth, 003, Non-Irrigated, 2016, 66.20
0081, Soybeans, 19, Iowa, IA, 109, Kossuth, 003, Non-Irrigated, 2017, 61.30
0081, Soybeans, 19, Iowa, IA, 109, Kossuth, 003, Non-Irrigated, 2018, 56.90
0081, Soybeans, 19, Iowa, IA, 109, Kossuth, 003, Non-Irrigated, 2019, 58.60
0081, Soybeans, 19, Iowa, IA, 109, Kossuth, 003, Non-Irrigated, 2020, 62.20
0081, Soybeans, 19, Iowa, IA, 109, Kossuth, 003, Non-Irrigated, 2021, 63.20
0081, Soybeans, 19, Iowa, IA, 109, Kossuth, 003, Non-Irrigated, 2022, 65.90
0081, Soybeans, 19, Iowa, IA, 109, Kossuth, 003, Non-Irrigated, 2023, 64.00
0081, Soybeans, 19, Iowa, IA, 109, Kossuth, 003, Non-Irrigated, 2024, 54.50
0081, Soybeans, 19, Iowa, IA, 111, Lee, 003, Non-Irrigated, 2016, 63.30
0081, Soybeans, 19, Iowa, IA, 111, Lee, 003, Non-Irrigated, 2017, 55.40
0081, Soybeans, 19, Iowa, IA, 111, Lee, 003, Non-Irrigated, 2018, 64.80
0081, Soybeans, 19, Iowa, IA, 111, Lee, 003, Non-Irrigated, 2019, 57.50
0081, Soybeans, 19, Iowa, IA, 111, Lee, 003, Non-Irrigated, 2020, 56.10
0081, Soybeans, 19, Iowa, IA, 111, Lee, 003, Non-Irrigated, 2021, 60.00
0081, Soybeans, 19, Iowa, IA, 111, Lee, 003, Non-Irrigated, 2022, 50.20
0081, Soybeans, 19, Iowa, IA, 111, Lee, 003, Non-Irrigated, 2023, 65.80
0081, Soybeans, 19, Iowa, IA, 111, Lee, 003, Non-Irrigated, 2024, 66.30
0081, Soybeans, 19, Iowa, IA, 113, Linn, 003, Non-Irrigated, 2016, 62.00
0081, Soybeans, 19, Iowa, IA, 113, Linn, 003, Non-Irrigated, 2017, 57.40
0081, Soybeans, 19, Iowa, IA, 113, Linn, 003, Non-Irrigated, 2018, 61.50
0081, Soybeans, 19, Iowa, IA, 113, Linn, 003, Non-Irrigated, 2019, 55.90
0081, Soybeans, 19, Iowa, IA, 113, Linn, 003, Non-Irrigated, 2020, 53.50
0081, Soybeans, 19, Iowa, IA, 113, Linn, 003, Non-Irrigated, 2021, 61.60
0081, Soybeans, 19, Iowa, IA, 113, Linn, 003, Non-Irrigated, 2022, 64.70
0081, Soybeans, 19, Iowa, IA, 113, Linn, 003, Non-Irrigated, 2023, 48.40
0081, Soybeans, 19, Iowa, IA, 113, Linn, 003, Non-Irrigated, 2024, 63.70
0081, Soybeans, 19, Iowa, IA, 115, Louisa, 003, Non-Irrigated, 2016, 57.80
0081, Soybeans, 19, Iowa, IA, 115, Louisa, 003, Non-Irrigated, 2017, 59.80
0081, Soybeans, 19, Iowa, IA, 115, Louisa, 003, Non-Irrigated, 2018, 60.10
0081, Soybeans, 19, Iowa, IA, 115, Louisa, 003, Non-Irrigated, 2019, 55.40
0081, Soybeans, 19, Iowa, IA, 115, Louisa, 003, Non-Irrigated, 2020, 56.30
0081, Soybeans, 19, Iowa, IA, 115, Louisa, 003, Non-Irrigated, 2021, 62.10
0081, Soybeans, 19, Iowa, IA, 115, Louisa, 003, Non-Irrigated, 2022, 64.10
0081, Soybeans, 19, Iowa, IA, 115, Louisa, 003, Non-Irrigated, 2023, 63.30
0081, Soybeans, 19, Iowa, IA, 115, Louisa, 003, Non-Irrigated, 2024, 65.50
0081, Soybeans, 19, Iowa, IA, 117, Lucas, 003, Non-Irrigated, 2016, 56.20
0081, Soybeans, 19, Iowa, IA, 117, Lucas, 003, Non-Irrigated, 2017, 38.90
0081, Soybeans, 19, Iowa, IA, 117, Lucas, 003, Non-Irrigated, 2018, 40.60
0081, Soybeans, 19, Iowa, IA, 117, Lucas, 003, Non-Irrigated, 2019, 51.30
0081, Soybeans, 19, Iowa, IA, 117, Lucas, 003, Non-Irrigated, 2020, 43.70
0081, Soybeans, 19, Iowa, IA, 117, Lucas, 003, Non-Irrigated, 2021, 52.80
0081, Soybeans, 19, Iowa, IA, 117, Lucas, 003, Non-Irrigated, 2022, 40.40
0081, Soybeans, 19, Iowa, IA, 117, Lucas, 003, Non-Irrigated, 2023, 51.30
0081, Soybeans, 19, Iowa, IA, 117, Lucas, 003, Non-Irrigated, 2024, 55.80
0081, Soybeans, 19, Iowa, IA, 119, Lyon, 003, Non-Irrigated, 2016, 66.50
0081, Soybeans, 19, Iowa, IA, 119, Lyon, 003, Non-Irrigated, 2017, 62.90
0081, Soybeans, 19, Iowa, IA, 119, Lyon, 003, Non-Irrigated, 2018, 62.80
0081, Soybeans, 19, Iowa, IA, 119, Lyon, 003, Non-Irrigated, 2019, 54.50
0081, Soybeans, 19, Iowa, IA, 119, Lyon, 003, Non-Irrigated, 2020, 63.40
0081, Soybeans, 19, Iowa, IA, 119, Lyon, 003, Non-Irrigated, 2021, 67.50
0081, Soybeans, 19, Iowa, IA, 119, Lyon, 003, Non-Irrigated, 2022, 61.50
0081, Soybeans, 19, Iowa, IA, 119, Lyon, 003, Non-Irrigated, 2023, 63.30
0081, Soybeans, 19, Iowa, IA, 119, Lyon, 003, Non-Irrigated, 2024, 60.60
0081, Soybeans, 19, Iowa, IA, 121, Madison, 003, Non-Irrigated, 2016, 58.40
0081, Soybeans, 19, Iowa, IA, 121, Madison, 003, Non-Irrigated, 2017, 51.90
0081, Soybeans, 19, Iowa, IA, 121, Madison, 003, Non-Irrigated, 2018, 51.40
0081, Soybeans, 19, Iowa, IA, 121, Madison, 003, Non-Irrigated, 2019, 55.10
0081, Soybeans, 19, Iowa, IA, 121, Madison, 003, Non-Irrigated, 2020, 53.50
0081, Soybeans, 19, Iowa, IA, 121, Madison, 003, Non-Irrigated, 2021, 60.40
0081, Soybeans, 19, Iowa, IA, 121, Madison, 003, Non-Irrigated, 2022, 53.50
0081, Soybeans, 19, Iowa, IA, 121, Madison, 003, Non-Irrigated, 2023, 59.20
0081, Soybeans, 19, Iowa, IA, 121, Madison, 003, Non-Irrigated, 2024, 64.20
0081, Soybeans, 19, Iowa, IA, 123, Mahaska, 003, Non-Irrigated, 2016, 60.90
0081, Soybeans, 19, Iowa, IA, 123, Mahaska, 003, Non-Irrigated, 2017, 54.20
0081, Soybeans, 19, Iowa, IA, 123, Mahaska, 003, Non-Irrigated, 2018, 61.50
0081, Soybeans, 19, Iowa, IA, 123, Mahaska, 003, Non-Irrigated, 2019, 59.30
0081, Soybeans, 19, Iowa, IA, 123, Mahaska, 003, Non-Irrigated, 2020, 56.70
0081, Soybeans, 19, Iowa, IA, 123, Mahaska, 003, Non-Irrigated, 2021, 66.30
0081, Soybeans, 19, Iowa, IA, 123, Mahaska, 003, Non-Irrigated, 2022, 61.80
0081, Soybeans, 19, Iowa, IA, 123, Mahaska, 003, Non-Irrigated, 2023, 63.80
0081, Soybeans, 19, Iowa, IA, 123, Mahaska, 003, Non-Irrigated, 2024, 66.40
0081, Soybeans, 19, Iowa, IA, 125, Marion, 003, Non-Irrigated, 2016, 57.30
0081, Soybeans, 19, Iowa, IA, 125, Marion, 003, Non-Irrigated, 2017, 51.20
0081, Soybeans, 19, Iowa, IA, 125, Marion, 003, Non-Irrigated, 2018, 54.30
0081, Soybeans, 19, Iowa, IA, 125, Marion, 003, Non-Irrigated, 2019, 56.60
0081, Soybeans, 19, Iowa, IA, 125, Marion, 003, Non-Irrigated, 2020, 52.90
0081, Soybeans, 19, Iowa, IA, 125, Marion, 003, Non-Irrigated, 2021, 64.20
0081, Soybeans, 19, Iowa, IA, 125, Marion, 003, Non-Irrigated, 2022, 53.00
0081, Soybeans, 19, Iowa, IA, 125, Marion, 003, Non-Irrigated, 2023, 56.90
0081, Soybeans, 19, Iowa, IA, 125, Marion, 003, Non-Irrigated, 2024, 62.20
0081, Soybeans, 19, Iowa, IA, 127, Marshall, 003, Non-Irrigated, 2016, 64.30
0081, Soybeans, 19, Iowa, IA, 127, Marshall, 003, Non-Irrigated, 2017, 60.40
0081, Soybeans, 19, Iowa, IA, 127, Marshall, 003, Non-Irrigated, 2018, 65.20
0081, Soybeans, 19, Iowa, IA, 127, Marshall, 003, Non-Irrigated, 2019, 59.00
0081, Soybeans, 19, Iowa, IA, 127, Marshall, 003, Non-Irrigated, 2020, 60.20
0081, Soybeans, 19, Iowa, IA, 127, Marshall, 003, Non-Irrigated, 2021, 68.30
0081, Soybeans, 19, Iowa, IA, 127, Marshall, 003, Non-Irrigated, 2022, 66.80
0081, Soybeans, 19, Iowa, IA, 127, Marshall, 003, Non-Irrigated, 2023, 63.90
0081, Soybeans, 19, Iowa, IA, 127, Marshall, 003, Non-Irrigated, 2024, 66.60
0081, Soybeans, 19, Iowa, IA, 129, Mills, 003, Non-Irrigated, 2016, 58.40
0081, Soybeans, 19, Iowa, IA, 129, Mills, 003, Non-Irrigated, 2017, 57.60
0081, Soybeans, 19, Iowa, IA, 129, Mills, 003, Non-Irrigated, 2018, 49.20
0081, Soybeans, 19, Iowa, IA, 129, Mills, 003, Non-Irrigated, 2019, 58.70
0081, Soybeans, 19, Iowa, IA, 129, Mills, 003, Non-Irrigated, 2020, 54.00
0081, Soybeans, 19, Iowa, IA, 129, Mills, 003, Non-Irrigated, 2021, 65.30
0081, Soybeans, 19, Iowa, IA, 129, Mills, 003, Non-Irrigated, 2022, 54.20
0081, Soybeans, 19, Iowa, IA, 129, Mills, 003, Non-Irrigated, 2023, 53.80
0081, Soybeans, 19, Iowa, IA, 129, Mills, 003, Non-Irrigated, 2024, 63.90
0081, Soybeans, 19, Iowa, IA, 131, Mitchell, 003, Non-Irrigated, 2016, 63.60
0081, Soybeans, 19, Iowa, IA, 131, Mitchell, 003, Non-Irrigated, 2017, 53.80
0081, Soybeans, 19, Iowa, IA, 131, Mitchell, 003, Non-Irrigated, 2018, 56.30
0081, Soybeans, 19, Iowa, IA, 131, Mitchell, 003, Non-Irrigated, 2019, 53.10
0081, Soybeans, 19, Iowa, IA, 131, Mitchell, 003, Non-Irrigated, 2020, 61.90
0081, Soybeans, 19, Iowa, IA, 131, Mitchell, 003, Non-Irrigated, 2021, 63.10
0081, Soybeans, 19, Iowa, IA, 131, Mitchell, 003, Non-Irrigated, 2022, 66.70
0081, Soybeans, 19, Iowa, IA, 131, Mitchell, 003, Non-Irrigated, 2023, 46.60
0081, Soybeans, 19, Iowa, IA, 131, Mitchell, 003, Non-Irrigated, 2024, 62.30
0081, Soybeans, 19, Iowa, IA, 133, Monona, 003, Non-Irrigated, 2016, 59.80
0081, Soybeans, 19, Iowa, IA, 133, Monona, 003, Non-Irrigated, 2017, 55.40
0081, Soybeans, 19, Iowa, IA, 133, Monona, 003, Non-Irrigated, 2018, 57.10
0081, Soybeans, 19, Iowa, IA, 133, Monona, 003, Non-Irrigated, 2019, 55.90
0081, Soybeans, 19, Iowa, IA, 133, Monona, 003, Non-Irrigated, 2020, 53.90
0081, Soybeans, 19, Iowa, IA, 133, Monona, 003, Non-Irrigated, 2021, 64.20
0081, Soybeans, 19, Iowa, IA, 133, Monona, 003, Non-Irrigated, 2022, 50.30
0081, Soybeans, 19, Iowa, IA, 133, Monona, 003, Non-Irrigated, 2023, 50.70
0081, Soybeans, 19, Iowa, IA, 133, Monona, 003, Non-Irrigated, 2024, 55.10
0081, Soybeans, 19, Iowa, IA, 135, Monroe, 003, Non-Irrigated, 2016, 56.90
0081, Soybeans, 19, Iowa, IA, 135, Monroe, 003, Non-Irrigated, 2017, 43.60
0081, Soybeans, 19, Iowa, IA, 135, Monroe, 003, Non-Irrigated, 2018, 46.50
0081, Soybeans, 19, Iowa, IA, 135, Monroe, 003, Non-Irrigated, 2019, 54.50
0081, Soybeans, 19, Iowa, IA, 135, Monroe, 003, Non-Irrigated, 2020, 39.00
0081, Soybeans, 19, Iowa, IA, 135, Monroe, 003, Non-Irrigated, 2021, 57.00
0081, Soybeans, 19, Iowa, IA, 135, Monroe, 003, Non-Irrigated, 2022, 45.30
0081, Soybeans, 19, Iowa, IA, 135, Monroe, 003, Non-Irrigated, 2023, 49.50
0081, Soybeans, 19, Iowa, IA, 135, Monroe, 003, Non-Irrigated, 2024, 58.70
0081, Soybeans, 19, Iowa, IA, 137, Montgomery, 003, Non-Irrigated, 2016, 59.50
0081, Soybeans, 19, Iowa, IA, 137, Montgomery, 003, Non-Irrigated, 2017, 59.60
0081, Soybeans, 19, Iowa, IA, 137, Montgomery, 003, Non-Irrigated, 2018, 54.50
0081, Soybeans, 19, Iowa, IA, 137, Montgomery, 003, Non-Irrigated, 2019, 59.20
0081, Soybeans, 19, Iowa, IA, 137, Montgomery, 003, Non-Irrigated, 2020, 52.90
0081, Soybeans, 19, Iowa, IA, 137, Montgomery, 003, Non-Irrigated, 2021, 66.80
0081, Soybeans, 19, Iowa, IA, 137, Montgomery, 003, Non-Irrigated, 2022, 57.40
0081, Soybeans, 19, Iowa, IA, 137, Montgomery, 003, Non-Irrigated, 2023, 53.10
0081, Soybeans, 19, Iowa, IA, 137, Montgomery, 003, Non-Irrigated, 2024, 68.50
0081, Soybeans, 19, Iowa, IA, 139, Muscatine, 003, Non-Irrigated, 2016, 61.90
0081, Soybeans, 19, Iowa, IA, 139, Muscatine, 003, Non-Irrigated, 2017, 59.00
0081, Soybeans, 19, Iowa, IA, 139, Muscatine, 003, Non-Irrigated, 2018, 61.60
0081, Soybeans, 19, Iowa, IA, 139, Muscatine, 003, Non-Irrigated, 2019, 58.30
0081, Soybeans, 19, Iowa, IA, 139, Muscatine, 003, Non-Irrigated, 2020, 56.60
0081, Soybeans, 19, Iowa, IA, 139, Muscatine, 003, Non-Irrigated, 2021, 64.90
0081, Soybeans, 19, Iowa, IA, 139, Muscatine, 003, Non-Irrigated, 2022, 67.70
0081, Soybeans, 19, Iowa, IA, 139, Muscatine, 003, Non-Irrigated, 2023, 65.00
0081, Soybeans, 19, Iowa, IA, 139, Muscatine, 003, Non-Irrigated, 2024, 70.20
0081, Soybeans, 19, Iowa, IA, 141, O Brien, 003, Non-Irrigated, 2016, 66.80
0081, Soybeans, 19, Iowa, IA, 141, O Brien, 003, Non-Irrigated, 2017, 63.60
0081, Soybeans, 19, Iowa, IA, 141, O Brien, 003, Non-Irrigated, 2018, 60.80
0081, Soybeans, 19, Iowa, IA, 141, O Brien, 003, Non-Irrigated, 2019, 57.80
0081, Soybeans, 19, Iowa, IA, 141, O Brien, 003, Non-Irrigated, 2020, 62.50
0081, Soybeans, 19, Iowa, IA, 141, O Brien, 003, Non-Irrigated, 2021, 69.30
0081, Soybeans, 19, Iowa, IA, 141, O Brien, 003, Non-Irrigated, 2022, 60.20
0081, Soybeans, 19, Iowa, IA, 141, O Brien, 003, Non-Irrigated, 2023, 66.50
0081, Soybeans, 19, Iowa, IA, 141, O Brien, 003, Non-Irrigated, 2024, 57.70
0081, Soybeans, 19, Iowa, IA, 143, Osceola, 003, Non-Irrigated, 2016, 62.60
0081, Soybeans, 19, Iowa, IA, 143, Osceola, 003, Non-Irrigated, 2017, 59.40
0081, Soybeans, 19, Iowa, IA, 143, Osceola, 003, Non-Irrigated, 2018, 57.70
0081, Soybeans, 19, Iowa, IA, 143, Osceola, 003, Non-Irrigated, 2019, 54.40
0081, Soybeans, 19, Iowa, IA, 143, Osceola, 003, Non-Irrigated, 2020, 55.80
0081, Soybeans, 19, Iowa, IA, 143, Osceola, 003, Non-Irrigated, 2021, 62.90
0081, Soybeans, 19, Iowa, IA, 143, Osceola, 003, Non-Irrigated, 2022, 58.70
0081, Soybeans, 19, Iowa, IA, 143, Osceola, 003, Non-Irrigated, 2023, 60.70
0081, Soybeans, 19, Iowa, IA, 143, Osceola, 003, Non-Irrigated, 2024, 51.00
0081, Soybeans, 19, Iowa, IA, 145, Page, 003, Non-Irrigated, 2016, 58.10
0081, Soybeans, 19, Iowa, IA, 145, Page, 003, Non-Irrigated, 2017, 57.90
0081, Soybeans, 19, Iowa, IA, 145, Page, 003, Non-Irrigated, 2018, 53.40
0081, Soybeans, 19, Iowa, IA, 145, Page, 003, Non-Irrigated, 2019, 57.20
0081, Soybeans, 19, Iowa, IA, 145, Page, 003, Non-Irrigated, 2020, 54.40
0081, Soybeans, 19, Iowa, IA, 145, Page, 003, Non-Irrigated, 2021, 65.10
0081, Soybeans, 19, Iowa, IA, 145, Page, 003, Non-Irrigated, 2022, 52.90
0081, Soybeans, 19, Iowa, IA, 145, Page, 003, Non-Irrigated, 2023, 59.30
0081, Soybeans, 19, Iowa, IA, 145, Page, 003, Non-Irrigated, 2024, 64.00
0081, Soybeans, 19, Iowa, IA, 147, Palo Alto, 003, Non-Irrigated, 2016, 62.10
0081, Soybeans, 19, Iowa, IA, 147, Palo Alto, 003, Non-Irrigated, 2017, 58.60
0081, Soybeans, 19, Iowa, IA, 147, Palo Alto, 003, Non-Irrigated, 2018, 49.30
0081, Soybeans, 19, Iowa, IA, 147, Palo Alto, 003, Non-Irrigated, 2019, 55.30
0081, Soybeans, 19, Iowa, IA, 147, Palo Alto, 003, Non-Irrigated, 2020, 54.70
0081, Soybeans, 19, Iowa, IA, 147, Palo Alto, 003, Non-Irrigated, 2021, 61.20
0081, Soybeans, 19, Iowa, IA, 147, Palo Alto, 003, Non-Irrigated, 2022, 59.10
0081, Soybeans, 19, Iowa, IA, 147, Palo Alto, 003, Non-Irrigated, 2023, 61.80
0081, Soybeans, 19, Iowa, IA, 147, Palo Alto, 003, Non-Irrigated, 2024, 51.20
0081, Soybeans, 19, Iowa, IA, 149, Plymouth, 003, Non-Irrigated, 2016, 65.80
0081, Soybeans, 19, Iowa, IA, 149, Plymouth, 003, Non-Irrigated, 2017, 60.30
0081, Soybeans, 19, Iowa, IA, 149, Plymouth, 003, Non-Irrigated, 2018, 64.60
0081, Soybeans, 19, Iowa, IA, 149, Plymouth, 003, Non-Irrigated, 2019, 60.10
0081, Soybeans, 19, Iowa, IA, 149, Plymouth, 003, Non-Irrigated, 2020, 59.90
0081, Soybeans, 19, Iowa, IA, 149, Plymouth, 003, Non-Irrigated, 2021, 60.10
0081, Soybeans, 19, Iowa, IA, 149, Plymouth, 003, Non-Irrigated, 2022, 51.00
0081, Soybeans, 19, Iowa, IA, 149, Plymouth, 003, Non-Irrigated, 2023, 59.90
0081, Soybeans, 19, Iowa, IA, 149, Plymouth, 003, Non-Irrigated, 2024, 63.60
0081, Soybeans, 19, Iowa, IA, 151, Pocahontas, 003, Non-Irrigated, 2016, 62.70
0081, Soybeans, 19, Iowa, IA, 151, Pocahontas, 003, Non-Irrigated, 2017, 56.20
0081, Soybeans, 19, Iowa, IA, 151, Pocahontas, 003, Non-Irrigated, 2018, 50.40
0081, Soybeans, 19, Iowa, IA, 151, Pocahontas, 003, Non-Irrigated, 2019, 53.70
0081, Soybeans, 19, Iowa, IA, 151, Pocahontas, 003, Non-Irrigated, 2020, 57.90
0081, Soybeans, 19, Iowa, IA, 151, Pocahontas, 003, Non-Irrigated, 2021, 65.10
0081, Soybeans, 19, Iowa, IA, 151, Pocahontas, 003, Non-Irrigated, 2022, 58.20
0081, Soybeans, 19, Iowa, IA, 151, Pocahontas, 003, Non-Irrigated, 2023, 61.80
0081, Soybeans, 19, Iowa, IA, 151, Pocahontas, 003, Non-Irrigated, 2024, 59.70
0081, Soybeans, 19, Iowa, IA, 153, Polk, 003, Non-Irrigated, 2016, 58.00
0081, Soybeans, 19, Iowa, IA, 153, Polk, 003, Non-Irrigated, 2017, 57.10
0081, Soybeans, 19, Iowa, IA, 153, Polk, 003, Non-Irrigated, 2018, 53.80
0081, Soybeans, 19, Iowa, IA, 153, Polk, 003, Non-Irrigated, 2019, 54.30
0081, Soybeans, 19, Iowa, IA, 153, Polk, 003, Non-Irrigated, 2020, 53.60
0081, Soybeans, 19, Iowa, IA, 153, Polk, 003, Non-Irrigated, 2021, 64.30
0081, Soybeans, 19, Iowa, IA, 153, Polk, 003, Non-Irrigated, 2022, 59.10
0081, Soybeans, 19, Iowa, IA, 153, Polk, 003, Non-Irrigated, 2023, 61.20
0081, Soybeans, 19, Iowa, IA, 153, Polk, 003, Non-Irrigated, 2024, 65.10
0081, Soybeans, 19, Iowa, IA, 155, Pottawattamie                 , 003, Non-Irrigated, 2016, 61.50
0081, Soybeans, 19, Iowa, IA, 155, Pottawattamie                 , 003, Non-Irrigated, 2017, 58.50
0081, Soybeans, 19, Iowa, IA, 155, Pottawattamie                 , 003, Non-Irrigated, 2018, 53.90
0081, Soybeans, 19, Iowa, IA, 155, Pottawattamie                 , 003, Non-Irrigated, 2019, 60.10
0081, Soybeans, 19, Iowa, IA, 155, Pottawattamie                 , 003, Non-Irrigated, 2020, 51.60
0081, Soybeans, 19, Iowa, IA, 155, Pottawattamie                 , 003, Non-Irrigated, 2021, 67.80
0081, Soybeans, 19, Iowa, IA, 155, Pottawattamie                 , 003, Non-Irrigated, 2022, 53.80
0081, Soybeans, 19, Iowa, IA, 155, Pottawattamie                 , 003, Non-Irrigated, 2023, 55.20
0081, Soybeans, 19, Iowa, IA, 155, Pottawattamie                 , 003, Non-Irrigated, 2024, 61.00
0081, Soybeans, 19, Iowa, IA, 157, Poweshiek, 003, Non-Irrigated, 2016, 59.00
0081, Soybeans, 19, Iowa, IA, 157, Poweshiek, 003, Non-Irrigated, 2017, 59.40
0081, Soybeans, 19, Iowa, IA, 157, Poweshiek, 003, Non-Irrigated, 2018, 58.50
0081, Soybeans, 19, Iowa, IA, 157, Poweshiek, 003, Non-Irrigated, 2019, 55.40
0081, Soybeans, 19, Iowa, IA, 157, Poweshiek, 003, Non-Irrigated, 2020, 54.80
0081, Soybeans, 19, Iowa, IA, 157, Poweshiek, 003, Non-Irrigated, 2021, 65.70
0081, Soybeans, 19, Iowa, IA, 157, Poweshiek, 003, Non-Irrigated, 2022, 60.60
0081, Soybeans, 19, Iowa, IA, 157, Poweshiek, 003, Non-Irrigated, 2023, 61.20
0081, Soybeans, 19, Iowa, IA, 157, Poweshiek, 003, Non-Irrigated, 2024, 65.90
0081, Soybeans, 19, Iowa, IA, 159, Ringgold, 003, Non-Irrigated, 2016, 53.70
0081, Soybeans, 19, Iowa, IA, 159, Ringgold, 003, Non-Irrigated, 2017, 46.60
0081, Soybeans, 19, Iowa, IA, 159, Ringgold, 003, Non-Irrigated, 2018, 42.60
0081, Soybeans, 19, Iowa, IA, 159, Ringgold, 003, Non-Irrigated, 2019, 50.30
0081, Soybeans, 19, Iowa, IA, 159, Ringgold, 003, Non-Irrigated, 2020, 46.50
0081, Soybeans, 19, Iowa, IA, 159, Ringgold, 003, Non-Irrigated, 2021, 58.80
0081, Soybeans, 19, Iowa, IA, 159, Ringgold, 003, Non-Irrigated, 2022, 45.80
0081, Soybeans, 19, Iowa, IA, 159, Ringgold, 003, Non-Irrigated, 2023, 58.00
0081, Soybeans, 19, Iowa, IA, 159, Ringgold, 003, Non-Irrigated, 2024, 56.40
0081, Soybeans, 19, Iowa, IA, 161, Sac, 003, Non-Irrigated, 2016, 66.90
0081, Soybeans, 19, Iowa, IA, 161, Sac, 003, Non-Irrigated, 2017, 60.20
0081, Soybeans, 19, Iowa, IA, 161, Sac, 003, Non-Irrigated, 2018, 63.00
0081, Soybeans, 19, Iowa, IA, 161, Sac, 003, Non-Irrigated, 2019, 60.20
0081, Soybeans, 19, Iowa, IA, 161, Sac, 003, Non-Irrigated, 2020, 50.90
0081, Soybeans, 19, Iowa, IA, 161, Sac, 003, Non-Irrigated, 2021, 68.50
0081, Soybeans, 19, Iowa, IA, 161, Sac, 003, Non-Irrigated, 2022, 65.60
0081, Soybeans, 19, Iowa, IA, 161, Sac, 003, Non-Irrigated, 2023, 60.70
0081, Soybeans, 19, Iowa, IA, 161, Sac, 003, Non-Irrigated, 2024, 67.60
0081, Soybeans, 19, Iowa, IA, 163, Scott, 003, Non-Irrigated, 2016, 66.20
0081, Soybeans, 19, Iowa, IA, 163, Scott, 003, Non-Irrigated, 2017, 63.70
0081, Soybeans, 19, Iowa, IA, 163, Scott, 003, Non-Irrigated, 2018, 66.50
0081, Soybeans, 19, Iowa, IA, 163, Scott, 003, Non-Irrigated, 2019, 61.40
0081, Soybeans, 19, Iowa, IA, 163, Scott, 003, Non-Irrigated, 2020, 62.90
0081, Soybeans, 19, Iowa, IA, 163, Scott, 003, Non-Irrigated, 2021, 69.90
0081, Soybeans, 19, Iowa, IA, 163, Scott, 003, Non-Irrigated, 2022, 73.50
0081, Soybeans, 19, Iowa, IA, 163, Scott, 003, Non-Irrigated, 2023, 67.80
0081, Soybeans, 19, Iowa, IA, 163, Scott, 003, Non-Irrigated, 2024, 75.30
0081, Soybeans, 19, Iowa, IA, 165, Shelby, 003, Non-Irrigated, 2016, 61.90
0081, Soybeans, 19, Iowa, IA, 165, Shelby, 003, Non-Irrigated, 2017, 62.30
0081, Soybeans, 19, Iowa, IA, 165, Shelby, 003, Non-Irrigated, 2018, 60.20
0081, Soybeans, 19, Iowa, IA, 165, Shelby, 003, Non-Irrigated, 2019, 63.60
0081, Soybeans, 19, Iowa, IA, 165, Shelby, 003, Non-Irrigated, 2020, 54.30
0081, Soybeans, 19, Iowa, IA, 165, Shelby, 003, Non-Irrigated, 2021, 70.10
0081, Soybeans, 19, Iowa, IA, 165, Shelby, 003, Non-Irrigated, 2022, 61.30
0081, Soybeans, 19, Iowa, IA, 165, Shelby, 003, Non-Irrigated, 2023, 53.40
0081, Soybeans, 19, Iowa, IA, 165, Shelby, 003, Non-Irrigated, 2024, 67.50
0081, Soybeans, 19, Iowa, IA, 167, Sioux, 003, Non-Irrigated, 2016, 69.80
0081, Soybeans, 19, Iowa, IA, 167, Sioux, 003, Non-Irrigated, 2017, 67.20
0081, Soybeans, 19, Iowa, IA, 167, Sioux, 003, Non-Irrigated, 2018, 66.50
0081, Soybeans, 19, Iowa, IA, 167, Sioux, 003, Non-Irrigated, 2019, 62.10
0081, Soybeans, 19, Iowa, IA, 167, Sioux, 003, Non-Irrigated, 2020, 66.50
0081, Soybeans, 19, Iowa, IA, 167, Sioux, 003, Non-Irrigated, 2021, 73.50
0081, Soybeans, 19, Iowa, IA, 167, Sioux, 003, Non-Irrigated, 2022, 60.90
0081, Soybeans, 19, Iowa, IA, 167, Sioux, 003, Non-Irrigated, 2023, 66.90
0081, Soybeans, 19, Iowa, IA, 167, Sioux, 003, Non-Irrigated, 2024, 67.20
0081, Soybeans, 19, Iowa, IA, 169, Story, 003, Non-Irrigated, 2016, 59.50
0081, Soybeans, 19, Iowa, IA, 169, Story, 003, Non-Irrigated, 2017, 57.80
0081, Soybeans, 19, Iowa, IA, 169, Story, 003, Non-Irrigated, 2018, 56.90
0081, Soybeans, 19, Iowa, IA, 169, Story, 003, Non-Irrigated, 2019, 48.90
0081, Soybeans, 19, Iowa, IA, 169, Story, 003, Non-Irrigated, 2020, 54.80
0081, Soybeans, 19, Iowa, IA, 169, Story, 003, Non-Irrigated, 2021, 62.40
0081, Soybeans, 19, Iowa, IA, 169, Story, 003, Non-Irrigated, 2022, 62.20
0081, Soybeans, 19, Iowa, IA, 169, Story, 003, Non-Irrigated, 2023, 63.90
0081, Soybeans, 19, Iowa, IA, 169, Story, 003, Non-Irrigated, 2024, 63.00
0081, Soybeans, 19, Iowa, IA, 171, Tama, 003, Non-Irrigated, 2016, 64.90
0081, Soybeans, 19, Iowa, IA, 171, Tama, 003, Non-Irrigated, 2017, 60.10
0081, Soybeans, 19, Iowa, IA, 171, Tama, 003, Non-Irrigated, 2018, 61.80
0081, Soybeans, 19, Iowa, IA, 171, Tama, 003, Non-Irrigated, 2019, 55.20
0081, Soybeans, 19, Iowa, IA, 171, Tama, 003, Non-Irrigated, 2020, 56.10
0081, Soybeans, 19, Iowa, IA, 171, Tama, 003, Non-Irrigated, 2021, 67.70
0081, Soybeans, 19, Iowa, IA, 171, Tama, 003, Non-Irrigated, 2022, 64.70
0081, Soybeans, 19, Iowa, IA, 171, Tama, 003, Non-Irrigated, 2023, 56.70
0081, Soybeans, 19, Iowa, IA, 171, Tama, 003, Non-Irrigated, 2024, 64.80
0081, Soybeans, 19, Iowa, IA, 173, Taylor, 003, Non-Irrigated, 2016, 55.30
0081, Soybeans, 19, Iowa, IA, 173, Taylor, 003, Non-Irrigated, 2017, 51.80
0081, Soybeans, 19, Iowa, IA, 173, Taylor, 003, Non-Irrigated, 2018, 49.70
0081, Soybeans, 19, Iowa, IA, 173, Taylor, 003, Non-Irrigated, 2019, 49.00
0081, Soybeans, 19, Iowa, IA, 173, Taylor, 003, Non-Irrigated, 2020, 50.20
0081, Soybeans, 19, Iowa, IA, 173, Taylor, 003, Non-Irrigated, 2021, 61.60
0081, Soybeans, 19, Iowa, IA, 173, Taylor, 003, Non-Irrigated, 2022, 51.90
0081, Soybeans, 19, Iowa, IA, 173, Taylor, 003, Non-Irrigated, 2023, 55.90
0081, Soybeans, 19, Iowa, IA, 173, Taylor, 003, Non-Irrigated, 2024, 59.20
0081, Soybeans, 19, Iowa, IA, 175, Union, 003, Non-Irrigated, 2016, 55.60
0081, Soybeans, 19, Iowa, IA, 175, Union, 003, Non-Irrigated, 2017, 43.70
0081, Soybeans, 19, Iowa, IA, 175, Union, 003, Non-Irrigated, 2018, 51.40
0081, Soybeans, 19, Iowa, IA, 175, Union, 003, Non-Irrigated, 2019, 55.10
0081, Soybeans, 19, Iowa, IA, 175, Union, 003, Non-Irrigated, 2020, 52.20
0081, Soybeans, 19, Iowa, IA, 175, Union, 003, Non-Irrigated, 2021, 65.50
0081, Soybeans, 19, Iowa, IA, 175, Union, 003, Non-Irrigated, 2022, 43.70
0081, Soybeans, 19, Iowa, IA, 175, Union, 003, Non-Irrigated, 2023, 59.80
0081, Soybeans, 19, Iowa, IA, 175, Union, 003, Non-Irrigated, 2024, 60.60
0081, Soybeans, 19, Iowa, IA, 177, Van Buren, 003, Non-Irrigated, 2016, 56.80
0081, Soybeans, 19, Iowa, IA, 177, Van Buren, 003, Non-Irrigated, 2017, 41.10
0081, Soybeans, 19, Iowa, IA, 177, Van Buren, 003, Non-Irrigated, 2018, 59.10
0081, Soybeans, 19, Iowa, IA, 177, Van Buren, 003, Non-Irrigated, 2019, 53.50
0081, Soybeans, 19, Iowa, IA, 177, Van Buren, 003, Non-Irrigated, 2020, 43.70
0081, Soybeans, 19, Iowa, IA, 177, Van Buren, 003, Non-Irrigated, 2021, 50.50
0081, Soybeans, 19, Iowa, IA, 177, Van Buren, 003, Non-Irrigated, 2022, 43.60
0081, Soybeans, 19, Iowa, IA, 177, Van Buren, 003, Non-Irrigated, 2023, 53.70
0081, Soybeans, 19, Iowa, IA, 177, Van Buren, 003, Non-Irrigated, 2024, 61.70
0081, Soybeans, 19, Iowa, IA, 179, Wapello, 003, Non-Irrigated, 2016, 60.10
0081, Soybeans, 19, Iowa, IA, 179, Wapello, 003, Non-Irrigated, 2017, 47.60
0081, Soybeans, 19, Iowa, IA, 179, Wapello, 003, Non-Irrigated, 2018, 63.10
0081, Soybeans, 19, Iowa, IA, 179, Wapello, 003, Non-Irrigated, 2019, 58.50
0081, Soybeans, 19, Iowa, IA, 179, Wapello, 003, Non-Irrigated, 2020, 50.40
0081, Soybeans, 19, Iowa, IA, 179, Wapello, 003, Non-Irrigated, 2021, 59.20
0081, Soybeans, 19, Iowa, IA, 179, Wapello, 003, Non-Irrigated, 2022, 52.30
0081, Soybeans, 19, Iowa, IA, 179, Wapello, 003, Non-Irrigated, 2023, 59.60
0081, Soybeans, 19, Iowa, IA, 179, Wapello, 003, Non-Irrigated, 2024, 65.20
0081, Soybeans, 19, Iowa, IA, 181, Warren, 003, Non-Irrigated, 2016, 55.00
0081, Soybeans, 19, Iowa, IA, 181, Warren, 003, Non-Irrigated, 2017, 50.00
0081, Soybeans, 19, Iowa, IA, 181, Warren, 003, Non-Irrigated, 2018, 50.10
0081, Soybeans, 19, Iowa, IA, 181, Warren, 003, Non-Irrigated, 2019, 53.50
0081, Soybeans, 19, Iowa, IA, 181, Warren, 003, Non-Irrigated, 2020, 52.30
0081, Soybeans, 19, Iowa, IA, 181, Warren, 003, Non-Irrigated, 2021, 60.50
0081, Soybeans, 19, Iowa, IA, 181, Warren, 003, Non-Irrigated, 2022, 49.10
0081, Soybeans, 19, Iowa, IA, 181, Warren, 003, Non-Irrigated, 2023, 57.20
0081, Soybeans, 19, Iowa, IA, 181, Warren, 003, Non-Irrigated, 2024, 59.60
0081, Soybeans, 19, Iowa, IA, 183, Washington, 003, Non-Irrigated, 2016, 59.60
0081, Soybeans, 19, Iowa, IA, 183, Washington, 003, Non-Irrigated, 2017, 60.90
0081, Soybeans, 19, Iowa, IA, 183, Washington, 003, Non-Irrigated, 2018, 63.00
0081, Soybeans, 19, Iowa, IA, 183, Washington, 003, Non-Irrigated, 2019, 58.30
0081, Soybeans, 19, Iowa, IA, 183, Washington, 003, Non-Irrigated, 2020, 55.60
0081, Soybeans, 19, Iowa, IA, 183, Washington, 003, Non-Irrigated, 2021, 65.70
0081, Soybeans, 19, Iowa, IA, 183, Washington, 003, Non-Irrigated, 2022, 60.90
0081, Soybeans, 19, Iowa, IA, 183, Washington, 003, Non-Irrigated, 2023, 64.40
0081, Soybeans, 19, Iowa, IA, 183, Washington, 003, Non-Irrigated, 2024, 68.20
0081, Soybeans, 19, Iowa, IA, 185, Wayne, 003, Non-Irrigated, 2016, 58.40
0081, Soybeans, 19, Iowa, IA, 185, Wayne, 003, Non-Irrigated, 2017, 43.10
0081, Soybeans, 19, Iowa, IA, 185, Wayne, 003, Non-Irrigated, 2018, 45.00
0081, Soybeans, 19, Iowa, IA, 185, Wayne, 003, Non-Irrigated, 2019, 52.80
0081, Soybeans, 19, Iowa, IA, 185, Wayne, 003, Non-Irrigated, 2020, 44.40
0081, Soybeans, 19, Iowa, IA, 185, Wayne, 003, Non-Irrigated, 2021, 53.10
0081, Soybeans, 19, Iowa, IA, 185, Wayne, 003, Non-Irrigated, 2022, 37.80
0081, Soybeans, 19, Iowa, IA, 185, Wayne, 003, Non-Irrigated, 2023, 60.30
0081, Soybeans, 19, Iowa, IA, 185, Wayne, 003, Non-Irrigated, 2024, 55.10
0081, Soybeans, 19, Iowa, IA, 187, Webster, 003, Non-Irrigated, 2016, 61.90
0081, Soybeans, 19, Iowa, IA, 187, Webster, 003, Non-Irrigated, 2017, 57.70
0081, Soybeans, 19, Iowa, IA, 187, Webster, 003, Non-Irrigated, 2018, 52.30
0081, Soybeans, 19, Iowa, IA, 187, Webster, 003, Non-Irrigated, 2019, 52.20
0081, Soybeans, 19, Iowa, IA, 187, Webster, 003, Non-Irrigated, 2020, 52.60
0081, Soybeans, 19, Iowa, IA, 187, Webster, 003, Non-Irrigated, 2021, 65.40
0081, Soybeans, 19, Iowa, IA, 187, Webster, 003, Non-Irrigated, 2022, 60.70
0081, Soybeans, 19, Iowa, IA, 187, Webster, 003, Non-Irrigated, 2023, 60.80
0081, Soybeans, 19, Iowa, IA, 187, Webster, 003, Non-Irrigated, 2024, 64.20
0081, Soybeans, 19, Iowa, IA, 189, Winnebago, 003, Non-Irrigated, 2016, 63.50
0081, Soybeans, 19, Iowa, IA, 189, Winnebago, 003, Non-Irrigated, 2017, 59.00
0081, Soybeans, 19, Iowa, IA, 189, Winnebago, 003, Non-Irrigated, 2018, 52.50
0081, Soybeans, 19, Iowa, IA, 189, Winnebago, 003, Non-Irrigated, 2019, 56.70
0081, Soybeans, 19, Iowa, IA, 189, Winnebago, 003, Non-Irrigated, 2020, 64.50
0081, Soybeans, 19, Iowa, IA, 189, Winnebago, 003, Non-Irrigated, 2021, 63.50
0081, Soybeans, 19, Iowa, IA, 189, Winnebago, 003, Non-Irrigated, 2022, 66.50
0081, Soybeans, 19, Iowa, IA, 189, Winnebago, 003, Non-Irrigated, 2023, 61.70
0081, Soybeans, 19, Iowa, IA, 189, Winnebago, 003, Non-Irrigated, 2024, 54.10
0081, Soybeans, 19, Iowa, IA, 191, Winneshiek, 003, Non-Irrigated, 2016, 58.20
0081, Soybeans, 19, Iowa, IA, 191, Winneshiek, 003, Non-Irrigated, 2017, 51.60
0081, Soybeans, 19, Iowa, IA, 191, Winneshiek, 003, Non-Irrigated, 2018, 54.40
0081, Soybeans, 19, Iowa, IA, 191, Winneshiek, 003, Non-Irrigated, 2019, 54.60
0081, Soybeans, 19, Iowa, IA, 191, Winneshiek, 003, Non-Irrigated, 2020, 56.90
0081, Soybeans, 19, Iowa, IA, 191, Winneshiek, 003, Non-Irrigated, 2021, 63.40
0081, Soybeans, 19, Iowa, IA, 191, Winneshiek, 003, Non-Irrigated, 2022, 62.50
0081, Soybeans, 19, Iowa, IA, 191, Winneshiek, 003, Non-Irrigated, 2023, 51.90
0081, Soybeans, 19, Iowa, IA, 191, Winneshiek, 003, Non-Irrigated, 2024, 54.70
0081, Soybeans, 19, Iowa, IA, 193, Woodbury, 003, Non-Irrigated, 2016, 60.80
0081, Soybeans, 19, Iowa, IA, 193, Woodbury, 003, Non-Irrigated, 2017, 56.00
0081, Soybeans, 19, Iowa, IA, 193, Woodbury, 003, Non-Irrigated, 2018, 60.40
0081, Soybeans, 19, Iowa, IA, 193, Woodbury, 003, Non-Irrigated, 2019, 57.50
0081, Soybeans, 19, Iowa, IA, 193, Woodbury, 003, Non-Irrigated, 2020, 56.30
0081, Soybeans, 19, Iowa, IA, 193, Woodbury, 003, Non-Irrigated, 2021, 63.20
0081, Soybeans, 19, Iowa, IA, 193, Woodbury, 003, Non-Irrigated, 2022, 56.20
0081, Soybeans, 19, Iowa, IA, 193, Woodbury, 003, Non-Irrigated, 2023, 43.80
0081, Soybeans, 19, Iowa, IA, 193, Woodbury, 003, Non-Irrigated, 2024, 62.20
0081, Soybeans, 19, Iowa, IA, 195, Worth, 003, Non-Irrigated, 2016, 59.20
0081, Soybeans, 19, Iowa, IA, 195, Worth, 003, Non-Irrigated, 2017, 55.50
0081, Soybeans, 19, Iowa, IA, 195, Worth, 003, Non-Irrigated, 2018, 55.10
0081, Soybeans, 19, Iowa, IA, 195, Worth, 003, Non-Irrigated, 2019, 51.90
0081, Soybeans, 19, Iowa, IA, 195, Worth, 003, Non-Irrigated, 2020, 61.20
0081, Soybeans, 19, Iowa, IA, 195, Worth, 003, Non-Irrigated, 2021, 59.30
0081, Soybeans, 19, Iowa, IA, 195, Worth, 003, Non-Irrigated, 2022, 64.20
0081, Soybeans, 19, Iowa, IA, 195, Worth, 003, Non-Irrigated, 2023, 53.00
0081, Soybeans, 19, Iowa, IA, 195, Worth, 003, Non-Irrigated, 2024, 56.30
0081, Soybeans, 19, Iowa, IA, 197, Wright, 003, Non-Irrigated, 2016, 59.50
0081, Soybeans, 19, Iowa, IA, 197, Wright, 003, Non-Irrigated, 2017, 57.90
0081, Soybeans, 19, Iowa, IA, 197, Wright, 003, Non-Irrigated, 2018, 52.00
0081, Soybeans, 19, Iowa, IA, 197, Wright, 003, Non-Irrigated, 2019, 54.30
0081, Soybeans, 19, Iowa, IA, 197, Wright, 003, Non-Irrigated, 2020, 54.40
0081, Soybeans, 19, Iowa, IA, 197, Wright, 003, Non-Irrigated, 2021, 62.30
0081, Soybeans, 19, Iowa, IA, 197, Wright, 003, Non-Irrigated, 2022, 64.00
0081, Soybeans, 19, Iowa, IA, 197, Wright, 003, Non-Irrigated, 2023, 59.60
0081, Soybeans, 19, Iowa, IA, 197, Wright, 003, Non-Irrigated, 2024, 57.50
