2025-08-22 12:01:30,607 INFO GDAL signalled an error: err_no=1, msg='Attempt to create 2x0 dataset is illegal,sizes must be larger than zero.'
2025-08-22 12:01:30,608 ERROR Failed to download or crop band: Nadir_Reflectance_Band1 for scene: MCD43A4.A2024132.h10v04.061.2024158032952. Error: Attempt to create 2x0 dataset is illegal,sizes must be larger than zero.
2025-08-22 12:02:13,166 INFO GDAL signalled an error: err_no=1, msg='Attempt to create 2x0 dataset is illegal,sizes must be larger than zero.'
2025-08-22 12:02:13,166 ERROR Failed to download or crop band: Nadir_Reflectance_Band2 for scene: MCD43A4.A2024132.h10v04.061.2024158032952. Error: Attempt to create 2x0 dataset is illegal,sizes must be larger than zero.
2025-08-22 12:03:21,443 INFO GDAL signalled an error: err_no=1, msg='Attempt to create 2x0 dataset is illegal,sizes must be larger than zero.'
2025-08-22 12:03:21,443 ERROR Failed to download or crop band: Nadir_Reflectance_Band3 for scene: MCD43A4.A2024132.h10v04.061.2024158032952. Error: Attempt to create 2x0 dataset is illegal,sizes must be larger than zero.
2025-08-22 12:04:32,546 INFO GDAL signalled an error: err_no=1, msg='Attempt to create 2x0 dataset is illegal,sizes must be larger than zero.'
2025-08-22 12:04:32,547 ERROR Failed to download or crop band: Nadir_Reflectance_Band4 for scene: MCD43A4.A2024132.h10v04.061.2024158032952. Error: Attempt to create 2x0 dataset is illegal,sizes must be larger than zero.
2025-08-22 12:05:44,304 INFO GDAL signalled an error: err_no=1, msg='Attempt to create 2x0 dataset is illegal,sizes must be larger than zero.'
2025-08-22 12:05:44,304 ERROR Failed to download or crop band: Nadir_Reflectance_Band5 for scene: MCD43A4.A2024132.h10v04.061.2024158032952. Error: Attempt to create 2x0 dataset is illegal,sizes must be larger than zero.
2025-08-22 12:06:47,607 INFO GDAL signalled an error: err_no=1, msg='Attempt to create 2x0 dataset is illegal,sizes must be larger than zero.'
2025-08-22 12:06:47,607 ERROR Failed to download or crop band: Nadir_Reflectance_Band6 for scene: MCD43A4.A2024132.h10v04.061.2024158032952. Error: Attempt to create 2x0 dataset is illegal,sizes must be larger than zero.
2025-08-22 12:07:54,551 INFO GDAL signalled an error: err_no=1, msg='Attempt to create 2x0 dataset is illegal,sizes must be larger than zero.'
2025-08-22 12:07:54,552 ERROR Failed to download or crop band: Nadir_Reflectance_Band7 for scene: MCD43A4.A2024132.h10v04.061.2024158032952. Error: Attempt to create 2x0 dataset is illegal,sizes must be larger than zero.
2025-08-22 12:08:48,374 INFO GDAL signalled an error: err_no=1, msg='Attempt to create 2x0 dataset is illegal,sizes must be larger than zero.'
2025-08-22 12:08:48,374 ERROR Failed to download or crop band: Nadir_Reflectance_Band1 for scene: MCD43A4.A2024132.h10v04.061.2024142013317. Error: Attempt to create 2x0 dataset is illegal,sizes must be larger than zero.
2025-08-22 12:10:10,105 INFO GDAL signalled an error: err_no=1, msg='Attempt to create 2x0 dataset is illegal,sizes must be larger than zero.'
2025-08-22 12:10:10,105 ERROR Failed to download or crop band: Nadir_Reflectance_Band2 for scene: MCD43A4.A2024132.h10v04.061.2024142013317. Error: Attempt to create 2x0 dataset is illegal,sizes must be larger than zero.
2025-08-22 12:11:20,069 INFO GDAL signalled an error: err_no=1, msg='Attempt to create 2x0 dataset is illegal,sizes must be larger than zero.'
2025-08-22 12:11:20,069 ERROR Failed to download or crop band: Nadir_Reflectance_Band3 for scene: MCD43A4.A2024132.h10v04.061.2024142013317. Error: Attempt to create 2x0 dataset is illegal,sizes must be larger than zero.
2025-08-22 12:12:24,425 INFO GDAL signalled an error: err_no=1, msg='Attempt to create 2x0 dataset is illegal,sizes must be larger than zero.'
2025-08-22 12:12:24,426 ERROR Failed to download or crop band: Nadir_Reflectance_Band4 for scene: MCD43A4.A2024132.h10v04.061.2024142013317. Error: Attempt to create 2x0 dataset is illegal,sizes must be larger than zero.
2025-08-22 12:13:41,872 INFO GDAL signalled an error: err_no=1, msg='Attempt to create 2x0 dataset is illegal,sizes must be larger than zero.'
2025-08-22 12:13:41,872 ERROR Failed to download or crop band: Nadir_Reflectance_Band5 for scene: MCD43A4.A2024132.h10v04.061.2024142013317. Error: Attempt to create 2x0 dataset is illegal,sizes must be larger than zero.
2025-08-22 12:14:53,308 INFO GDAL signalled an error: err_no=1, msg='Attempt to create 2x0 dataset is illegal,sizes must be larger than zero.'
2025-08-22 12:14:53,308 ERROR Failed to download or crop band: Nadir_Reflectance_Band6 for scene: MCD43A4.A2024132.h10v04.061.2024142013317. Error: Attempt to create 2x0 dataset is illegal,sizes must be larger than zero.
2025-08-22 12:16:03,303 INFO GDAL signalled an error: err_no=1, msg='Attempt to create 2x0 dataset is illegal,sizes must be larger than zero.'
2025-08-22 12:16:03,303 ERROR Failed to download or crop band: Nadir_Reflectance_Band7 for scene: MCD43A4.A2024132.h10v04.061.2024142013317. Error: Attempt to create 2x0 dataset is illegal,sizes must be larger than zero.
2025-08-22 12:17:08,107 INFO GDAL signalled an error: err_no=1, msg='Attempt to create 2x0 dataset is illegal,sizes must be larger than zero.'
2025-08-22 12:17:08,107 ERROR Failed to download or crop band: Nadir_Reflectance_Band1 for scene: MCD43A4.A2024131.h10v04.061.2024158025708. Error: Attempt to create 2x0 dataset is illegal,sizes must be larger than zero.
2025-08-22 12:18:16,852 INFO GDAL signalled an error: err_no=1, msg='Attempt to create 2x0 dataset is illegal,sizes must be larger than zero.'
2025-08-22 12:18:16,853 ERROR Failed to download or crop band: Nadir_Reflectance_Band2 for scene: MCD43A4.A2024131.h10v04.061.2024158025708. Error: Attempt to create 2x0 dataset is illegal,sizes must be larger than zero.
2025-08-22 12:19:13,233 INFO GDAL signalled an error: err_no=1, msg='Attempt to create 2x0 dataset is illegal,sizes must be larger than zero.'
2025-08-22 12:19:13,234 ERROR Failed to download or crop band: Nadir_Reflectance_Band3 for scene: MCD43A4.A2024131.h10v04.061.2024158025708. Error: Attempt to create 2x0 dataset is illegal,sizes must be larger than zero.
2025-08-22 12:20:19,750 INFO GDAL signalled an error: err_no=1, msg='Attempt to create 2x0 dataset is illegal,sizes must be larger than zero.'
2025-08-22 12:20:19,751 ERROR Failed to download or crop band: Nadir_Reflectance_Band4 for scene: MCD43A4.A2024131.h10v04.061.2024158025708. Error: Attempt to create 2x0 dataset is illegal,sizes must be larger than zero.
2025-08-22 12:21:31,169 INFO GDAL signalled an error: err_no=1, msg='Attempt to create 2x0 dataset is illegal,sizes must be larger than zero.'
2025-08-22 12:21:31,169 ERROR Failed to download or crop band: Nadir_Reflectance_Band5 for scene: MCD43A4.A2024131.h10v04.061.2024158025708. Error: Attempt to create 2x0 dataset is illegal,sizes must be larger than zero.
2025-08-22 12:22:37,447 INFO GDAL signalled an error: err_no=1, msg='Attempt to create 2x0 dataset is illegal,sizes must be larger than zero.'
2025-08-22 12:22:37,447 ERROR Failed to download or crop band: Nadir_Reflectance_Band6 for scene: MCD43A4.A2024131.h10v04.061.2024158025708. Error: Attempt to create 2x0 dataset is illegal,sizes must be larger than zero.
2025-08-22 12:23:42,282 INFO GDAL signalled an error: err_no=1, msg='Attempt to create 2x0 dataset is illegal,sizes must be larger than zero.'
2025-08-22 12:23:42,282 ERROR Failed to download or crop band: Nadir_Reflectance_Band7 for scene: MCD43A4.A2024131.h10v04.061.2024158025708. Error: Attempt to create 2x0 dataset is illegal,sizes must be larger than zero.
2025-08-22 12:24:46,417 INFO GDAL signalled an error: err_no=1, msg='Attempt to create 2x0 dataset is illegal,sizes must be larger than zero.'
2025-08-22 12:24:46,417 ERROR Failed to download or crop band: Nadir_Reflectance_Band1 for scene: MCD43A4.A2024131.h10v04.061.2024140033155. Error: Attempt to create 2x0 dataset is illegal,sizes must be larger than zero.
2025-08-22 12:25:58,445 INFO GDAL signalled an error: err_no=1, msg='Attempt to create 2x0 dataset is illegal,sizes must be larger than zero.'
2025-08-22 12:25:58,445 ERROR Failed to download or crop band: Nadir_Reflectance_Band2 for scene: MCD43A4.A2024131.h10v04.061.2024140033155. Error: Attempt to create 2x0 dataset is illegal,sizes must be larger than zero.
2025-08-22 12:26:54,209 INFO GDAL signalled an error: err_no=1, msg='Attempt to create 2x0 dataset is illegal,sizes must be larger than zero.'
2025-08-22 12:26:54,209 ERROR Failed to download or crop band: Nadir_Reflectance_Band3 for scene: MCD43A4.A2024131.h10v04.061.2024140033155. Error: Attempt to create 2x0 dataset is illegal,sizes must be larger than zero.
2025-08-22 12:28:00,472 INFO GDAL signalled an error: err_no=1, msg='Attempt to create 2x0 dataset is illegal,sizes must be larger than zero.'
2025-08-22 12:28:00,473 ERROR Failed to download or crop band: Nadir_Reflectance_Band4 for scene: MCD43A4.A2024131.h10v04.061.2024140033155. Error: Attempt to create 2x0 dataset is illegal,sizes must be larger than zero.
2025-08-22 12:29:13,049 INFO GDAL signalled an error: err_no=1, msg='Attempt to create 2x0 dataset is illegal,sizes must be larger than zero.'
2025-08-22 12:29:13,050 ERROR Failed to download or crop band: Nadir_Reflectance_Band5 for scene: MCD43A4.A2024131.h10v04.061.2024140033155. Error: Attempt to create 2x0 dataset is illegal,sizes must be larger than zero.
2025-08-22 12:30:19,743 INFO GDAL signalled an error: err_no=1, msg='Attempt to create 2x0 dataset is illegal,sizes must be larger than zero.'
2025-08-22 12:30:19,743 ERROR Failed to download or crop band: Nadir_Reflectance_Band6 for scene: MCD43A4.A2024131.h10v04.061.2024140033155. Error: Attempt to create 2x0 dataset is illegal,sizes must be larger than zero.
2025-08-22 12:31:29,081 INFO GDAL signalled an error: err_no=1, msg='Attempt to create 2x0 dataset is illegal,sizes must be larger than zero.'
2025-08-22 12:31:29,081 ERROR Failed to download or crop band: Nadir_Reflectance_Band7 for scene: MCD43A4.A2024131.h10v04.061.2024140033155. Error: Attempt to create 2x0 dataset is illegal,sizes must be larger than zero.
2025-08-22 12:32:34,168 INFO GDAL signalled an error: err_no=1, msg='Attempt to create 2x0 dataset is illegal,sizes must be larger than zero.'
2025-08-22 12:32:34,168 ERROR Failed to download or crop band: Nadir_Reflectance_Band1 for scene: MCD43A4.A2024130.h10v04.061.2024158021059. Error: Attempt to create 2x0 dataset is illegal,sizes must be larger than zero.
2025-08-22 12:33:46,040 INFO GDAL signalled an error: err_no=1, msg='Attempt to create 2x0 dataset is illegal,sizes must be larger than zero.'
2025-08-22 12:33:46,041 ERROR Failed to download or crop band: Nadir_Reflectance_Band2 for scene: MCD43A4.A2024130.h10v04.061.2024158021059. Error: Attempt to create 2x0 dataset is illegal,sizes must be larger than zero.
2025-08-22 12:34:41,020 INFO GDAL signalled an error: err_no=1, msg='Attempt to create 2x0 dataset is illegal,sizes must be larger than zero.'
2025-08-22 12:34:41,021 ERROR Failed to download or crop band: Nadir_Reflectance_Band3 for scene: MCD43A4.A2024130.h10v04.061.2024158021059. Error: Attempt to create 2x0 dataset is illegal,sizes must be larger than zero.
2025-08-22 12:35:47,445 INFO GDAL signalled an error: err_no=1, msg='Attempt to create 2x0 dataset is illegal,sizes must be larger than zero.'
2025-08-22 12:35:47,445 ERROR Failed to download or crop band: Nadir_Reflectance_Band4 for scene: MCD43A4.A2024130.h10v04.061.2024158021059. Error: Attempt to create 2x0 dataset is illegal,sizes must be larger than zero.
2025-08-22 12:36:54,138 INFO GDAL signalled an error: err_no=1, msg='Attempt to create 2x0 dataset is illegal,sizes must be larger than zero.'
2025-08-22 12:36:54,138 ERROR Failed to download or crop band: Nadir_Reflectance_Band5 for scene: MCD43A4.A2024130.h10v04.061.2024158021059. Error: Attempt to create 2x0 dataset is illegal,sizes must be larger than zero.
2025-08-22 12:37:54,519 INFO GDAL signalled an error: err_no=1, msg='Attempt to create 2x0 dataset is illegal,sizes must be larger than zero.'
2025-08-22 12:37:54,519 ERROR Failed to download or crop band: Nadir_Reflectance_Band6 for scene: MCD43A4.A2024130.h10v04.061.2024158021059. Error: Attempt to create 2x0 dataset is illegal,sizes must be larger than zero.
2025-08-22 12:39:11,325 INFO GDAL signalled an error: err_no=1, msg='Attempt to create 2x0 dataset is illegal,sizes must be larger than zero.'
2025-08-22 12:39:11,325 ERROR Failed to download or crop band: Nadir_Reflectance_Band7 for scene: MCD43A4.A2024130.h10v04.061.2024158021059. Error: Attempt to create 2x0 dataset is illegal,sizes must be larger than zero.
2025-08-22 12:40:23,189 INFO GDAL signalled an error: err_no=1, msg='Attempt to create 2x0 dataset is illegal,sizes must be larger than zero.'
2025-08-22 12:40:23,189 ERROR Failed to download or crop band: Nadir_Reflectance_Band1 for scene: MCD43A4.A2024130.h10v04.061.2024139052744. Error: Attempt to create 2x0 dataset is illegal,sizes must be larger than zero.
2025-08-22 12:41:44,085 INFO GDAL signalled an error: err_no=1, msg='Attempt to create 2x0 dataset is illegal,sizes must be larger than zero.'
2025-08-22 12:41:44,086 ERROR Failed to download or crop band: Nadir_Reflectance_Band2 for scene: MCD43A4.A2024130.h10v04.061.2024139052744. Error: Attempt to create 2x0 dataset is illegal,sizes must be larger than zero.
2025-08-22 12:42:53,231 INFO GDAL signalled an error: err_no=1, msg='Attempt to create 2x0 dataset is illegal,sizes must be larger than zero.'
2025-08-22 12:42:53,231 ERROR Failed to download or crop band: Nadir_Reflectance_Band3 for scene: MCD43A4.A2024130.h10v04.061.2024139052744. Error: Attempt to create 2x0 dataset is illegal,sizes must be larger than zero.
2025-08-22 12:43:52,070 INFO GDAL signalled an error: err_no=1, msg='Attempt to create 2x0 dataset is illegal,sizes must be larger than zero.'
2025-08-22 12:43:52,071 ERROR Failed to download or crop band: Nadir_Reflectance_Band4 for scene: MCD43A4.A2024130.h10v04.061.2024139052744. Error: Attempt to create 2x0 dataset is illegal,sizes must be larger than zero.
2025-08-22 12:44:58,701 INFO GDAL signalled an error: err_no=1, msg='Attempt to create 2x0 dataset is illegal,sizes must be larger than zero.'
2025-08-22 12:44:58,701 ERROR Failed to download or crop band: Nadir_Reflectance_Band5 for scene: MCD43A4.A2024130.h10v04.061.2024139052744. Error: Attempt to create 2x0 dataset is illegal,sizes must be larger than zero.
2025-08-22 12:46:10,761 INFO GDAL signalled an error: err_no=1, msg='Attempt to create 2x0 dataset is illegal,sizes must be larger than zero.'
2025-08-22 12:46:10,761 ERROR Failed to download or crop band: Nadir_Reflectance_Band6 for scene: MCD43A4.A2024130.h10v04.061.2024139052744. Error: Attempt to create 2x0 dataset is illegal,sizes must be larger than zero.
2025-08-22 12:46:11,356 INFO GDAL signalled an error: err_no=4, msg='./modis/ST2024IA0001/2024-05-05/MCD43A4.A2024130.h10v04.061.2024139052744_Nadir_Reflectance_Band7.tif: No such file or directory'
2025-08-22 12:46:11,356 ERROR Failed to download or crop band: Nadir_Reflectance_Band7 for scene: MCD43A4.A2024130.h10v04.061.2024139052744. Error: ./modis/ST2024IA0001/2024-05-05/MCD43A4.A2024130.h10v04.061.2024139052744_Nadir_Reflectance_Band7.tif: No such file or directory
2025-08-22 12:46:51,521 INFO GDAL signalled an error: err_no=1, msg='Attempt to create 2x0 dataset is illegal,sizes must be larger than zero.'
2025-08-22 12:46:51,521 ERROR Failed to download or crop band: Nadir_Reflectance_Band1 for scene: MCD43A4.A2024129.h10v04.061.2024158012501. Error: Attempt to create 2x0 dataset is illegal,sizes must be larger than zero.
2025-08-22 12:47:56,892 INFO GDAL signalled an error: err_no=1, msg='Attempt to create 2x0 dataset is illegal,sizes must be larger than zero.'
2025-08-22 12:47:56,893 ERROR Failed to download or crop band: Nadir_Reflectance_Band2 for scene: MCD43A4.A2024129.h10v04.061.2024158012501. Error: Attempt to create 2x0 dataset is illegal,sizes must be larger than zero.
2025-08-22 12:48:33,421 INFO GDAL signalled an error: err_no=1, msg='Attempt to create 2x0 dataset is illegal,sizes must be larger than zero.'
2025-08-22 12:48:33,421 ERROR Failed to download or crop band: Nadir_Reflectance_Band3 for scene: MCD43A4.A2024129.h10v04.061.2024158012501. Error: Attempt to create 2x0 dataset is illegal,sizes must be larger than zero.
2025-08-22 12:49:46,356 INFO GDAL signalled an error: err_no=1, msg='Attempt to create 2x0 dataset is illegal,sizes must be larger than zero.'
2025-08-22 12:49:46,356 ERROR Failed to download or crop band: Nadir_Reflectance_Band4 for scene: MCD43A4.A2024129.h10v04.061.2024158012501. Error: Attempt to create 2x0 dataset is illegal,sizes must be larger than zero.
2025-08-22 12:51:05,179 INFO GDAL signalled an error: err_no=1, msg='Attempt to create 2x0 dataset is illegal,sizes must be larger than zero.'
2025-08-22 12:51:05,180 ERROR Failed to download or crop band: Nadir_Reflectance_Band5 for scene: MCD43A4.A2024129.h10v04.061.2024158012501. Error: Attempt to create 2x0 dataset is illegal,sizes must be larger than zero.
2025-08-22 12:52:15,788 INFO GDAL signalled an error: err_no=1, msg='Attempt to create 2x0 dataset is illegal,sizes must be larger than zero.'
2025-08-22 12:52:15,789 ERROR Failed to download or crop band: Nadir_Reflectance_Band6 for scene: MCD43A4.A2024129.h10v04.061.2024158012501. Error: Attempt to create 2x0 dataset is illegal,sizes must be larger than zero.
2025-08-22 12:53:29,090 INFO GDAL signalled an error: err_no=1, msg='Attempt to create 2x0 dataset is illegal,sizes must be larger than zero.'
2025-08-22 12:53:29,091 ERROR Failed to download or crop band: Nadir_Reflectance_Band7 for scene: MCD43A4.A2024129.h10v04.061.2024158012501. Error: Attempt to create 2x0 dataset is illegal,sizes must be larger than zero.
2025-08-22 12:54:29,274 INFO GDAL signalled an error: err_no=1, msg='Attempt to create 2x0 dataset is illegal,sizes must be larger than zero.'
2025-08-22 12:54:29,275 ERROR Failed to download or crop band: Nadir_Reflectance_Band1 for scene: MCD43A4.A2024129.h10v04.061.2024138045352. Error: Attempt to create 2x0 dataset is illegal,sizes must be larger than zero.
2025-08-22 12:55:42,709 INFO GDAL signalled an error: err_no=1, msg='Attempt to create 2x0 dataset is illegal,sizes must be larger than zero.'
2025-08-22 12:55:42,709 ERROR Failed to download or crop band: Nadir_Reflectance_Band2 for scene: MCD43A4.A2024129.h10v04.061.2024138045352. Error: Attempt to create 2x0 dataset is illegal,sizes must be larger than zero.
2025-08-22 12:56:46,826 INFO GDAL signalled an error: err_no=1, msg='Attempt to create 2x0 dataset is illegal,sizes must be larger than zero.'
2025-08-22 12:56:46,826 ERROR Failed to download or crop band: Nadir_Reflectance_Band3 for scene: MCD43A4.A2024129.h10v04.061.2024138045352. Error: Attempt to create 2x0 dataset is illegal,sizes must be larger than zero.
2025-08-22 12:58:04,116 INFO GDAL signalled an error: err_no=1, msg='Attempt to create 2x0 dataset is illegal,sizes must be larger than zero.'
2025-08-22 12:58:04,116 ERROR Failed to download or crop band: Nadir_Reflectance_Band4 for scene: MCD43A4.A2024129.h10v04.061.2024138045352. Error: Attempt to create 2x0 dataset is illegal,sizes must be larger than zero.
2025-08-22 12:59:22,370 INFO GDAL signalled an error: err_no=1, msg='Attempt to create 2x0 dataset is illegal,sizes must be larger than zero.'
2025-08-22 12:59:22,370 ERROR Failed to download or crop band: Nadir_Reflectance_Band5 for scene: MCD43A4.A2024129.h10v04.061.2024138045352. Error: Attempt to create 2x0 dataset is illegal,sizes must be larger than zero.
2025-08-22 13:00:34,315 INFO GDAL signalled an error: err_no=1, msg='Attempt to create 2x0 dataset is illegal,sizes must be larger than zero.'
2025-08-22 13:00:34,315 ERROR Failed to download or crop band: Nadir_Reflectance_Band6 for scene: MCD43A4.A2024129.h10v04.061.2024138045352. Error: Attempt to create 2x0 dataset is illegal,sizes must be larger than zero.
2025-08-22 13:01:42,656 INFO GDAL signalled an error: err_no=1, msg='Attempt to create 2x0 dataset is illegal,sizes must be larger than zero.'
2025-08-22 13:01:42,657 ERROR Failed to download or crop band: Nadir_Reflectance_Band7 for scene: MCD43A4.A2024129.h10v04.061.2024138045352. Error: Attempt to create 2x0 dataset is illegal,sizes must be larger than zero.
2025-08-22 13:02:43,964 INFO GDAL signalled an error: err_no=1, msg='Attempt to create 2x0 dataset is illegal,sizes must be larger than zero.'
2025-08-22 13:02:43,964 ERROR Failed to download or crop band: Nadir_Reflectance_Band1 for scene: MCD43A4.A2024128.h10v04.061.2024157221141. Error: Attempt to create 2x0 dataset is illegal,sizes must be larger than zero.
2025-08-22 13:04:05,076 INFO GDAL signalled an error: err_no=1, msg='Attempt to create 2x0 dataset is illegal,sizes must be larger than zero.'
2025-08-22 13:04:05,076 ERROR Failed to download or crop band: Nadir_Reflectance_Band2 for scene: MCD43A4.A2024128.h10v04.061.2024157221141. Error: Attempt to create 2x0 dataset is illegal,sizes must be larger than zero.
2025-08-22 13:04:51,140 INFO GDAL signalled an error: err_no=1, msg='Attempt to create 2x0 dataset is illegal,sizes must be larger than zero.'
2025-08-22 13:04:51,140 ERROR Failed to download or crop band: Nadir_Reflectance_Band3 for scene: MCD43A4.A2024128.h10v04.061.2024157221141. Error: Attempt to create 2x0 dataset is illegal,sizes must be larger than zero.
2025-08-22 13:05:57,962 INFO GDAL signalled an error: err_no=1, msg='Attempt to create 2x0 dataset is illegal,sizes must be larger than zero.'
2025-08-22 13:05:57,962 ERROR Failed to download or crop band: Nadir_Reflectance_Band4 for scene: MCD43A4.A2024128.h10v04.061.2024157221141. Error: Attempt to create 2x0 dataset is illegal,sizes must be larger than zero.
2025-08-22 13:07:14,300 INFO GDAL signalled an error: err_no=1, msg='Attempt to create 2x0 dataset is illegal,sizes must be larger than zero.'
2025-08-22 13:07:14,300 ERROR Failed to download or crop band: Nadir_Reflectance_Band5 for scene: MCD43A4.A2024128.h10v04.061.2024157221141. Error: Attempt to create 2x0 dataset is illegal,sizes must be larger than zero.
2025-08-22 13:08:03,165 INFO GDAL signalled an error: err_no=1, msg='Attempt to create 2x0 dataset is illegal,sizes must be larger than zero.'
2025-08-22 13:08:03,165 ERROR Failed to download or crop band: Nadir_Reflectance_Band6 for scene: MCD43A4.A2024128.h10v04.061.2024157221141. Error: Attempt to create 2x0 dataset is illegal,sizes must be larger than zero.
2025-08-22 13:09:09,942 INFO GDAL signalled an error: err_no=1, msg='Attempt to create 2x0 dataset is illegal,sizes must be larger than zero.'
2025-08-22 13:09:09,943 ERROR Failed to download or crop band: Nadir_Reflectance_Band7 for scene: MCD43A4.A2024128.h10v04.061.2024157221141. Error: Attempt to create 2x0 dataset is illegal,sizes must be larger than zero.
2025-08-22 13:10:28,847 INFO GDAL signalled an error: err_no=1, msg='Attempt to create 2x0 dataset is illegal,sizes must be larger than zero.'
2025-08-22 13:10:28,847 ERROR Failed to download or crop band: Nadir_Reflectance_Band1 for scene: MCD43A4.A2024128.h10v04.061.2024137033949. Error: Attempt to create 2x0 dataset is illegal,sizes must be larger than zero.
2025-08-22 13:11:51,190 INFO GDAL signalled an error: err_no=1, msg='Attempt to create 2x0 dataset is illegal,sizes must be larger than zero.'
2025-08-22 13:11:51,191 ERROR Failed to download or crop band: Nadir_Reflectance_Band2 for scene: MCD43A4.A2024128.h10v04.061.2024137033949. Error: Attempt to create 2x0 dataset is illegal,sizes must be larger than zero.
2025-08-22 13:13:03,456 INFO GDAL signalled an error: err_no=1, msg='Attempt to create 2x0 dataset is illegal,sizes must be larger than zero.'
2025-08-22 13:13:03,456 ERROR Failed to download or crop band: Nadir_Reflectance_Band3 for scene: MCD43A4.A2024128.h10v04.061.2024137033949. Error: Attempt to create 2x0 dataset is illegal,sizes must be larger than zero.
2025-08-22 13:14:13,109 INFO GDAL signalled an error: err_no=1, msg='Attempt to create 2x0 dataset is illegal,sizes must be larger than zero.'
2025-08-22 13:14:13,109 ERROR Failed to download or crop band: Nadir_Reflectance_Band4 for scene: MCD43A4.A2024128.h10v04.061.2024137033949. Error: Attempt to create 2x0 dataset is illegal,sizes must be larger than zero.
2025-08-22 13:15:27,791 INFO GDAL signalled an error: err_no=1, msg='Attempt to create 2x0 dataset is illegal,sizes must be larger than zero.'
2025-08-22 13:15:27,791 ERROR Failed to download or crop band: Nadir_Reflectance_Band5 for scene: MCD43A4.A2024128.h10v04.061.2024137033949. Error: Attempt to create 2x0 dataset is illegal,sizes must be larger than zero.
2025-08-22 13:16:19,767 INFO GDAL signalled an error: err_no=1, msg='Attempt to create 2x0 dataset is illegal,sizes must be larger than zero.'
2025-08-22 13:16:19,767 ERROR Failed to download or crop band: Nadir_Reflectance_Band6 for scene: MCD43A4.A2024128.h10v04.061.2024137033949. Error: Attempt to create 2x0 dataset is illegal,sizes must be larger than zero.
2025-08-22 13:17:30,889 INFO GDAL signalled an error: err_no=1, msg='Attempt to create 2x0 dataset is illegal,sizes must be larger than zero.'
2025-08-22 13:17:30,890 ERROR Failed to download or crop band: Nadir_Reflectance_Band7 for scene: MCD43A4.A2024128.h10v04.061.2024137033949. Error: Attempt to create 2x0 dataset is illegal,sizes must be larger than zero.
2025-08-22 13:18:34,796 INFO GDAL signalled an error: err_no=1, msg='Attempt to create 2x0 dataset is illegal,sizes must be larger than zero.'
2025-08-22 13:18:34,796 ERROR Failed to download or crop band: Nadir_Reflectance_Band1 for scene: MCD43A4.A2024127.h10v04.061.2024157215219. Error: Attempt to create 2x0 dataset is illegal,sizes must be larger than zero.
2025-08-22 13:19:24,106 INFO GDAL signalled an error: err_no=1, msg='Attempt to create 2x0 dataset is illegal,sizes must be larger than zero.'
2025-08-22 13:19:24,107 ERROR Failed to download or crop band: Nadir_Reflectance_Band2 for scene: MCD43A4.A2024127.h10v04.061.2024157215219. Error: Attempt to create 2x0 dataset is illegal,sizes must be larger than zero.
2025-08-22 13:20:31,227 INFO GDAL signalled an error: err_no=1, msg='Attempt to create 2x0 dataset is illegal,sizes must be larger than zero.'
2025-08-22 13:20:31,228 ERROR Failed to download or crop band: Nadir_Reflectance_Band3 for scene: MCD43A4.A2024127.h10v04.061.2024157215219. Error: Attempt to create 2x0 dataset is illegal,sizes must be larger than zero.
2025-08-22 13:21:37,486 INFO GDAL signalled an error: err_no=1, msg='Attempt to create 2x0 dataset is illegal,sizes must be larger than zero.'
2025-08-22 13:21:37,486 ERROR Failed to download or crop band: Nadir_Reflectance_Band4 for scene: MCD43A4.A2024127.h10v04.061.2024157215219. Error: Attempt to create 2x0 dataset is illegal,sizes must be larger than zero.
2025-08-22 13:22:41,343 INFO GDAL signalled an error: err_no=1, msg='Attempt to create 2x0 dataset is illegal,sizes must be larger than zero.'
2025-08-22 13:22:41,343 ERROR Failed to download or crop band: Nadir_Reflectance_Band5 for scene: MCD43A4.A2024127.h10v04.061.2024157215219. Error: Attempt to create 2x0 dataset is illegal,sizes must be larger than zero.
2025-08-22 13:23:27,706 INFO GDAL signalled an error: err_no=1, msg='Attempt to create 2x0 dataset is illegal,sizes must be larger than zero.'
2025-08-22 13:23:27,706 ERROR Failed to download or crop band: Nadir_Reflectance_Band6 for scene: MCD43A4.A2024127.h10v04.061.2024157215219. Error: Attempt to create 2x0 dataset is illegal,sizes must be larger than zero.
2025-08-22 13:24:40,293 INFO GDAL signalled an error: err_no=1, msg='Attempt to create 2x0 dataset is illegal,sizes must be larger than zero.'
2025-08-22 13:24:40,293 ERROR Failed to download or crop band: Nadir_Reflectance_Band7 for scene: MCD43A4.A2024127.h10v04.061.2024157215219. Error: Attempt to create 2x0 dataset is illegal,sizes must be larger than zero.
2025-08-22 13:25:54,123 INFO GDAL signalled an error: err_no=1, msg='Attempt to create 2x0 dataset is illegal,sizes must be larger than zero.'
2025-08-22 13:25:54,123 ERROR Failed to download or crop band: Nadir_Reflectance_Band1 for scene: MCD43A4.A2024127.h10v04.061.2024136051637. Error: Attempt to create 2x0 dataset is illegal,sizes must be larger than zero.
2025-08-22 13:27:04,313 INFO GDAL signalled an error: err_no=1, msg='Attempt to create 2x0 dataset is illegal,sizes must be larger than zero.'
2025-08-22 13:27:04,313 ERROR Failed to download or crop band: Nadir_Reflectance_Band2 for scene: MCD43A4.A2024127.h10v04.061.2024136051637. Error: Attempt to create 2x0 dataset is illegal,sizes must be larger than zero.
2025-08-22 13:27:38,710 INFO GDAL signalled an error: err_no=1, msg='Attempt to create 2x0 dataset is illegal,sizes must be larger than zero.'
2025-08-22 13:27:38,710 ERROR Failed to download or crop band: Nadir_Reflectance_Band3 for scene: MCD43A4.A2024127.h10v04.061.2024136051637. Error: Attempt to create 2x0 dataset is illegal,sizes must be larger than zero.
2025-08-22 13:28:58,617 INFO GDAL signalled an error: err_no=1, msg='Attempt to create 2x0 dataset is illegal,sizes must be larger than zero.'
2025-08-22 13:28:58,617 ERROR Failed to download or crop band: Nadir_Reflectance_Band4 for scene: MCD43A4.A2024127.h10v04.061.2024136051637. Error: Attempt to create 2x0 dataset is illegal,sizes must be larger than zero.
2025-08-22 13:30:13,681 INFO GDAL signalled an error: err_no=1, msg='Attempt to create 2x0 dataset is illegal,sizes must be larger than zero.'
2025-08-22 13:30:13,681 ERROR Failed to download or crop band: Nadir_Reflectance_Band5 for scene: MCD43A4.A2024127.h10v04.061.2024136051637. Error: Attempt to create 2x0 dataset is illegal,sizes must be larger than zero.
2025-08-22 13:31:21,578 INFO GDAL signalled an error: err_no=1, msg='Attempt to create 2x0 dataset is illegal,sizes must be larger than zero.'
2025-08-22 13:31:21,578 ERROR Failed to download or crop band: Nadir_Reflectance_Band6 for scene: MCD43A4.A2024127.h10v04.061.2024136051637. Error: Attempt to create 2x0 dataset is illegal,sizes must be larger than zero.
2025-08-22 13:31:22,108 INFO GDAL signalled an error: err_no=4, msg='./modis/ST2024IA0001/2024-05-05/MCD43A4.A2024127.h10v04.061.2024136051637_Nadir_Reflectance_Band7.tif: No such file or directory'
2025-08-22 13:31:22,108 ERROR Failed to download or crop band: Nadir_Reflectance_Band7 for scene: MCD43A4.A2024127.h10v04.061.2024136051637. Error: ./modis/ST2024IA0001/2024-05-05/MCD43A4.A2024127.h10v04.061.2024136051637_Nadir_Reflectance_Band7.tif: No such file or directory
2025-08-22 13:32:24,799 INFO GDAL signalled an error: err_no=1, msg='Attempt to create 2x0 dataset is illegal,sizes must be larger than zero.'
2025-08-22 13:32:24,799 ERROR Failed to download or crop band: Nadir_Reflectance_Band1 for scene: MCD43A4.A2024126.h10v04.061.2024157212217. Error: Attempt to create 2x0 dataset is illegal,sizes must be larger than zero.
2025-08-22 13:33:39,813 INFO GDAL signalled an error: err_no=1, msg='Attempt to create 2x0 dataset is illegal,sizes must be larger than zero.'
2025-08-22 13:33:39,813 ERROR Failed to download or crop band: Nadir_Reflectance_Band2 for scene: MCD43A4.A2024126.h10v04.061.2024157212217. Error: Attempt to create 2x0 dataset is illegal,sizes must be larger than zero.
2025-08-22 13:34:39,325 INFO GDAL signalled an error: err_no=1, msg='Attempt to create 2x0 dataset is illegal,sizes must be larger than zero.'
2025-08-22 13:34:39,325 ERROR Failed to download or crop band: Nadir_Reflectance_Band3 for scene: MCD43A4.A2024126.h10v04.061.2024157212217. Error: Attempt to create 2x0 dataset is illegal,sizes must be larger than zero.
2025-08-22 13:35:34,799 INFO GDAL signalled an error: err_no=1, msg='Attempt to create 2x0 dataset is illegal,sizes must be larger than zero.'
2025-08-22 13:35:34,800 ERROR Failed to download or crop band: Nadir_Reflectance_Band4 for scene: MCD43A4.A2024126.h10v04.061.2024157212217. Error: Attempt to create 2x0 dataset is illegal,sizes must be larger than zero.
2025-08-22 13:36:48,891 INFO GDAL signalled an error: err_no=1, msg='Attempt to create 2x0 dataset is illegal,sizes must be larger than zero.'
2025-08-22 13:36:48,891 ERROR Failed to download or crop band: Nadir_Reflectance_Band5 for scene: MCD43A4.A2024126.h10v04.061.2024157212217. Error: Attempt to create 2x0 dataset is illegal,sizes must be larger than zero.
2025-08-22 13:37:56,758 INFO GDAL signalled an error: err_no=1, msg='Attempt to create 2x0 dataset is illegal,sizes must be larger than zero.'
2025-08-22 13:37:56,758 ERROR Failed to download or crop band: Nadir_Reflectance_Band6 for scene: MCD43A4.A2024126.h10v04.061.2024157212217. Error: Attempt to create 2x0 dataset is illegal,sizes must be larger than zero.
2025-08-22 13:38:58,843 INFO GDAL signalled an error: err_no=1, msg='Attempt to create 2x0 dataset is illegal,sizes must be larger than zero.'
2025-08-22 13:38:58,844 ERROR Failed to download or crop band: Nadir_Reflectance_Band7 for scene: MCD43A4.A2024126.h10v04.061.2024157212217. Error: Attempt to create 2x0 dataset is illegal,sizes must be larger than zero.
2025-08-22 13:40:17,546 INFO GDAL signalled an error: err_no=1, msg='Attempt to create 2x0 dataset is illegal,sizes must be larger than zero.'
2025-08-22 13:40:17,547 ERROR Failed to download or crop band: Nadir_Reflectance_Band1 for scene: MCD43A4.A2024126.h10v04.061.2024135040227. Error: Attempt to create 2x0 dataset is illegal,sizes must be larger than zero.
2025-08-22 13:41:15,947 INFO GDAL signalled an error: err_no=1, msg='Attempt to create 2x0 dataset is illegal,sizes must be larger than zero.'
2025-08-22 13:41:15,947 ERROR Failed to download or crop band: Nadir_Reflectance_Band2 for scene: MCD43A4.A2024126.h10v04.061.2024135040227. Error: Attempt to create 2x0 dataset is illegal,sizes must be larger than zero.
2025-08-22 13:41:59,518 INFO GDAL signalled an error: err_no=1, msg='Attempt to create 2x0 dataset is illegal,sizes must be larger than zero.'
2025-08-22 13:41:59,518 ERROR Failed to download or crop band: Nadir_Reflectance_Band3 for scene: MCD43A4.A2024126.h10v04.061.2024135040227. Error: Attempt to create 2x0 dataset is illegal,sizes must be larger than zero.
2025-08-22 13:42:47,106 INFO GDAL signalled an error: err_no=1, msg='Attempt to create 2x0 dataset is illegal,sizes must be larger than zero.'
2025-08-22 13:42:47,106 ERROR Failed to download or crop band: Nadir_Reflectance_Band4 for scene: MCD43A4.A2024126.h10v04.061.2024135040227. Error: Attempt to create 2x0 dataset is illegal,sizes must be larger than zero.
2025-08-22 13:43:50,439 INFO GDAL signalled an error: err_no=1, msg='Attempt to create 2x0 dataset is illegal,sizes must be larger than zero.'
2025-08-22 13:43:50,439 ERROR Failed to download or crop band: Nadir_Reflectance_Band5 for scene: MCD43A4.A2024126.h10v04.061.2024135040227. Error: Attempt to create 2x0 dataset is illegal,sizes must be larger than zero.
2025-08-22 13:45:06,977 INFO GDAL signalled an error: err_no=1, msg='Attempt to create 2x0 dataset is illegal,sizes must be larger than zero.'
2025-08-22 13:45:06,977 ERROR Failed to download or crop band: Nadir_Reflectance_Band6 for scene: MCD43A4.A2024126.h10v04.061.2024135040227. Error: Attempt to create 2x0 dataset is illegal,sizes must be larger than zero.
2025-08-22 13:46:19,276 INFO GDAL signalled an error: err_no=1, msg='Attempt to create 2x0 dataset is illegal,sizes must be larger than zero.'
2025-08-22 13:46:19,276 ERROR Failed to download or crop band: Nadir_Reflectance_Band7 for scene: MCD43A4.A2024126.h10v04.061.2024135040227. Error: Attempt to create 2x0 dataset is illegal,sizes must be larger than zero.
2025-08-22 13:47:24,459 INFO GDAL signalled an error: err_no=1, msg='Attempt to create 2x0 dataset is illegal,sizes must be larger than zero.'
2025-08-22 13:47:24,459 ERROR Failed to download or crop band: Nadir_Reflectance_Band1 for scene: MCD43A4.A2024125.h10v04.061.2024157210217. Error: Attempt to create 2x0 dataset is illegal,sizes must be larger than zero.
2025-08-22 13:48:25,243 INFO GDAL signalled an error: err_no=1, msg='Attempt to create 2x0 dataset is illegal,sizes must be larger than zero.'
2025-08-22 13:48:25,244 ERROR Failed to download or crop band: Nadir_Reflectance_Band2 for scene: MCD43A4.A2024125.h10v04.061.2024157210217. Error: Attempt to create 2x0 dataset is illegal,sizes must be larger than zero.
2025-08-22 13:49:27,332 INFO GDAL signalled an error: err_no=1, msg='Attempt to create 2x0 dataset is illegal,sizes must be larger than zero.'
2025-08-22 13:49:27,333 ERROR Failed to download or crop band: Nadir_Reflectance_Band3 for scene: MCD43A4.A2024125.h10v04.061.2024157210217. Error: Attempt to create 2x0 dataset is illegal,sizes must be larger than zero.
2025-08-22 13:50:30,985 INFO GDAL signalled an error: err_no=1, msg='Attempt to create 2x0 dataset is illegal,sizes must be larger than zero.'
2025-08-22 13:50:30,986 ERROR Failed to download or crop band: Nadir_Reflectance_Band4 for scene: MCD43A4.A2024125.h10v04.061.2024157210217. Error: Attempt to create 2x0 dataset is illegal,sizes must be larger than zero.
2025-08-22 13:51:30,513 INFO GDAL signalled an error: err_no=1, msg='Attempt to create 2x0 dataset is illegal,sizes must be larger than zero.'
2025-08-22 13:51:30,513 ERROR Failed to download or crop band: Nadir_Reflectance_Band5 for scene: MCD43A4.A2024125.h10v04.061.2024157210217. Error: Attempt to create 2x0 dataset is illegal,sizes must be larger than zero.
2025-08-22 13:52:50,292 INFO GDAL signalled an error: err_no=1, msg='Attempt to create 2x0 dataset is illegal,sizes must be larger than zero.'
2025-08-22 13:52:50,292 ERROR Failed to download or crop band: Nadir_Reflectance_Band6 for scene: MCD43A4.A2024125.h10v04.061.2024157210217. Error: Attempt to create 2x0 dataset is illegal,sizes must be larger than zero.
2025-08-22 13:53:57,277 INFO GDAL signalled an error: err_no=1, msg='Attempt to create 2x0 dataset is illegal,sizes must be larger than zero.'
2025-08-22 13:53:57,278 ERROR Failed to download or crop band: Nadir_Reflectance_Band7 for scene: MCD43A4.A2024125.h10v04.061.2024157210217. Error: Attempt to create 2x0 dataset is illegal,sizes must be larger than zero.
2025-08-22 13:54:48,614 INFO GDAL signalled an error: err_no=1, msg='Attempt to create 2x0 dataset is illegal,sizes must be larger than zero.'
2025-08-22 13:54:48,614 ERROR Failed to download or crop band: Nadir_Reflectance_Band1 for scene: MCD43A4.A2024125.h10v04.061.2024135010321. Error: Attempt to create 2x0 dataset is illegal,sizes must be larger than zero.
2025-08-22 13:55:52,014 INFO GDAL signalled an error: err_no=1, msg='Attempt to create 2x0 dataset is illegal,sizes must be larger than zero.'
2025-08-22 13:55:52,014 ERROR Failed to download or crop band: Nadir_Reflectance_Band2 for scene: MCD43A4.A2024125.h10v04.061.2024135010321. Error: Attempt to create 2x0 dataset is illegal,sizes must be larger than zero.
2025-08-22 13:57:03,216 INFO GDAL signalled an error: err_no=1, msg='Attempt to create 2x0 dataset is illegal,sizes must be larger than zero.'
2025-08-22 13:57:03,216 ERROR Failed to download or crop band: Nadir_Reflectance_Band3 for scene: MCD43A4.A2024125.h10v04.061.2024135010321. Error: Attempt to create 2x0 dataset is illegal,sizes must be larger than zero.
2025-08-22 13:58:01,532 INFO GDAL signalled an error: err_no=1, msg='Attempt to create 2x0 dataset is illegal,sizes must be larger than zero.'
2025-08-22 13:58:01,533 ERROR Failed to download or crop band: Nadir_Reflectance_Band4 for scene: MCD43A4.A2024125.h10v04.061.2024135010321. Error: Attempt to create 2x0 dataset is illegal,sizes must be larger than zero.
2025-08-22 13:59:14,068 INFO GDAL signalled an error: err_no=1, msg='Attempt to create 2x0 dataset is illegal,sizes must be larger than zero.'
2025-08-22 13:59:14,069 ERROR Failed to download or crop band: Nadir_Reflectance_Band5 for scene: MCD43A4.A2024125.h10v04.061.2024135010321. Error: Attempt to create 2x0 dataset is illegal,sizes must be larger than zero.
2025-08-22 14:00:29,181 INFO GDAL signalled an error: err_no=1, msg='Attempt to create 2x0 dataset is illegal,sizes must be larger than zero.'
2025-08-22 14:00:29,181 ERROR Failed to download or crop band: Nadir_Reflectance_Band6 for scene: MCD43A4.A2024125.h10v04.061.2024135010321. Error: Attempt to create 2x0 dataset is illegal,sizes must be larger than zero.
2025-08-22 14:01:34,410 INFO GDAL signalled an error: err_no=1, msg='Attempt to create 2x0 dataset is illegal,sizes must be larger than zero.'
2025-08-22 14:01:34,411 ERROR Failed to download or crop band: Nadir_Reflectance_Band7 for scene: MCD43A4.A2024125.h10v04.061.2024135010321. Error: Attempt to create 2x0 dataset is illegal,sizes must be larger than zero.
2025-08-22 14:02:47,403 INFO GDAL signalled an error: err_no=1, msg='Attempt to create 2x0 dataset is illegal,sizes must be larger than zero.'
2025-08-22 14:02:47,403 ERROR Failed to download or crop band: Nadir_Reflectance_Band1 for scene: MCD43A4.A2024124.h10v04.061.2024157202718. Error: Attempt to create 2x0 dataset is illegal,sizes must be larger than zero.
2025-08-22 14:03:42,829 INFO GDAL signalled an error: err_no=1, msg='Attempt to create 2x0 dataset is illegal,sizes must be larger than zero.'
2025-08-22 14:03:42,830 ERROR Failed to download or crop band: Nadir_Reflectance_Band2 for scene: MCD43A4.A2024124.h10v04.061.2024157202718. Error: Attempt to create 2x0 dataset is illegal,sizes must be larger than zero.
2025-08-22 14:04:32,330 INFO GDAL signalled an error: err_no=1, msg='Attempt to create 2x0 dataset is illegal,sizes must be larger than zero.'
2025-08-22 14:04:32,330 ERROR Failed to download or crop band: Nadir_Reflectance_Band3 for scene: MCD43A4.A2024124.h10v04.061.2024157202718. Error: Attempt to create 2x0 dataset is illegal,sizes must be larger than zero.
2025-08-22 14:05:40,969 INFO GDAL signalled an error: err_no=1, msg='Attempt to create 2x0 dataset is illegal,sizes must be larger than zero.'
2025-08-22 14:05:40,969 ERROR Failed to download or crop band: Nadir_Reflectance_Band4 for scene: MCD43A4.A2024124.h10v04.061.2024157202718. Error: Attempt to create 2x0 dataset is illegal,sizes must be larger than zero.
2025-08-22 14:06:32,958 INFO GDAL signalled an error: err_no=1, msg='Attempt to create 2x0 dataset is illegal,sizes must be larger than zero.'
2025-08-22 14:06:32,959 ERROR Failed to download or crop band: Nadir_Reflectance_Band5 for scene: MCD43A4.A2024124.h10v04.061.2024157202718. Error: Attempt to create 2x0 dataset is illegal,sizes must be larger than zero.
2025-08-22 14:07:45,786 INFO GDAL signalled an error: err_no=1, msg='Attempt to create 2x0 dataset is illegal,sizes must be larger than zero.'
2025-08-22 14:07:45,787 ERROR Failed to download or crop band: Nadir_Reflectance_Band6 for scene: MCD43A4.A2024124.h10v04.061.2024157202718. Error: Attempt to create 2x0 dataset is illegal,sizes must be larger than zero.
2025-08-22 14:08:57,003 INFO GDAL signalled an error: err_no=1, msg='Attempt to create 2x0 dataset is illegal,sizes must be larger than zero.'
2025-08-22 14:08:57,003 ERROR Failed to download or crop band: Nadir_Reflectance_Band7 for scene: MCD43A4.A2024124.h10v04.061.2024157202718. Error: Attempt to create 2x0 dataset is illegal,sizes must be larger than zero.
2025-08-22 14:10:00,036 INFO GDAL signalled an error: err_no=1, msg='Attempt to create 2x0 dataset is illegal,sizes must be larger than zero.'
2025-08-22 14:10:00,037 ERROR Failed to download or crop band: Nadir_Reflectance_Band1 for scene: MCD43A4.A2024124.h10v04.061.2024134235816. Error: Attempt to create 2x0 dataset is illegal,sizes must be larger than zero.
2025-08-22 14:11:00,316 INFO GDAL signalled an error: err_no=1, msg='Attempt to create 2x0 dataset is illegal,sizes must be larger than zero.'
2025-08-22 14:11:00,317 ERROR Failed to download or crop band: Nadir_Reflectance_Band2 for scene: MCD43A4.A2024124.h10v04.061.2024134235816. Error: Attempt to create 2x0 dataset is illegal,sizes must be larger than zero.
2025-08-22 14:11:52,443 INFO GDAL signalled an error: err_no=1, msg='Attempt to create 2x0 dataset is illegal,sizes must be larger than zero.'
2025-08-22 14:11:52,444 ERROR Failed to download or crop band: Nadir_Reflectance_Band3 for scene: MCD43A4.A2024124.h10v04.061.2024134235816. Error: Attempt to create 2x0 dataset is illegal,sizes must be larger than zero.
2025-08-22 14:12:58,823 INFO GDAL signalled an error: err_no=1, msg='Attempt to create 2x0 dataset is illegal,sizes must be larger than zero.'
2025-08-22 14:12:58,824 ERROR Failed to download or crop band: Nadir_Reflectance_Band4 for scene: MCD43A4.A2024124.h10v04.061.2024134235816. Error: Attempt to create 2x0 dataset is illegal,sizes must be larger than zero.
2025-08-22 14:13:57,702 INFO GDAL signalled an error: err_no=1, msg='Attempt to create 2x0 dataset is illegal,sizes must be larger than zero.'
2025-08-22 14:13:57,702 ERROR Failed to download or crop band: Nadir_Reflectance_Band5 for scene: MCD43A4.A2024124.h10v04.061.2024134235816. Error: Attempt to create 2x0 dataset is illegal,sizes must be larger than zero.
2025-08-22 14:14:56,608 INFO GDAL signalled an error: err_no=1, msg='Attempt to create 2x0 dataset is illegal,sizes must be larger than zero.'
2025-08-22 14:14:56,608 ERROR Failed to download or crop band: Nadir_Reflectance_Band6 for scene: MCD43A4.A2024124.h10v04.061.2024134235816. Error: Attempt to create 2x0 dataset is illegal,sizes must be larger than zero.
2025-08-22 14:15:59,044 INFO GDAL signalled an error: err_no=1, msg='Attempt to create 2x0 dataset is illegal,sizes must be larger than zero.'
2025-08-22 14:15:59,044 ERROR Failed to download or crop band: Nadir_Reflectance_Band7 for scene: MCD43A4.A2024124.h10v04.061.2024134235816. Error: Attempt to create 2x0 dataset is illegal,sizes must be larger than zero.
2025-08-22 14:17:06,584 INFO GDAL signalled an error: err_no=1, msg='Attempt to create 2x0 dataset is illegal,sizes must be larger than zero.'
2025-08-22 14:17:06,585 ERROR Failed to download or crop band: Nadir_Reflectance_Band1 for scene: MCD43A4.A2024123.h10v04.061.2024157195537. Error: Attempt to create 2x0 dataset is illegal,sizes must be larger than zero.
2025-08-22 14:18:13,580 INFO GDAL signalled an error: err_no=1, msg='Attempt to create 2x0 dataset is illegal,sizes must be larger than zero.'
2025-08-22 14:18:13,581 ERROR Failed to download or crop band: Nadir_Reflectance_Band2 for scene: MCD43A4.A2024123.h10v04.061.2024157195537. Error: Attempt to create 2x0 dataset is illegal,sizes must be larger than zero.
2025-08-22 14:19:18,958 INFO GDAL signalled an error: err_no=1, msg='Attempt to create 2x0 dataset is illegal,sizes must be larger than zero.'
2025-08-22 14:19:18,959 ERROR Failed to download or crop band: Nadir_Reflectance_Band3 for scene: MCD43A4.A2024123.h10v04.061.2024157195537. Error: Attempt to create 2x0 dataset is illegal,sizes must be larger than zero.
2025-08-22 14:20:20,661 INFO GDAL signalled an error: err_no=1, msg='Attempt to create 2x0 dataset is illegal,sizes must be larger than zero.'
2025-08-22 14:20:20,662 ERROR Failed to download or crop band: Nadir_Reflectance_Band4 for scene: MCD43A4.A2024123.h10v04.061.2024157195537. Error: Attempt to create 2x0 dataset is illegal,sizes must be larger than zero.
2025-08-22 14:21:34,413 INFO GDAL signalled an error: err_no=1, msg='Attempt to create 2x0 dataset is illegal,sizes must be larger than zero.'
2025-08-22 14:21:34,414 ERROR Failed to download or crop band: Nadir_Reflectance_Band5 for scene: MCD43A4.A2024123.h10v04.061.2024157195537. Error: Attempt to create 2x0 dataset is illegal,sizes must be larger than zero.
2025-08-22 14:22:43,583 INFO GDAL signalled an error: err_no=1, msg='Attempt to create 2x0 dataset is illegal,sizes must be larger than zero.'
2025-08-22 14:22:43,584 ERROR Failed to download or crop band: Nadir_Reflectance_Band6 for scene: MCD43A4.A2024123.h10v04.061.2024157195537. Error: Attempt to create 2x0 dataset is illegal,sizes must be larger than zero.
2025-08-22 14:23:53,779 INFO GDAL signalled an error: err_no=1, msg='Attempt to create 2x0 dataset is illegal,sizes must be larger than zero.'
2025-08-22 14:23:53,779 ERROR Failed to download or crop band: Nadir_Reflectance_Band7 for scene: MCD43A4.A2024123.h10v04.061.2024157195537. Error: Attempt to create 2x0 dataset is illegal,sizes must be larger than zero.
2025-08-22 14:25:00,646 INFO GDAL signalled an error: err_no=1, msg='Attempt to create 2x0 dataset is illegal,sizes must be larger than zero.'
2025-08-22 14:25:00,646 ERROR Failed to download or crop band: Nadir_Reflectance_Band1 for scene: MCD43A4.A2024123.h10v04.061.2024134023738. Error: Attempt to create 2x0 dataset is illegal,sizes must be larger than zero.
2025-08-22 14:26:16,952 INFO GDAL signalled an error: err_no=1, msg='Attempt to create 2x0 dataset is illegal,sizes must be larger than zero.'
2025-08-22 14:26:16,952 ERROR Failed to download or crop band: Nadir_Reflectance_Band2 for scene: MCD43A4.A2024123.h10v04.061.2024134023738. Error: Attempt to create 2x0 dataset is illegal,sizes must be larger than zero.
2025-08-22 14:27:23,231 INFO GDAL signalled an error: err_no=1, msg='Attempt to create 2x0 dataset is illegal,sizes must be larger than zero.'
2025-08-22 14:27:23,232 ERROR Failed to download or crop band: Nadir_Reflectance_Band3 for scene: MCD43A4.A2024123.h10v04.061.2024134023738. Error: Attempt to create 2x0 dataset is illegal,sizes must be larger than zero.
2025-08-22 14:28:31,897 INFO GDAL signalled an error: err_no=1, msg='Attempt to create 2x0 dataset is illegal,sizes must be larger than zero.'
2025-08-22 14:28:31,897 ERROR Failed to download or crop band: Nadir_Reflectance_Band4 for scene: MCD43A4.A2024123.h10v04.061.2024134023738. Error: Attempt to create 2x0 dataset is illegal,sizes must be larger than zero.
2025-08-22 14:29:38,669 INFO GDAL signalled an error: err_no=1, msg='Attempt to create 2x0 dataset is illegal,sizes must be larger than zero.'
2025-08-22 14:29:38,669 ERROR Failed to download or crop band: Nadir_Reflectance_Band5 for scene: MCD43A4.A2024123.h10v04.061.2024134023738. Error: Attempt to create 2x0 dataset is illegal,sizes must be larger than zero.
2025-08-22 14:30:53,942 INFO GDAL signalled an error: err_no=1, msg='Attempt to create 2x0 dataset is illegal,sizes must be larger than zero.'
2025-08-22 14:30:53,943 ERROR Failed to download or crop band: Nadir_Reflectance_Band6 for scene: MCD43A4.A2024123.h10v04.061.2024134023738. Error: Attempt to create 2x0 dataset is illegal,sizes must be larger than zero.
2025-08-22 14:32:04,661 INFO GDAL signalled an error: err_no=1, msg='Attempt to create 2x0 dataset is illegal,sizes must be larger than zero.'
2025-08-22 14:32:04,661 ERROR Failed to download or crop band: Nadir_Reflectance_Band7 for scene: MCD43A4.A2024123.h10v04.061.2024134023738. Error: Attempt to create 2x0 dataset is illegal,sizes must be larger than zero.
2025-08-22 14:32:53,487 INFO GDAL signalled an error: err_no=1, msg='Attempt to create 2x0 dataset is illegal,sizes must be larger than zero.'
2025-08-22 14:32:53,488 ERROR Failed to download or crop band: Nadir_Reflectance_Band1 for scene: MCD43A4.A2024122.h10v04.061.2024157190333. Error: Attempt to create 2x0 dataset is illegal,sizes must be larger than zero.
2025-08-22 14:33:59,713 INFO GDAL signalled an error: err_no=1, msg='Attempt to create 2x0 dataset is illegal,sizes must be larger than zero.'
2025-08-22 14:33:59,714 ERROR Failed to download or crop band: Nadir_Reflectance_Band2 for scene: MCD43A4.A2024122.h10v04.061.2024157190333. Error: Attempt to create 2x0 dataset is illegal,sizes must be larger than zero.
2025-08-22 14:34:54,616 INFO GDAL signalled an error: err_no=1, msg='Attempt to create 2x0 dataset is illegal,sizes must be larger than zero.'
2025-08-22 14:34:54,616 ERROR Failed to download or crop band: Nadir_Reflectance_Band3 for scene: MCD43A4.A2024122.h10v04.061.2024157190333. Error: Attempt to create 2x0 dataset is illegal,sizes must be larger than zero.
2025-08-22 14:36:04,106 INFO GDAL signalled an error: err_no=1, msg='Attempt to create 2x0 dataset is illegal,sizes must be larger than zero.'
2025-08-22 14:36:04,106 ERROR Failed to download or crop band: Nadir_Reflectance_Band4 for scene: MCD43A4.A2024122.h10v04.061.2024157190333. Error: Attempt to create 2x0 dataset is illegal,sizes must be larger than zero.
2025-08-22 14:37:02,468 INFO GDAL signalled an error: err_no=1, msg='Attempt to create 2x0 dataset is illegal,sizes must be larger than zero.'
2025-08-22 14:37:02,468 ERROR Failed to download or crop band: Nadir_Reflectance_Band5 for scene: MCD43A4.A2024122.h10v04.061.2024157190333. Error: Attempt to create 2x0 dataset is illegal,sizes must be larger than zero.
2025-08-22 14:38:05,858 INFO GDAL signalled an error: err_no=1, msg='Attempt to create 2x0 dataset is illegal,sizes must be larger than zero.'
2025-08-22 14:38:05,859 ERROR Failed to download or crop band: Nadir_Reflectance_Band6 for scene: MCD43A4.A2024122.h10v04.061.2024157190333. Error: Attempt to create 2x0 dataset is illegal,sizes must be larger than zero.
2025-08-22 14:39:11,537 INFO GDAL signalled an error: err_no=1, msg='Attempt to create 2x0 dataset is illegal,sizes must be larger than zero.'
2025-08-22 14:39:11,538 ERROR Failed to download or crop band: Nadir_Reflectance_Band7 for scene: MCD43A4.A2024122.h10v04.061.2024157190333. Error: Attempt to create 2x0 dataset is illegal,sizes must be larger than zero.
2025-08-22 14:40:17,796 INFO GDAL signalled an error: err_no=1, msg='Attempt to create 2x0 dataset is illegal,sizes must be larger than zero.'
2025-08-22 14:40:17,796 ERROR Failed to download or crop band: Nadir_Reflectance_Band1 for scene: MCD43A4.A2024122.h10v04.061.2024131045148. Error: Attempt to create 2x0 dataset is illegal,sizes must be larger than zero.
2025-08-22 14:41:14,902 INFO GDAL signalled an error: err_no=1, msg='Attempt to create 2x0 dataset is illegal,sizes must be larger than zero.'
2025-08-22 14:41:14,902 ERROR Failed to download or crop band: Nadir_Reflectance_Band2 for scene: MCD43A4.A2024122.h10v04.061.2024131045148. Error: Attempt to create 2x0 dataset is illegal,sizes must be larger than zero.
2025-08-22 14:42:08,852 INFO GDAL signalled an error: err_no=1, msg='Attempt to create 2x0 dataset is illegal,sizes must be larger than zero.'
2025-08-22 14:42:08,852 ERROR Failed to download or crop band: Nadir_Reflectance_Band3 for scene: MCD43A4.A2024122.h10v04.061.2024131045148. Error: Attempt to create 2x0 dataset is illegal,sizes must be larger than zero.
2025-08-22 14:43:20,811 INFO GDAL signalled an error: err_no=1, msg='Attempt to create 2x0 dataset is illegal,sizes must be larger than zero.'
2025-08-22 14:43:20,811 ERROR Failed to download or crop band: Nadir_Reflectance_Band4 for scene: MCD43A4.A2024122.h10v04.061.2024131045148. Error: Attempt to create 2x0 dataset is illegal,sizes must be larger than zero.
2025-08-22 14:44:38,937 INFO GDAL signalled an error: err_no=1, msg='Attempt to create 2x0 dataset is illegal,sizes must be larger than zero.'
2025-08-22 14:44:38,937 ERROR Failed to download or crop band: Nadir_Reflectance_Band5 for scene: MCD43A4.A2024122.h10v04.061.2024131045148. Error: Attempt to create 2x0 dataset is illegal,sizes must be larger than zero.
2025-08-22 14:45:49,655 INFO GDAL signalled an error: err_no=1, msg='Attempt to create 2x0 dataset is illegal,sizes must be larger than zero.'
2025-08-22 14:45:49,655 ERROR Failed to download or crop band: Nadir_Reflectance_Band6 for scene: MCD43A4.A2024122.h10v04.061.2024131045148. Error: Attempt to create 2x0 dataset is illegal,sizes must be larger than zero.
2025-08-22 14:46:47,179 INFO GDAL signalled an error: err_no=1, msg='Attempt to create 2x0 dataset is illegal,sizes must be larger than zero.'
2025-08-22 14:46:47,179 ERROR Failed to download or crop band: Nadir_Reflectance_Band7 for scene: MCD43A4.A2024122.h10v04.061.2024131045148. Error: Attempt to create 2x0 dataset is illegal,sizes must be larger than zero.
2025-08-22 14:47:43,742 INFO GDAL signalled an error: err_no=1, msg='Attempt to create 2x0 dataset is illegal,sizes must be larger than zero.'
2025-08-22 14:47:43,742 ERROR Failed to download or crop band: Nadir_Reflectance_Band1 for scene: MCD43A4.A2024121.h10v04.061.2024157184141. Error: Attempt to create 2x0 dataset is illegal,sizes must be larger than zero.
2025-08-22 14:48:43,491 INFO GDAL signalled an error: err_no=1, msg='Attempt to create 2x0 dataset is illegal,sizes must be larger than zero.'
2025-08-22 14:48:43,491 ERROR Failed to download or crop band: Nadir_Reflectance_Band2 for scene: MCD43A4.A2024121.h10v04.061.2024157184141. Error: Attempt to create 2x0 dataset is illegal,sizes must be larger than zero.
2025-08-22 14:49:51,674 INFO GDAL signalled an error: err_no=1, msg='Attempt to create 2x0 dataset is illegal,sizes must be larger than zero.'
2025-08-22 14:49:51,674 ERROR Failed to download or crop band: Nadir_Reflectance_Band3 for scene: MCD43A4.A2024121.h10v04.061.2024157184141. Error: Attempt to create 2x0 dataset is illegal,sizes must be larger than zero.
2025-08-22 14:50:44,839 INFO GDAL signalled an error: err_no=1, msg='Attempt to create 2x0 dataset is illegal,sizes must be larger than zero.'
2025-08-22 14:50:44,839 ERROR Failed to download or crop band: Nadir_Reflectance_Band4 for scene: MCD43A4.A2024121.h10v04.061.2024157184141. Error: Attempt to create 2x0 dataset is illegal,sizes must be larger than zero.
2025-08-22 14:51:53,591 INFO GDAL signalled an error: err_no=1, msg='Attempt to create 2x0 dataset is illegal,sizes must be larger than zero.'
2025-08-22 14:51:53,591 ERROR Failed to download or crop band: Nadir_Reflectance_Band5 for scene: MCD43A4.A2024121.h10v04.061.2024157184141. Error: Attempt to create 2x0 dataset is illegal,sizes must be larger than zero.
2025-08-22 14:53:05,785 INFO GDAL signalled an error: err_no=1, msg='Attempt to create 2x0 dataset is illegal,sizes must be larger than zero.'
2025-08-22 14:53:05,785 ERROR Failed to download or crop band: Nadir_Reflectance_Band6 for scene: MCD43A4.A2024121.h10v04.061.2024157184141. Error: Attempt to create 2x0 dataset is illegal,sizes must be larger than zero.
2025-08-22 14:54:11,827 INFO GDAL signalled an error: err_no=1, msg='Attempt to create 2x0 dataset is illegal,sizes must be larger than zero.'
2025-08-22 14:54:11,827 ERROR Failed to download or crop band: Nadir_Reflectance_Band7 for scene: MCD43A4.A2024121.h10v04.061.2024157184141. Error: Attempt to create 2x0 dataset is illegal,sizes must be larger than zero.
2025-08-22 14:55:22,176 INFO GDAL signalled an error: err_no=1, msg='Attempt to create 2x0 dataset is illegal,sizes must be larger than zero.'
2025-08-22 14:55:22,176 ERROR Failed to download or crop band: Nadir_Reflectance_Band1 for scene: MCD43A4.A2024121.h10v04.061.2024131021655. Error: Attempt to create 2x0 dataset is illegal,sizes must be larger than zero.
2025-08-22 14:56:05,387 INFO GDAL signalled an error: err_no=1, msg='Attempt to create 2x0 dataset is illegal,sizes must be larger than zero.'
2025-08-22 14:56:05,387 ERROR Failed to download or crop band: Nadir_Reflectance_Band2 for scene: MCD43A4.A2024121.h10v04.061.2024131021655. Error: Attempt to create 2x0 dataset is illegal,sizes must be larger than zero.
2025-08-22 14:57:06,610 INFO GDAL signalled an error: err_no=1, msg='Attempt to create 2x0 dataset is illegal,sizes must be larger than zero.'
2025-08-22 14:57:06,610 ERROR Failed to download or crop band: Nadir_Reflectance_Band3 for scene: MCD43A4.A2024121.h10v04.061.2024131021655. Error: Attempt to create 2x0 dataset is illegal,sizes must be larger than zero.
2025-08-22 14:57:56,778 INFO GDAL signalled an error: err_no=1, msg='Attempt to create 2x0 dataset is illegal,sizes must be larger than zero.'
2025-08-22 14:57:56,779 ERROR Failed to download or crop band: Nadir_Reflectance_Band4 for scene: MCD43A4.A2024121.h10v04.061.2024131021655. Error: Attempt to create 2x0 dataset is illegal,sizes must be larger than zero.
2025-08-22 14:59:15,441 INFO GDAL signalled an error: err_no=1, msg='Attempt to create 2x0 dataset is illegal,sizes must be larger than zero.'
2025-08-22 14:59:15,441 ERROR Failed to download or crop band: Nadir_Reflectance_Band5 for scene: MCD43A4.A2024121.h10v04.061.2024131021655. Error: Attempt to create 2x0 dataset is illegal,sizes must be larger than zero.
2025-08-22 15:00:25,657 INFO GDAL signalled an error: err_no=1, msg='Attempt to create 2x0 dataset is illegal,sizes must be larger than zero.'
2025-08-22 15:00:25,657 ERROR Failed to download or crop band: Nadir_Reflectance_Band6 for scene: MCD43A4.A2024121.h10v04.061.2024131021655. Error: Attempt to create 2x0 dataset is illegal,sizes must be larger than zero.
2025-08-22 15:01:38,001 INFO GDAL signalled an error: err_no=1, msg='Attempt to create 2x0 dataset is illegal,sizes must be larger than zero.'
2025-08-22 15:01:38,001 ERROR Failed to download or crop band: Nadir_Reflectance_Band7 for scene: MCD43A4.A2024121.h10v04.061.2024131021655. Error: Attempt to create 2x0 dataset is illegal,sizes must be larger than zero.
2025-08-22 15:02:49,888 INFO GDAL signalled an error: err_no=1, msg='Attempt to create 2x0 dataset is illegal,sizes must be larger than zero.'
2025-08-22 15:02:49,888 ERROR Failed to download or crop band: Nadir_Reflectance_Band1 for scene: MCD43A4.A2024120.h10v04.061.2024131013335. Error: Attempt to create 2x0 dataset is illegal,sizes must be larger than zero.
2025-08-22 15:04:02,168 INFO GDAL signalled an error: err_no=1, msg='Attempt to create 2x0 dataset is illegal,sizes must be larger than zero.'
2025-08-22 15:04:02,168 ERROR Failed to download or crop band: Nadir_Reflectance_Band2 for scene: MCD43A4.A2024120.h10v04.061.2024131013335. Error: Attempt to create 2x0 dataset is illegal,sizes must be larger than zero.
2025-08-22 15:04:53,927 INFO GDAL signalled an error: err_no=1, msg='Attempt to create 2x0 dataset is illegal,sizes must be larger than zero.'
2025-08-22 15:04:53,928 ERROR Failed to download or crop band: Nadir_Reflectance_Band3 for scene: MCD43A4.A2024120.h10v04.061.2024131013335. Error: Attempt to create 2x0 dataset is illegal,sizes must be larger than zero.
2025-08-22 15:05:48,520 INFO GDAL signalled an error: err_no=1, msg='Attempt to create 2x0 dataset is illegal,sizes must be larger than zero.'
2025-08-22 15:05:48,521 ERROR Failed to download or crop band: Nadir_Reflectance_Band4 for scene: MCD43A4.A2024120.h10v04.061.2024131013335. Error: Attempt to create 2x0 dataset is illegal,sizes must be larger than zero.
2025-08-22 15:07:00,374 INFO GDAL signalled an error: err_no=1, msg='Attempt to create 2x0 dataset is illegal,sizes must be larger than zero.'
2025-08-22 15:07:00,374 ERROR Failed to download or crop band: Nadir_Reflectance_Band5 for scene: MCD43A4.A2024120.h10v04.061.2024131013335. Error: Attempt to create 2x0 dataset is illegal,sizes must be larger than zero.
2025-08-22 15:08:00,064 INFO GDAL signalled an error: err_no=1, msg='Attempt to create 2x0 dataset is illegal,sizes must be larger than zero.'
2025-08-22 15:08:00,064 ERROR Failed to download or crop band: Nadir_Reflectance_Band6 for scene: MCD43A4.A2024120.h10v04.061.2024131013335. Error: Attempt to create 2x0 dataset is illegal,sizes must be larger than zero.
2025-08-22 15:09:09,927 INFO GDAL signalled an error: err_no=1, msg='Attempt to create 2x0 dataset is illegal,sizes must be larger than zero.'
2025-08-22 15:09:09,927 ERROR Failed to download or crop band: Nadir_Reflectance_Band7 for scene: MCD43A4.A2024120.h10v04.061.2024131013335. Error: Attempt to create 2x0 dataset is illegal,sizes must be larger than zero.
2025-08-22 15:10:29,851 INFO GDAL signalled an error: err_no=1, msg='Attempt to create 2x0 dataset is illegal,sizes must be larger than zero.'
2025-08-22 15:10:29,852 ERROR Failed to download or crop band: Nadir_Reflectance_Band1 for scene: MCD43A4.A2024119.h10v04.061.2024128045736. Error: Attempt to create 2x0 dataset is illegal,sizes must be larger than zero.
2025-08-22 15:11:29,611 INFO GDAL signalled an error: err_no=1, msg='Attempt to create 2x0 dataset is illegal,sizes must be larger than zero.'
2025-08-22 15:11:29,611 ERROR Failed to download or crop band: Nadir_Reflectance_Band2 for scene: MCD43A4.A2024119.h10v04.061.2024128045736. Error: Attempt to create 2x0 dataset is illegal,sizes must be larger than zero.
2025-08-22 15:12:29,482 INFO GDAL signalled an error: err_no=1, msg='Attempt to create 2x0 dataset is illegal,sizes must be larger than zero.'
2025-08-22 15:12:29,483 ERROR Failed to download or crop band: Nadir_Reflectance_Band3 for scene: MCD43A4.A2024119.h10v04.061.2024128045736. Error: Attempt to create 2x0 dataset is illegal,sizes must be larger than zero.
2025-08-22 15:13:23,214 INFO GDAL signalled an error: err_no=1, msg='Attempt to create 2x0 dataset is illegal,sizes must be larger than zero.'
2025-08-22 15:13:23,214 ERROR Failed to download or crop band: Nadir_Reflectance_Band4 for scene: MCD43A4.A2024119.h10v04.061.2024128045736. Error: Attempt to create 2x0 dataset is illegal,sizes must be larger than zero.
2025-08-22 15:14:00,527 INFO GDAL signalled an error: err_no=1, msg='Attempt to create 2x0 dataset is illegal,sizes must be larger than zero.'
2025-08-22 15:14:00,528 ERROR Failed to download or crop band: Nadir_Reflectance_Band5 for scene: MCD43A4.A2024119.h10v04.061.2024128045736. Error: Attempt to create 2x0 dataset is illegal,sizes must be larger than zero.
2025-08-22 15:15:11,411 INFO GDAL signalled an error: err_no=1, msg='Attempt to create 2x0 dataset is illegal,sizes must be larger than zero.'
2025-08-22 15:15:11,411 ERROR Failed to download or crop band: Nadir_Reflectance_Band6 for scene: MCD43A4.A2024119.h10v04.061.2024128045736. Error: Attempt to create 2x0 dataset is illegal,sizes must be larger than zero.
2025-08-22 15:16:17,522 INFO GDAL signalled an error: err_no=1, msg='Attempt to create 2x0 dataset is illegal,sizes must be larger than zero.'
2025-08-22 15:16:17,523 ERROR Failed to download or crop band: Nadir_Reflectance_Band7 for scene: MCD43A4.A2024119.h10v04.061.2024128045736. Error: Attempt to create 2x0 dataset is illegal,sizes must be larger than zero.
2025-08-22 15:16:17,523 INFO Downloaded and cropped MODIS NBAR images for the date range: 2024-05-05 to 2024-05-11
2025-08-22 15:17:36,544 INFO GDAL signalled an error: err_no=1, msg='Attempt to create 2x0 dataset is illegal,sizes must be larger than zero.'
2025-08-22 15:17:36,544 ERROR Failed to download or crop band: Nadir_Reflectance_Band1 for scene: MCD43A4.A2024139.h10v04.061.2024148175017. Error: Attempt to create 2x0 dataset is illegal,sizes must be larger than zero.
2025-08-22 15:18:39,275 INFO GDAL signalled an error: err_no=1, msg='Attempt to create 2x0 dataset is illegal,sizes must be larger than zero.'
2025-08-22 15:18:39,275 ERROR Failed to download or crop band: Nadir_Reflectance_Band2 for scene: MCD43A4.A2024139.h10v04.061.2024148175017. Error: Attempt to create 2x0 dataset is illegal,sizes must be larger than zero.
2025-08-22 15:19:44,023 INFO GDAL signalled an error: err_no=1, msg='Attempt to create 2x0 dataset is illegal,sizes must be larger than zero.'
2025-08-22 15:19:44,023 ERROR Failed to download or crop band: Nadir_Reflectance_Band3 for scene: MCD43A4.A2024139.h10v04.061.2024148175017. Error: Attempt to create 2x0 dataset is illegal,sizes must be larger than zero.
2025-08-22 15:20:40,169 INFO GDAL signalled an error: err_no=1, msg='Attempt to create 2x0 dataset is illegal,sizes must be larger than zero.'
2025-08-22 15:20:40,169 ERROR Failed to download or crop band: Nadir_Reflectance_Band4 for scene: MCD43A4.A2024139.h10v04.061.2024148175017. Error: Attempt to create 2x0 dataset is illegal,sizes must be larger than zero.
2025-08-22 15:21:46,548 INFO GDAL signalled an error: err_no=1, msg='Attempt to create 2x0 dataset is illegal,sizes must be larger than zero.'
2025-08-22 15:21:46,549 ERROR Failed to download or crop band: Nadir_Reflectance_Band5 for scene: MCD43A4.A2024139.h10v04.061.2024148175017. Error: Attempt to create 2x0 dataset is illegal,sizes must be larger than zero.
2025-08-22 15:22:29,798 INFO GDAL signalled an error: err_no=1, msg='Attempt to create 2x0 dataset is illegal,sizes must be larger than zero.'
2025-08-22 15:22:29,798 ERROR Failed to download or crop band: Nadir_Reflectance_Band6 for scene: MCD43A4.A2024139.h10v04.061.2024148175017. Error: Attempt to create 2x0 dataset is illegal,sizes must be larger than zero.
2025-08-22 15:23:46,438 INFO GDAL signalled an error: err_no=1, msg='Attempt to create 2x0 dataset is illegal,sizes must be larger than zero.'
2025-08-22 15:23:46,438 ERROR Failed to download or crop band: Nadir_Reflectance_Band7 for scene: MCD43A4.A2024139.h10v04.061.2024148175017. Error: Attempt to create 2x0 dataset is illegal,sizes must be larger than zero.
2025-08-22 15:24:45,668 INFO GDAL signalled an error: err_no=1, msg='Attempt to create 2x0 dataset is illegal,sizes must be larger than zero.'
2025-08-22 15:24:45,668 ERROR Failed to download or crop band: Nadir_Reflectance_Band1 for scene: MCD43A4.A2024138.h10v04.061.2024147034745. Error: Attempt to create 2x0 dataset is illegal,sizes must be larger than zero.
2025-08-22 15:25:52,358 INFO GDAL signalled an error: err_no=1, msg='Attempt to create 2x0 dataset is illegal,sizes must be larger than zero.'
2025-08-22 15:25:52,358 ERROR Failed to download or crop band: Nadir_Reflectance_Band2 for scene: MCD43A4.A2024138.h10v04.061.2024147034745. Error: Attempt to create 2x0 dataset is illegal,sizes must be larger than zero.
2025-08-22 15:27:04,179 INFO GDAL signalled an error: err_no=1, msg='Attempt to create 2x0 dataset is illegal,sizes must be larger than zero.'
2025-08-22 15:27:04,179 ERROR Failed to download or crop band: Nadir_Reflectance_Band3 for scene: MCD43A4.A2024138.h10v04.061.2024147034745. Error: Attempt to create 2x0 dataset is illegal,sizes must be larger than zero.
2025-08-22 15:28:17,153 INFO GDAL signalled an error: err_no=1, msg='Attempt to create 2x0 dataset is illegal,sizes must be larger than zero.'
2025-08-22 15:28:17,153 ERROR Failed to download or crop band: Nadir_Reflectance_Band4 for scene: MCD43A4.A2024138.h10v04.061.2024147034745. Error: Attempt to create 2x0 dataset is illegal,sizes must be larger than zero.
2025-08-22 15:29:25,188 INFO GDAL signalled an error: err_no=1, msg='Attempt to create 2x0 dataset is illegal,sizes must be larger than zero.'
2025-08-22 15:29:25,189 ERROR Failed to download or crop band: Nadir_Reflectance_Band5 for scene: MCD43A4.A2024138.h10v04.061.2024147034745. Error: Attempt to create 2x0 dataset is illegal,sizes must be larger than zero.
2025-08-22 15:30:32,434 INFO GDAL signalled an error: err_no=1, msg='Attempt to create 2x0 dataset is illegal,sizes must be larger than zero.'
2025-08-22 15:30:32,435 ERROR Failed to download or crop band: Nadir_Reflectance_Band6 for scene: MCD43A4.A2024138.h10v04.061.2024147034745. Error: Attempt to create 2x0 dataset is illegal,sizes must be larger than zero.
2025-08-22 15:31:43,885 INFO GDAL signalled an error: err_no=1, msg='Attempt to create 2x0 dataset is illegal,sizes must be larger than zero.'
2025-08-22 15:31:43,886 ERROR Failed to download or crop band: Nadir_Reflectance_Band7 for scene: MCD43A4.A2024138.h10v04.061.2024147034745. Error: Attempt to create 2x0 dataset is illegal,sizes must be larger than zero.
2025-08-22 15:32:52,036 INFO GDAL signalled an error: err_no=1, msg='Attempt to create 2x0 dataset is illegal,sizes must be larger than zero.'
2025-08-22 15:32:52,037 ERROR Failed to download or crop band: Nadir_Reflectance_Band1 for scene: MCD43A4.A2024137.h10v04.061.2024146035316. Error: Attempt to create 2x0 dataset is illegal,sizes must be larger than zero.
2025-08-22 15:34:05,463 INFO GDAL signalled an error: err_no=1, msg='Attempt to create 2x0 dataset is illegal,sizes must be larger than zero.'
2025-08-22 15:34:05,464 ERROR Failed to download or crop band: Nadir_Reflectance_Band2 for scene: MCD43A4.A2024137.h10v04.061.2024146035316. Error: Attempt to create 2x0 dataset is illegal,sizes must be larger than zero.
2025-08-22 15:35:24,620 INFO GDAL signalled an error: err_no=1, msg='Attempt to create 2x0 dataset is illegal,sizes must be larger than zero.'
2025-08-22 15:35:24,620 ERROR Failed to download or crop band: Nadir_Reflectance_Band3 for scene: MCD43A4.A2024137.h10v04.061.2024146035316. Error: Attempt to create 2x0 dataset is illegal,sizes must be larger than zero.
2025-08-22 15:36:37,164 INFO GDAL signalled an error: err_no=1, msg='Attempt to create 2x0 dataset is illegal,sizes must be larger than zero.'
2025-08-22 15:36:37,164 ERROR Failed to download or crop band: Nadir_Reflectance_Band4 for scene: MCD43A4.A2024137.h10v04.061.2024146035316. Error: Attempt to create 2x0 dataset is illegal,sizes must be larger than zero.
2025-08-22 15:37:45,205 INFO GDAL signalled an error: err_no=1, msg='Attempt to create 2x0 dataset is illegal,sizes must be larger than zero.'
2025-08-22 15:37:45,206 ERROR Failed to download or crop band: Nadir_Reflectance_Band5 for scene: MCD43A4.A2024137.h10v04.061.2024146035316. Error: Attempt to create 2x0 dataset is illegal,sizes must be larger than zero.
2025-08-22 15:38:36,512 INFO GDAL signalled an error: err_no=1, msg='Attempt to create 2x0 dataset is illegal,sizes must be larger than zero.'
2025-08-22 15:38:36,512 ERROR Failed to download or crop band: Nadir_Reflectance_Band6 for scene: MCD43A4.A2024137.h10v04.061.2024146035316. Error: Attempt to create 2x0 dataset is illegal,sizes must be larger than zero.
2025-08-22 15:39:44,959 INFO GDAL signalled an error: err_no=1, msg='Attempt to create 2x0 dataset is illegal,sizes must be larger than zero.'
2025-08-22 15:39:44,959 ERROR Failed to download or crop band: Nadir_Reflectance_Band7 for scene: MCD43A4.A2024137.h10v04.061.2024146035316. Error: Attempt to create 2x0 dataset is illegal,sizes must be larger than zero.
2025-08-22 15:40:53,016 INFO GDAL signalled an error: err_no=1, msg='Attempt to create 2x0 dataset is illegal,sizes must be larger than zero.'
2025-08-22 15:40:53,016 ERROR Failed to download or crop band: Nadir_Reflectance_Band1 for scene: MCD43A4.A2024136.h10v04.061.2024158053428. Error: Attempt to create 2x0 dataset is illegal,sizes must be larger than zero.
2025-08-22 15:41:43,416 INFO GDAL signalled an error: err_no=1, msg='Attempt to create 2x0 dataset is illegal,sizes must be larger than zero.'
2025-08-22 15:41:43,416 ERROR Failed to download or crop band: Nadir_Reflectance_Band2 for scene: MCD43A4.A2024136.h10v04.061.2024158053428. Error: Attempt to create 2x0 dataset is illegal,sizes must be larger than zero.
2025-08-22 15:42:40,110 INFO GDAL signalled an error: err_no=1, msg='Attempt to create 2x0 dataset is illegal,sizes must be larger than zero.'
2025-08-22 15:42:40,110 ERROR Failed to download or crop band: Nadir_Reflectance_Band3 for scene: MCD43A4.A2024136.h10v04.061.2024158053428. Error: Attempt to create 2x0 dataset is illegal,sizes must be larger than zero.
2025-08-22 15:43:45,521 INFO GDAL signalled an error: err_no=1, msg='Attempt to create 2x0 dataset is illegal,sizes must be larger than zero.'
2025-08-22 15:43:45,521 ERROR Failed to download or crop band: Nadir_Reflectance_Band4 for scene: MCD43A4.A2024136.h10v04.061.2024158053428. Error: Attempt to create 2x0 dataset is illegal,sizes must be larger than zero.
2025-08-22 15:45:00,986 INFO GDAL signalled an error: err_no=1, msg='Attempt to create 2x0 dataset is illegal,sizes must be larger than zero.'
2025-08-22 15:45:00,987 ERROR Failed to download or crop band: Nadir_Reflectance_Band5 for scene: MCD43A4.A2024136.h10v04.061.2024158053428. Error: Attempt to create 2x0 dataset is illegal,sizes must be larger than zero.
2025-08-22 15:46:07,789 INFO GDAL signalled an error: err_no=1, msg='Attempt to create 2x0 dataset is illegal,sizes must be larger than zero.'
2025-08-22 15:46:07,789 ERROR Failed to download or crop band: Nadir_Reflectance_Band6 for scene: MCD43A4.A2024136.h10v04.061.2024158053428. Error: Attempt to create 2x0 dataset is illegal,sizes must be larger than zero.
2025-08-22 15:47:22,962 INFO GDAL signalled an error: err_no=1, msg='Attempt to create 2x0 dataset is illegal,sizes must be larger than zero.'
2025-08-22 15:47:22,962 ERROR Failed to download or crop band: Nadir_Reflectance_Band7 for scene: MCD43A4.A2024136.h10v04.061.2024158053428. Error: Attempt to create 2x0 dataset is illegal,sizes must be larger than zero.
2025-08-22 15:48:38,254 INFO GDAL signalled an error: err_no=1, msg='Attempt to create 2x0 dataset is illegal,sizes must be larger than zero.'
2025-08-22 15:48:38,254 ERROR Failed to download or crop band: Nadir_Reflectance_Band1 for scene: MCD43A4.A2024136.h10v04.061.2024145045202. Error: Attempt to create 2x0 dataset is illegal,sizes must be larger than zero.
2025-08-22 15:50:06,106 INFO GDAL signalled an error: err_no=1, msg='Attempt to create 2x0 dataset is illegal,sizes must be larger than zero.'
2025-08-22 15:50:06,106 ERROR Failed to download or crop band: Nadir_Reflectance_Band2 for scene: MCD43A4.A2024136.h10v04.061.2024145045202. Error: Attempt to create 2x0 dataset is illegal,sizes must be larger than zero.
2025-08-22 15:51:24,061 INFO GDAL signalled an error: err_no=1, msg='Attempt to create 2x0 dataset is illegal,sizes must be larger than zero.'
2025-08-22 15:51:24,062 ERROR Failed to download or crop band: Nadir_Reflectance_Band3 for scene: MCD43A4.A2024136.h10v04.061.2024145045202. Error: Attempt to create 2x0 dataset is illegal,sizes must be larger than zero.
2025-08-22 15:52:30,816 INFO GDAL signalled an error: err_no=1, msg='Attempt to create 2x0 dataset is illegal,sizes must be larger than zero.'
2025-08-22 15:52:30,816 ERROR Failed to download or crop band: Nadir_Reflectance_Band4 for scene: MCD43A4.A2024136.h10v04.061.2024145045202. Error: Attempt to create 2x0 dataset is illegal,sizes must be larger than zero.
2025-08-22 15:53:37,397 INFO GDAL signalled an error: err_no=1, msg='Attempt to create 2x0 dataset is illegal,sizes must be larger than zero.'
2025-08-22 15:53:37,398 ERROR Failed to download or crop band: Nadir_Reflectance_Band5 for scene: MCD43A4.A2024136.h10v04.061.2024145045202. Error: Attempt to create 2x0 dataset is illegal,sizes must be larger than zero.
2025-08-22 15:54:45,552 INFO GDAL signalled an error: err_no=1, msg='Attempt to create 2x0 dataset is illegal,sizes must be larger than zero.'
2025-08-22 15:54:45,552 ERROR Failed to download or crop band: Nadir_Reflectance_Band6 for scene: MCD43A4.A2024136.h10v04.061.2024145045202. Error: Attempt to create 2x0 dataset is illegal,sizes must be larger than zero.
2025-08-22 15:56:05,927 INFO GDAL signalled an error: err_no=1, msg='Attempt to create 2x0 dataset is illegal,sizes must be larger than zero.'
2025-08-22 15:56:05,928 ERROR Failed to download or crop band: Nadir_Reflectance_Band7 for scene: MCD43A4.A2024136.h10v04.061.2024145045202. Error: Attempt to create 2x0 dataset is illegal,sizes must be larger than zero.
2025-08-22 15:57:07,958 INFO GDAL signalled an error: err_no=1, msg='Attempt to create 2x0 dataset is illegal,sizes must be larger than zero.'
2025-08-22 15:57:07,958 ERROR Failed to download or crop band: Nadir_Reflectance_Band1 for scene: MCD43A4.A2024135.h10v04.061.2024158045451. Error: Attempt to create 2x0 dataset is illegal,sizes must be larger than zero.
2025-08-22 15:58:24,807 INFO GDAL signalled an error: err_no=1, msg='Attempt to create 2x0 dataset is illegal,sizes must be larger than zero.'
2025-08-22 15:58:24,808 ERROR Failed to download or crop band: Nadir_Reflectance_Band2 for scene: MCD43A4.A2024135.h10v04.061.2024158045451. Error: Attempt to create 2x0 dataset is illegal,sizes must be larger than zero.
2025-08-22 15:59:34,326 INFO GDAL signalled an error: err_no=1, msg='Attempt to create 2x0 dataset is illegal,sizes must be larger than zero.'
2025-08-22 15:59:34,326 ERROR Failed to download or crop band: Nadir_Reflectance_Band3 for scene: MCD43A4.A2024135.h10v04.061.2024158045451. Error: Attempt to create 2x0 dataset is illegal,sizes must be larger than zero.
2025-08-22 16:00:44,046 INFO GDAL signalled an error: err_no=1, msg='Attempt to create 2x0 dataset is illegal,sizes must be larger than zero.'
2025-08-22 16:00:44,046 ERROR Failed to download or crop band: Nadir_Reflectance_Band4 for scene: MCD43A4.A2024135.h10v04.061.2024158045451. Error: Attempt to create 2x0 dataset is illegal,sizes must be larger than zero.
2025-08-22 16:01:54,487 INFO GDAL signalled an error: err_no=1, msg='Attempt to create 2x0 dataset is illegal,sizes must be larger than zero.'
2025-08-22 16:01:54,488 ERROR Failed to download or crop band: Nadir_Reflectance_Band5 for scene: MCD43A4.A2024135.h10v04.061.2024158045451. Error: Attempt to create 2x0 dataset is illegal,sizes must be larger than zero.
2025-08-22 16:02:55,505 INFO GDAL signalled an error: err_no=1, msg='Attempt to create 2x0 dataset is illegal,sizes must be larger than zero.'
2025-08-22 16:02:55,506 ERROR Failed to download or crop band: Nadir_Reflectance_Band6 for scene: MCD43A4.A2024135.h10v04.061.2024158045451. Error: Attempt to create 2x0 dataset is illegal,sizes must be larger than zero.
2025-08-22 16:03:58,702 INFO GDAL signalled an error: err_no=1, msg='Attempt to create 2x0 dataset is illegal,sizes must be larger than zero.'
2025-08-22 16:03:58,703 ERROR Failed to download or crop band: Nadir_Reflectance_Band7 for scene: MCD43A4.A2024135.h10v04.061.2024158045451. Error: Attempt to create 2x0 dataset is illegal,sizes must be larger than zero.
2025-08-22 16:04:44,827 INFO GDAL signalled an error: err_no=1, msg='Attempt to create 2x0 dataset is illegal,sizes must be larger than zero.'
2025-08-22 16:04:44,827 ERROR Failed to download or crop band: Nadir_Reflectance_Band1 for scene: MCD43A4.A2024135.h10v04.061.2024144053322. Error: Attempt to create 2x0 dataset is illegal,sizes must be larger than zero.
2025-08-22 16:05:49,073 INFO GDAL signalled an error: err_no=1, msg='Attempt to create 2x0 dataset is illegal,sizes must be larger than zero.'
2025-08-22 16:05:49,074 ERROR Failed to download or crop band: Nadir_Reflectance_Band2 for scene: MCD43A4.A2024135.h10v04.061.2024144053322. Error: Attempt to create 2x0 dataset is illegal,sizes must be larger than zero.
2025-08-22 16:06:34,952 INFO GDAL signalled an error: err_no=1, msg='Attempt to create 2x0 dataset is illegal,sizes must be larger than zero.'
2025-08-22 16:06:34,952 ERROR Failed to download or crop band: Nadir_Reflectance_Band3 for scene: MCD43A4.A2024135.h10v04.061.2024144053322. Error: Attempt to create 2x0 dataset is illegal,sizes must be larger than zero.
2025-08-22 16:07:39,630 INFO GDAL signalled an error: err_no=1, msg='Attempt to create 2x0 dataset is illegal,sizes must be larger than zero.'
2025-08-22 16:07:39,631 ERROR Failed to download or crop band: Nadir_Reflectance_Band4 for scene: MCD43A4.A2024135.h10v04.061.2024144053322. Error: Attempt to create 2x0 dataset is illegal,sizes must be larger than zero.
2025-08-22 16:08:40,379 INFO GDAL signalled an error: err_no=1, msg='Attempt to create 2x0 dataset is illegal,sizes must be larger than zero.'
2025-08-22 16:08:40,379 ERROR Failed to download or crop band: Nadir_Reflectance_Band5 for scene: MCD43A4.A2024135.h10v04.061.2024144053322. Error: Attempt to create 2x0 dataset is illegal,sizes must be larger than zero.
2025-08-22 16:09:41,928 INFO GDAL signalled an error: err_no=1, msg='Attempt to create 2x0 dataset is illegal,sizes must be larger than zero.'
2025-08-22 16:09:41,928 ERROR Failed to download or crop band: Nadir_Reflectance_Band6 for scene: MCD43A4.A2024135.h10v04.061.2024144053322. Error: Attempt to create 2x0 dataset is illegal,sizes must be larger than zero.
2025-08-22 16:10:47,766 INFO GDAL signalled an error: err_no=1, msg='Attempt to create 2x0 dataset is illegal,sizes must be larger than zero.'
2025-08-22 16:10:47,766 ERROR Failed to download or crop band: Nadir_Reflectance_Band7 for scene: MCD43A4.A2024135.h10v04.061.2024144053322. Error: Attempt to create 2x0 dataset is illegal,sizes must be larger than zero.
2025-08-22 16:12:02,798 INFO GDAL signalled an error: err_no=1, msg='Attempt to create 2x0 dataset is illegal,sizes must be larger than zero.'
2025-08-22 16:12:02,798 ERROR Failed to download or crop band: Nadir_Reflectance_Band1 for scene: MCD43A4.A2024134.h10v04.061.2024158042634. Error: Attempt to create 2x0 dataset is illegal,sizes must be larger than zero.
2025-08-22 16:13:05,670 INFO GDAL signalled an error: err_no=1, msg='Attempt to create 2x0 dataset is illegal,sizes must be larger than zero.'
2025-08-22 16:13:05,671 ERROR Failed to download or crop band: Nadir_Reflectance_Band2 for scene: MCD43A4.A2024134.h10v04.061.2024158042634. Error: Attempt to create 2x0 dataset is illegal,sizes must be larger than zero.
2025-08-22 16:14:04,437 INFO GDAL signalled an error: err_no=1, msg='Attempt to create 2x0 dataset is illegal,sizes must be larger than zero.'
2025-08-22 16:14:04,437 ERROR Failed to download or crop band: Nadir_Reflectance_Band3 for scene: MCD43A4.A2024134.h10v04.061.2024158042634. Error: Attempt to create 2x0 dataset is illegal,sizes must be larger than zero.
2025-08-22 16:15:16,778 INFO GDAL signalled an error: err_no=1, msg='Attempt to create 2x0 dataset is illegal,sizes must be larger than zero.'
2025-08-22 16:15:16,779 ERROR Failed to download or crop band: Nadir_Reflectance_Band4 for scene: MCD43A4.A2024134.h10v04.061.2024158042634. Error: Attempt to create 2x0 dataset is illegal,sizes must be larger than zero.
2025-08-22 16:16:24,763 INFO GDAL signalled an error: err_no=1, msg='Attempt to create 2x0 dataset is illegal,sizes must be larger than zero.'
2025-08-22 16:16:24,763 ERROR Failed to download or crop band: Nadir_Reflectance_Band5 for scene: MCD43A4.A2024134.h10v04.061.2024158042634. Error: Attempt to create 2x0 dataset is illegal,sizes must be larger than zero.
2025-08-22 16:17:35,223 INFO GDAL signalled an error: err_no=1, msg='Attempt to create 2x0 dataset is illegal,sizes must be larger than zero.'
2025-08-22 16:17:35,223 ERROR Failed to download or crop band: Nadir_Reflectance_Band6 for scene: MCD43A4.A2024134.h10v04.061.2024158042634. Error: Attempt to create 2x0 dataset is illegal,sizes must be larger than zero.
2025-08-22 16:18:43,584 INFO GDAL signalled an error: err_no=1, msg='Attempt to create 2x0 dataset is illegal,sizes must be larger than zero.'
2025-08-22 16:18:43,584 ERROR Failed to download or crop band: Nadir_Reflectance_Band7 for scene: MCD43A4.A2024134.h10v04.061.2024158042634. Error: Attempt to create 2x0 dataset is illegal,sizes must be larger than zero.
2025-08-22 16:19:45,425 INFO GDAL signalled an error: err_no=1, msg='Attempt to create 2x0 dataset is illegal,sizes must be larger than zero.'
2025-08-22 16:19:45,425 ERROR Failed to download or crop band: Nadir_Reflectance_Band1 for scene: MCD43A4.A2024134.h10v04.061.2024143131231. Error: Attempt to create 2x0 dataset is illegal,sizes must be larger than zero.
2025-08-22 16:21:03,778 INFO GDAL signalled an error: err_no=1, msg='Attempt to create 2x0 dataset is illegal,sizes must be larger than zero.'
2025-08-22 16:21:03,778 ERROR Failed to download or crop band: Nadir_Reflectance_Band2 for scene: MCD43A4.A2024134.h10v04.061.2024143131231. Error: Attempt to create 2x0 dataset is illegal,sizes must be larger than zero.
2025-08-22 16:22:12,704 INFO GDAL signalled an error: err_no=1, msg='Attempt to create 2x0 dataset is illegal,sizes must be larger than zero.'
2025-08-22 16:22:12,704 ERROR Failed to download or crop band: Nadir_Reflectance_Band3 for scene: MCD43A4.A2024134.h10v04.061.2024143131231. Error: Attempt to create 2x0 dataset is illegal,sizes must be larger than zero.
2025-08-22 16:23:16,249 INFO GDAL signalled an error: err_no=1, msg='Attempt to create 2x0 dataset is illegal,sizes must be larger than zero.'
2025-08-22 16:23:16,249 ERROR Failed to download or crop band: Nadir_Reflectance_Band4 for scene: MCD43A4.A2024134.h10v04.061.2024143131231. Error: Attempt to create 2x0 dataset is illegal,sizes must be larger than zero.
2025-08-22 16:24:30,328 INFO GDAL signalled an error: err_no=1, msg='Attempt to create 2x0 dataset is illegal,sizes must be larger than zero.'
2025-08-22 16:24:30,328 ERROR Failed to download or crop band: Nadir_Reflectance_Band5 for scene: MCD43A4.A2024134.h10v04.061.2024143131231. Error: Attempt to create 2x0 dataset is illegal,sizes must be larger than zero.
2025-08-22 16:25:38,975 INFO GDAL signalled an error: err_no=1, msg='Attempt to create 2x0 dataset is illegal,sizes must be larger than zero.'
2025-08-22 16:25:38,976 ERROR Failed to download or crop band: Nadir_Reflectance_Band6 for scene: MCD43A4.A2024134.h10v04.061.2024143131231. Error: Attempt to create 2x0 dataset is illegal,sizes must be larger than zero.
2025-08-22 16:26:35,864 INFO GDAL signalled an error: err_no=1, msg='Attempt to create 2x0 dataset is illegal,sizes must be larger than zero.'
2025-08-22 16:26:35,864 ERROR Failed to download or crop band: Nadir_Reflectance_Band7 for scene: MCD43A4.A2024134.h10v04.061.2024143131231. Error: Attempt to create 2x0 dataset is illegal,sizes must be larger than zero.
2025-08-22 16:27:21,659 INFO GDAL signalled an error: err_no=1, msg='Attempt to create 2x0 dataset is illegal,sizes must be larger than zero.'
2025-08-22 16:27:21,660 ERROR Failed to download or crop band: Nadir_Reflectance_Band1 for scene: MCD43A4.A2024133.h10v04.061.2024158035359. Error: Attempt to create 2x0 dataset is illegal,sizes must be larger than zero.
2025-08-22 16:28:28,117 INFO GDAL signalled an error: err_no=1, msg='Attempt to create 2x0 dataset is illegal,sizes must be larger than zero.'
2025-08-22 16:28:28,117 ERROR Failed to download or crop band: Nadir_Reflectance_Band2 for scene: MCD43A4.A2024133.h10v04.061.2024158035359. Error: Attempt to create 2x0 dataset is illegal,sizes must be larger than zero.
2025-08-22 16:29:24,045 INFO GDAL signalled an error: err_no=1, msg='Attempt to create 2x0 dataset is illegal,sizes must be larger than zero.'
2025-08-22 16:29:24,046 ERROR Failed to download or crop band: Nadir_Reflectance_Band3 for scene: MCD43A4.A2024133.h10v04.061.2024158035359. Error: Attempt to create 2x0 dataset is illegal,sizes must be larger than zero.
2025-08-22 16:30:23,250 INFO GDAL signalled an error: err_no=1, msg='Attempt to create 2x0 dataset is illegal,sizes must be larger than zero.'
2025-08-22 16:30:23,251 ERROR Failed to download or crop band: Nadir_Reflectance_Band4 for scene: MCD43A4.A2024133.h10v04.061.2024158035359. Error: Attempt to create 2x0 dataset is illegal,sizes must be larger than zero.
2025-08-22 16:31:30,672 INFO GDAL signalled an error: err_no=1, msg='Attempt to create 2x0 dataset is illegal,sizes must be larger than zero.'
2025-08-22 16:31:30,672 ERROR Failed to download or crop band: Nadir_Reflectance_Band5 for scene: MCD43A4.A2024133.h10v04.061.2024158035359. Error: Attempt to create 2x0 dataset is illegal,sizes must be larger than zero.
2025-08-22 16:32:33,964 INFO GDAL signalled an error: err_no=1, msg='Attempt to create 2x0 dataset is illegal,sizes must be larger than zero.'
2025-08-22 16:32:33,965 ERROR Failed to download or crop band: Nadir_Reflectance_Band6 for scene: MCD43A4.A2024133.h10v04.061.2024158035359. Error: Attempt to create 2x0 dataset is illegal,sizes must be larger than zero.
2025-08-22 16:32:34,502 INFO GDAL signalled an error: err_no=4, msg='./modis/ST2024IA0001/2024-05-12/MCD43A4.A2024133.h10v04.061.2024158035359_Nadir_Reflectance_Band7.tif: No such file or directory'
2025-08-22 16:32:34,502 ERROR Failed to download or crop band: Nadir_Reflectance_Band7 for scene: MCD43A4.A2024133.h10v04.061.2024158035359. Error: ./modis/ST2024IA0001/2024-05-12/MCD43A4.A2024133.h10v04.061.2024158035359_Nadir_Reflectance_Band7.tif: No such file or directory
2025-08-22 16:33:47,527 INFO GDAL signalled an error: err_no=1, msg='Attempt to create 2x0 dataset is illegal,sizes must be larger than zero.'
2025-08-22 16:33:47,528 ERROR Failed to download or crop band: Nadir_Reflectance_Band1 for scene: MCD43A4.A2024133.h10v04.061.2024143110733. Error: Attempt to create 2x0 dataset is illegal,sizes must be larger than zero.
2025-08-22 16:34:47,135 INFO GDAL signalled an error: err_no=1, msg='Attempt to create 2x0 dataset is illegal,sizes must be larger than zero.'
2025-08-22 16:34:47,135 ERROR Failed to download or crop band: Nadir_Reflectance_Band2 for scene: MCD43A4.A2024133.h10v04.061.2024143110733. Error: Attempt to create 2x0 dataset is illegal,sizes must be larger than zero.
2025-08-22 16:35:23,545 INFO GDAL signalled an error: err_no=1, msg='Attempt to create 2x0 dataset is illegal,sizes must be larger than zero.'
2025-08-22 16:35:23,545 ERROR Failed to download or crop band: Nadir_Reflectance_Band3 for scene: MCD43A4.A2024133.h10v04.061.2024143110733. Error: Attempt to create 2x0 dataset is illegal,sizes must be larger than zero.
2025-08-22 16:36:23,321 INFO GDAL signalled an error: err_no=1, msg='Attempt to create 2x0 dataset is illegal,sizes must be larger than zero.'
2025-08-22 16:36:23,322 ERROR Failed to download or crop band: Nadir_Reflectance_Band4 for scene: MCD43A4.A2024133.h10v04.061.2024143110733. Error: Attempt to create 2x0 dataset is illegal,sizes must be larger than zero.
2025-08-22 16:37:37,729 INFO GDAL signalled an error: err_no=1, msg='Attempt to create 2x0 dataset is illegal,sizes must be larger than zero.'
2025-08-22 16:37:37,729 ERROR Failed to download or crop band: Nadir_Reflectance_Band5 for scene: MCD43A4.A2024133.h10v04.061.2024143110733. Error: Attempt to create 2x0 dataset is illegal,sizes must be larger than zero.
2025-08-22 16:38:53,704 INFO GDAL signalled an error: err_no=1, msg='Attempt to create 2x0 dataset is illegal,sizes must be larger than zero.'
2025-08-22 16:38:53,704 ERROR Failed to download or crop band: Nadir_Reflectance_Band6 for scene: MCD43A4.A2024133.h10v04.061.2024143110733. Error: Attempt to create 2x0 dataset is illegal,sizes must be larger than zero.
2025-08-22 16:39:53,290 INFO GDAL signalled an error: err_no=1, msg='Attempt to create 2x0 dataset is illegal,sizes must be larger than zero.'
2025-08-22 16:39:53,290 ERROR Failed to download or crop band: Nadir_Reflectance_Band7 for scene: MCD43A4.A2024133.h10v04.061.2024143110733. Error: Attempt to create 2x0 dataset is illegal,sizes must be larger than zero.
2025-08-22 16:40:57,143 INFO GDAL signalled an error: err_no=1, msg='Attempt to create 2x0 dataset is illegal,sizes must be larger than zero.'
2025-08-22 16:40:57,143 ERROR Failed to download or crop band: Nadir_Reflectance_Band1 for scene: MCD43A4.A2024132.h10v04.061.2024158032952. Error: Attempt to create 2x0 dataset is illegal,sizes must be larger than zero.
2025-08-22 16:42:15,227 INFO GDAL signalled an error: err_no=1, msg='Attempt to create 2x0 dataset is illegal,sizes must be larger than zero.'
2025-08-22 16:42:15,228 ERROR Failed to download or crop band: Nadir_Reflectance_Band2 for scene: MCD43A4.A2024132.h10v04.061.2024158032952. Error: Attempt to create 2x0 dataset is illegal,sizes must be larger than zero.
2025-08-22 16:43:13,482 INFO GDAL signalled an error: err_no=1, msg='Attempt to create 2x0 dataset is illegal,sizes must be larger than zero.'
2025-08-22 16:43:13,483 ERROR Failed to download or crop band: Nadir_Reflectance_Band3 for scene: MCD43A4.A2024132.h10v04.061.2024158032952. Error: Attempt to create 2x0 dataset is illegal,sizes must be larger than zero.
2025-08-22 16:44:27,585 INFO GDAL signalled an error: err_no=1, msg='Attempt to create 2x0 dataset is illegal,sizes must be larger than zero.'
2025-08-22 16:44:27,585 ERROR Failed to download or crop band: Nadir_Reflectance_Band4 for scene: MCD43A4.A2024132.h10v04.061.2024158032952. Error: Attempt to create 2x0 dataset is illegal,sizes must be larger than zero.
2025-08-22 16:45:38,850 INFO GDAL signalled an error: err_no=1, msg='Attempt to create 2x0 dataset is illegal,sizes must be larger than zero.'
2025-08-22 16:45:38,850 ERROR Failed to download or crop band: Nadir_Reflectance_Band5 for scene: MCD43A4.A2024132.h10v04.061.2024158032952. Error: Attempt to create 2x0 dataset is illegal,sizes must be larger than zero.
2025-08-22 16:46:52,915 INFO GDAL signalled an error: err_no=1, msg='Attempt to create 2x0 dataset is illegal,sizes must be larger than zero.'
2025-08-22 16:46:52,915 ERROR Failed to download or crop band: Nadir_Reflectance_Band6 for scene: MCD43A4.A2024132.h10v04.061.2024158032952. Error: Attempt to create 2x0 dataset is illegal,sizes must be larger than zero.
2025-08-22 16:48:07,836 INFO GDAL signalled an error: err_no=1, msg='Attempt to create 2x0 dataset is illegal,sizes must be larger than zero.'
2025-08-22 16:48:07,837 ERROR Failed to download or crop band: Nadir_Reflectance_Band7 for scene: MCD43A4.A2024132.h10v04.061.2024158032952. Error: Attempt to create 2x0 dataset is illegal,sizes must be larger than zero.
2025-08-22 16:49:21,912 INFO GDAL signalled an error: err_no=1, msg='Attempt to create 2x0 dataset is illegal,sizes must be larger than zero.'
2025-08-22 16:49:21,913 ERROR Failed to download or crop band: Nadir_Reflectance_Band1 for scene: MCD43A4.A2024132.h10v04.061.2024142013317. Error: Attempt to create 2x0 dataset is illegal,sizes must be larger than zero.
2025-08-22 16:50:34,537 INFO GDAL signalled an error: err_no=1, msg='Attempt to create 2x0 dataset is illegal,sizes must be larger than zero.'
2025-08-22 16:50:34,537 ERROR Failed to download or crop band: Nadir_Reflectance_Band2 for scene: MCD43A4.A2024132.h10v04.061.2024142013317. Error: Attempt to create 2x0 dataset is illegal,sizes must be larger than zero.
2025-08-22 16:51:44,583 INFO GDAL signalled an error: err_no=1, msg='Attempt to create 2x0 dataset is illegal,sizes must be larger than zero.'
2025-08-22 16:51:44,583 ERROR Failed to download or crop band: Nadir_Reflectance_Band3 for scene: MCD43A4.A2024132.h10v04.061.2024142013317. Error: Attempt to create 2x0 dataset is illegal,sizes must be larger than zero.
2025-08-22 16:52:43,465 INFO GDAL signalled an error: err_no=1, msg='Attempt to create 2x0 dataset is illegal,sizes must be larger than zero.'
2025-08-22 16:52:43,465 ERROR Failed to download or crop band: Nadir_Reflectance_Band4 for scene: MCD43A4.A2024132.h10v04.061.2024142013317. Error: Attempt to create 2x0 dataset is illegal,sizes must be larger than zero.
2025-08-22 16:53:45,285 INFO GDAL signalled an error: err_no=1, msg='Attempt to create 2x0 dataset is illegal,sizes must be larger than zero.'
2025-08-22 16:53:45,285 ERROR Failed to download or crop band: Nadir_Reflectance_Band5 for scene: MCD43A4.A2024132.h10v04.061.2024142013317. Error: Attempt to create 2x0 dataset is illegal,sizes must be larger than zero.
2025-08-22 16:54:56,383 INFO GDAL signalled an error: err_no=1, msg='Attempt to create 2x0 dataset is illegal,sizes must be larger than zero.'
2025-08-22 16:54:56,384 ERROR Failed to download or crop band: Nadir_Reflectance_Band6 for scene: MCD43A4.A2024132.h10v04.061.2024142013317. Error: Attempt to create 2x0 dataset is illegal,sizes must be larger than zero.
2025-08-22 16:55:45,841 INFO GDAL signalled an error: err_no=1, msg='Attempt to create 2x0 dataset is illegal,sizes must be larger than zero.'
2025-08-22 16:55:45,841 ERROR Failed to download or crop band: Nadir_Reflectance_Band7 for scene: MCD43A4.A2024132.h10v04.061.2024142013317. Error: Attempt to create 2x0 dataset is illegal,sizes must be larger than zero.
2025-08-22 16:56:55,091 INFO GDAL signalled an error: err_no=1, msg='Attempt to create 2x0 dataset is illegal,sizes must be larger than zero.'
2025-08-22 16:56:55,091 ERROR Failed to download or crop band: Nadir_Reflectance_Band1 for scene: MCD43A4.A2024131.h10v04.061.2024158025708. Error: Attempt to create 2x0 dataset is illegal,sizes must be larger than zero.
2025-08-22 16:58:09,232 INFO GDAL signalled an error: err_no=1, msg='Attempt to create 2x0 dataset is illegal,sizes must be larger than zero.'
2025-08-22 16:58:09,232 ERROR Failed to download or crop band: Nadir_Reflectance_Band2 for scene: MCD43A4.A2024131.h10v04.061.2024158025708. Error: Attempt to create 2x0 dataset is illegal,sizes must be larger than zero.
2025-08-22 16:59:05,433 INFO GDAL signalled an error: err_no=1, msg='Attempt to create 2x0 dataset is illegal,sizes must be larger than zero.'
2025-08-22 16:59:05,433 ERROR Failed to download or crop band: Nadir_Reflectance_Band3 for scene: MCD43A4.A2024131.h10v04.061.2024158025708. Error: Attempt to create 2x0 dataset is illegal,sizes must be larger than zero.
2025-08-22 17:00:08,605 INFO GDAL signalled an error: err_no=1, msg='Attempt to create 2x0 dataset is illegal,sizes must be larger than zero.'
2025-08-22 17:00:08,605 ERROR Failed to download or crop band: Nadir_Reflectance_Band4 for scene: MCD43A4.A2024131.h10v04.061.2024158025708. Error: Attempt to create 2x0 dataset is illegal,sizes must be larger than zero.
2025-08-22 17:01:19,258 INFO GDAL signalled an error: err_no=1, msg='Attempt to create 2x0 dataset is illegal,sizes must be larger than zero.'
2025-08-22 17:01:19,259 ERROR Failed to download or crop band: Nadir_Reflectance_Band5 for scene: MCD43A4.A2024131.h10v04.061.2024158025708. Error: Attempt to create 2x0 dataset is illegal,sizes must be larger than zero.
2025-08-22 17:02:15,835 INFO GDAL signalled an error: err_no=1, msg='Attempt to create 2x0 dataset is illegal,sizes must be larger than zero.'
2025-08-22 17:02:15,835 ERROR Failed to download or crop band: Nadir_Reflectance_Band6 for scene: MCD43A4.A2024131.h10v04.061.2024158025708. Error: Attempt to create 2x0 dataset is illegal,sizes must be larger than zero.
2025-08-22 17:03:20,466 INFO GDAL signalled an error: err_no=1, msg='Attempt to create 2x0 dataset is illegal,sizes must be larger than zero.'
2025-08-22 17:03:20,466 ERROR Failed to download or crop band: Nadir_Reflectance_Band7 for scene: MCD43A4.A2024131.h10v04.061.2024158025708. Error: Attempt to create 2x0 dataset is illegal,sizes must be larger than zero.
2025-08-22 17:04:21,977 INFO GDAL signalled an error: err_no=1, msg='Attempt to create 2x0 dataset is illegal,sizes must be larger than zero.'
2025-08-22 17:04:21,977 ERROR Failed to download or crop band: Nadir_Reflectance_Band1 for scene: MCD43A4.A2024131.h10v04.061.2024140033155. Error: Attempt to create 2x0 dataset is illegal,sizes must be larger than zero.
2025-08-22 17:05:22,393 INFO GDAL signalled an error: err_no=1, msg='Attempt to create 2x0 dataset is illegal,sizes must be larger than zero.'
2025-08-22 17:05:22,393 ERROR Failed to download or crop band: Nadir_Reflectance_Band2 for scene: MCD43A4.A2024131.h10v04.061.2024140033155. Error: Attempt to create 2x0 dataset is illegal,sizes must be larger than zero.
2025-08-22 17:06:28,623 INFO GDAL signalled an error: err_no=1, msg='Attempt to create 2x0 dataset is illegal,sizes must be larger than zero.'
2025-08-22 17:06:28,623 ERROR Failed to download or crop band: Nadir_Reflectance_Band3 for scene: MCD43A4.A2024131.h10v04.061.2024140033155. Error: Attempt to create 2x0 dataset is illegal,sizes must be larger than zero.
2025-08-22 17:07:19,153 INFO GDAL signalled an error: err_no=1, msg='Attempt to create 2x0 dataset is illegal,sizes must be larger than zero.'
2025-08-22 17:07:19,153 ERROR Failed to download or crop band: Nadir_Reflectance_Band4 for scene: MCD43A4.A2024131.h10v04.061.2024140033155. Error: Attempt to create 2x0 dataset is illegal,sizes must be larger than zero.
2025-08-22 17:08:29,054 INFO GDAL signalled an error: err_no=1, msg='Attempt to create 2x0 dataset is illegal,sizes must be larger than zero.'
2025-08-22 17:08:29,055 ERROR Failed to download or crop band: Nadir_Reflectance_Band5 for scene: MCD43A4.A2024131.h10v04.061.2024140033155. Error: Attempt to create 2x0 dataset is illegal,sizes must be larger than zero.
2025-08-22 17:09:34,013 INFO GDAL signalled an error: err_no=1, msg='Attempt to create 2x0 dataset is illegal,sizes must be larger than zero.'
2025-08-22 17:09:34,014 ERROR Failed to download or crop band: Nadir_Reflectance_Band6 for scene: MCD43A4.A2024131.h10v04.061.2024140033155. Error: Attempt to create 2x0 dataset is illegal,sizes must be larger than zero.
2025-08-22 17:10:50,244 INFO GDAL signalled an error: err_no=1, msg='Attempt to create 2x0 dataset is illegal,sizes must be larger than zero.'
2025-08-22 17:10:50,245 ERROR Failed to download or crop band: Nadir_Reflectance_Band7 for scene: MCD43A4.A2024131.h10v04.061.2024140033155. Error: Attempt to create 2x0 dataset is illegal,sizes must be larger than zero.
2025-08-22 17:11:47,914 INFO GDAL signalled an error: err_no=1, msg='Attempt to create 2x0 dataset is illegal,sizes must be larger than zero.'
2025-08-22 17:11:47,915 ERROR Failed to download or crop band: Nadir_Reflectance_Band1 for scene: MCD43A4.A2024130.h10v04.061.2024158021059. Error: Attempt to create 2x0 dataset is illegal,sizes must be larger than zero.
2025-08-22 17:13:09,497 INFO GDAL signalled an error: err_no=1, msg='Attempt to create 2x0 dataset is illegal,sizes must be larger than zero.'
2025-08-22 17:13:09,497 ERROR Failed to download or crop band: Nadir_Reflectance_Band2 for scene: MCD43A4.A2024130.h10v04.061.2024158021059. Error: Attempt to create 2x0 dataset is illegal,sizes must be larger than zero.
2025-08-22 17:14:07,432 INFO GDAL signalled an error: err_no=1, msg='Attempt to create 2x0 dataset is illegal,sizes must be larger than zero.'
2025-08-22 17:14:07,432 ERROR Failed to download or crop band: Nadir_Reflectance_Band3 for scene: MCD43A4.A2024130.h10v04.061.2024158021059. Error: Attempt to create 2x0 dataset is illegal,sizes must be larger than zero.
2025-08-22 17:15:19,305 INFO GDAL signalled an error: err_no=1, msg='Attempt to create 2x0 dataset is illegal,sizes must be larger than zero.'
2025-08-22 17:15:19,305 ERROR Failed to download or crop band: Nadir_Reflectance_Band4 for scene: MCD43A4.A2024130.h10v04.061.2024158021059. Error: Attempt to create 2x0 dataset is illegal,sizes must be larger than zero.
2025-08-22 17:16:32,745 INFO GDAL signalled an error: err_no=1, msg='Attempt to create 2x0 dataset is illegal,sizes must be larger than zero.'
2025-08-22 17:16:32,745 ERROR Failed to download or crop band: Nadir_Reflectance_Band5 for scene: MCD43A4.A2024130.h10v04.061.2024158021059. Error: Attempt to create 2x0 dataset is illegal,sizes must be larger than zero.
2025-08-22 17:17:00,118 INFO GDAL signalled an error: err_no=1, msg='Attempt to create 2x0 dataset is illegal,sizes must be larger than zero.'
2025-08-22 17:17:00,118 ERROR Failed to download or crop band: Nadir_Reflectance_Band6 for scene: MCD43A4.A2024130.h10v04.061.2024158021059. Error: Attempt to create 2x0 dataset is illegal,sizes must be larger than zero.
2025-08-22 17:18:15,294 INFO GDAL signalled an error: err_no=1, msg='Attempt to create 2x0 dataset is illegal,sizes must be larger than zero.'
2025-08-22 17:18:15,295 ERROR Failed to download or crop band: Nadir_Reflectance_Band7 for scene: MCD43A4.A2024130.h10v04.061.2024158021059. Error: Attempt to create 2x0 dataset is illegal,sizes must be larger than zero.
2025-08-22 17:19:30,416 INFO GDAL signalled an error: err_no=1, msg='Attempt to create 2x0 dataset is illegal,sizes must be larger than zero.'
2025-08-22 17:19:30,416 ERROR Failed to download or crop band: Nadir_Reflectance_Band1 for scene: MCD43A4.A2024130.h10v04.061.2024139052744. Error: Attempt to create 2x0 dataset is illegal,sizes must be larger than zero.
2025-08-22 17:20:23,208 INFO GDAL signalled an error: err_no=1, msg='Attempt to create 2x0 dataset is illegal,sizes must be larger than zero.'
2025-08-22 17:20:23,208 ERROR Failed to download or crop band: Nadir_Reflectance_Band2 for scene: MCD43A4.A2024130.h10v04.061.2024139052744. Error: Attempt to create 2x0 dataset is illegal,sizes must be larger than zero.
2025-08-22 17:21:32,398 INFO GDAL signalled an error: err_no=1, msg='Attempt to create 2x0 dataset is illegal,sizes must be larger than zero.'
2025-08-22 17:21:32,398 ERROR Failed to download or crop band: Nadir_Reflectance_Band3 for scene: MCD43A4.A2024130.h10v04.061.2024139052744. Error: Attempt to create 2x0 dataset is illegal,sizes must be larger than zero.
2025-08-22 17:22:32,164 INFO GDAL signalled an error: err_no=1, msg='Attempt to create 2x0 dataset is illegal,sizes must be larger than zero.'
2025-08-22 17:22:32,165 ERROR Failed to download or crop band: Nadir_Reflectance_Band4 for scene: MCD43A4.A2024130.h10v04.061.2024139052744. Error: Attempt to create 2x0 dataset is illegal,sizes must be larger than zero.
2025-08-22 17:23:27,984 INFO GDAL signalled an error: err_no=1, msg='Attempt to create 2x0 dataset is illegal,sizes must be larger than zero.'
2025-08-22 17:23:27,984 ERROR Failed to download or crop band: Nadir_Reflectance_Band5 for scene: MCD43A4.A2024130.h10v04.061.2024139052744. Error: Attempt to create 2x0 dataset is illegal,sizes must be larger than zero.
2025-08-22 17:24:27,109 INFO GDAL signalled an error: err_no=1, msg='Attempt to create 2x0 dataset is illegal,sizes must be larger than zero.'
2025-08-22 17:24:27,109 ERROR Failed to download or crop band: Nadir_Reflectance_Band6 for scene: MCD43A4.A2024130.h10v04.061.2024139052744. Error: Attempt to create 2x0 dataset is illegal,sizes must be larger than zero.
2025-08-22 17:25:49,658 INFO GDAL signalled an error: err_no=1, msg='Attempt to create 2x0 dataset is illegal,sizes must be larger than zero.'
2025-08-22 17:25:49,658 ERROR Failed to download or crop band: Nadir_Reflectance_Band7 for scene: MCD43A4.A2024130.h10v04.061.2024139052744. Error: Attempt to create 2x0 dataset is illegal,sizes must be larger than zero.
2025-08-22 17:26:59,102 INFO GDAL signalled an error: err_no=1, msg='Attempt to create 2x0 dataset is illegal,sizes must be larger than zero.'
2025-08-22 17:26:59,102 ERROR Failed to download or crop band: Nadir_Reflectance_Band1 for scene: MCD43A4.A2024129.h10v04.061.2024158012501. Error: Attempt to create 2x0 dataset is illegal,sizes must be larger than zero.
2025-08-22 17:28:07,412 INFO GDAL signalled an error: err_no=1, msg='Attempt to create 2x0 dataset is illegal,sizes must be larger than zero.'
2025-08-22 17:28:07,413 ERROR Failed to download or crop band: Nadir_Reflectance_Band2 for scene: MCD43A4.A2024129.h10v04.061.2024158012501. Error: Attempt to create 2x0 dataset is illegal,sizes must be larger than zero.
2025-08-22 17:28:55,670 INFO GDAL signalled an error: err_no=1, msg='Attempt to create 2x0 dataset is illegal,sizes must be larger than zero.'
2025-08-22 17:28:55,671 ERROR Failed to download or crop band: Nadir_Reflectance_Band3 for scene: MCD43A4.A2024129.h10v04.061.2024158012501. Error: Attempt to create 2x0 dataset is illegal,sizes must be larger than zero.
2025-08-22 17:30:09,704 INFO GDAL signalled an error: err_no=1, msg='Attempt to create 2x0 dataset is illegal,sizes must be larger than zero.'
2025-08-22 17:30:09,705 ERROR Failed to download or crop band: Nadir_Reflectance_Band4 for scene: MCD43A4.A2024129.h10v04.061.2024158012501. Error: Attempt to create 2x0 dataset is illegal,sizes must be larger than zero.
2025-08-22 17:31:28,012 INFO GDAL signalled an error: err_no=1, msg='Attempt to create 2x0 dataset is illegal,sizes must be larger than zero.'
2025-08-22 17:31:28,012 ERROR Failed to download or crop band: Nadir_Reflectance_Band5 for scene: MCD43A4.A2024129.h10v04.061.2024158012501. Error: Attempt to create 2x0 dataset is illegal,sizes must be larger than zero.
2025-08-22 17:32:37,028 INFO GDAL signalled an error: err_no=1, msg='Attempt to create 2x0 dataset is illegal,sizes must be larger than zero.'
2025-08-22 17:32:37,028 ERROR Failed to download or crop band: Nadir_Reflectance_Band6 for scene: MCD43A4.A2024129.h10v04.061.2024158012501. Error: Attempt to create 2x0 dataset is illegal,sizes must be larger than zero.
2025-08-22 17:33:53,175 INFO GDAL signalled an error: err_no=1, msg='Attempt to create 2x0 dataset is illegal,sizes must be larger than zero.'
2025-08-22 17:33:53,176 ERROR Failed to download or crop band: Nadir_Reflectance_Band7 for scene: MCD43A4.A2024129.h10v04.061.2024158012501. Error: Attempt to create 2x0 dataset is illegal,sizes must be larger than zero.
2025-08-22 17:35:06,152 INFO GDAL signalled an error: err_no=1, msg='Attempt to create 2x0 dataset is illegal,sizes must be larger than zero.'
2025-08-22 17:35:06,152 ERROR Failed to download or crop band: Nadir_Reflectance_Band1 for scene: MCD43A4.A2024129.h10v04.061.2024138045352. Error: Attempt to create 2x0 dataset is illegal,sizes must be larger than zero.
2025-08-22 17:36:24,275 INFO GDAL signalled an error: err_no=1, msg='Attempt to create 2x0 dataset is illegal,sizes must be larger than zero.'
2025-08-22 17:36:24,276 ERROR Failed to download or crop band: Nadir_Reflectance_Band2 for scene: MCD43A4.A2024129.h10v04.061.2024138045352. Error: Attempt to create 2x0 dataset is illegal,sizes must be larger than zero.
2025-08-22 17:37:27,925 INFO GDAL signalled an error: err_no=1, msg='Attempt to create 2x0 dataset is illegal,sizes must be larger than zero.'
2025-08-22 17:37:27,925 ERROR Failed to download or crop band: Nadir_Reflectance_Band3 for scene: MCD43A4.A2024129.h10v04.061.2024138045352. Error: Attempt to create 2x0 dataset is illegal,sizes must be larger than zero.
2025-08-22 17:38:23,117 INFO GDAL signalled an error: err_no=1, msg='Attempt to create 2x0 dataset is illegal,sizes must be larger than zero.'
2025-08-22 17:38:23,117 ERROR Failed to download or crop band: Nadir_Reflectance_Band4 for scene: MCD43A4.A2024129.h10v04.061.2024138045352. Error: Attempt to create 2x0 dataset is illegal,sizes must be larger than zero.
2025-08-22 17:39:23,012 INFO GDAL signalled an error: err_no=1, msg='Attempt to create 2x0 dataset is illegal,sizes must be larger than zero.'
2025-08-22 17:39:23,012 ERROR Failed to download or crop band: Nadir_Reflectance_Band5 for scene: MCD43A4.A2024129.h10v04.061.2024138045352. Error: Attempt to create 2x0 dataset is illegal,sizes must be larger than zero.
2025-08-22 17:40:46,785 INFO GDAL signalled an error: err_no=1, msg='Attempt to create 2x0 dataset is illegal,sizes must be larger than zero.'
2025-08-22 17:40:46,785 ERROR Failed to download or crop band: Nadir_Reflectance_Band6 for scene: MCD43A4.A2024129.h10v04.061.2024138045352. Error: Attempt to create 2x0 dataset is illegal,sizes must be larger than zero.
2025-08-22 17:41:55,076 INFO GDAL signalled an error: err_no=1, msg='Attempt to create 2x0 dataset is illegal,sizes must be larger than zero.'
2025-08-22 17:41:55,076 ERROR Failed to download or crop band: Nadir_Reflectance_Band7 for scene: MCD43A4.A2024129.h10v04.061.2024138045352. Error: Attempt to create 2x0 dataset is illegal,sizes must be larger than zero.
2025-08-22 17:43:02,999 INFO GDAL signalled an error: err_no=1, msg='Attempt to create 2x0 dataset is illegal,sizes must be larger than zero.'
2025-08-22 17:43:02,999 ERROR Failed to download or crop band: Nadir_Reflectance_Band1 for scene: MCD43A4.A2024128.h10v04.061.2024157221141. Error: Attempt to create 2x0 dataset is illegal,sizes must be larger than zero.
2025-08-22 17:44:08,198 INFO GDAL signalled an error: err_no=1, msg='Attempt to create 2x0 dataset is illegal,sizes must be larger than zero.'
2025-08-22 17:44:08,198 ERROR Failed to download or crop band: Nadir_Reflectance_Band2 for scene: MCD43A4.A2024128.h10v04.061.2024157221141. Error: Attempt to create 2x0 dataset is illegal,sizes must be larger than zero.
2025-08-22 17:45:10,408 INFO GDAL signalled an error: err_no=1, msg='Attempt to create 2x0 dataset is illegal,sizes must be larger than zero.'
2025-08-22 17:45:10,408 ERROR Failed to download or crop band: Nadir_Reflectance_Band3 for scene: MCD43A4.A2024128.h10v04.061.2024157221141. Error: Attempt to create 2x0 dataset is illegal,sizes must be larger than zero.
2025-08-22 17:46:10,854 INFO GDAL signalled an error: err_no=1, msg='Attempt to create 2x0 dataset is illegal,sizes must be larger than zero.'
2025-08-22 17:46:10,854 ERROR Failed to download or crop band: Nadir_Reflectance_Band4 for scene: MCD43A4.A2024128.h10v04.061.2024157221141. Error: Attempt to create 2x0 dataset is illegal,sizes must be larger than zero.
2025-08-22 17:47:20,356 INFO GDAL signalled an error: err_no=1, msg='Attempt to create 2x0 dataset is illegal,sizes must be larger than zero.'
2025-08-22 17:47:20,357 ERROR Failed to download or crop band: Nadir_Reflectance_Band5 for scene: MCD43A4.A2024128.h10v04.061.2024157221141. Error: Attempt to create 2x0 dataset is illegal,sizes must be larger than zero.
2025-08-22 17:48:43,725 INFO GDAL signalled an error: err_no=1, msg='Attempt to create 2x0 dataset is illegal,sizes must be larger than zero.'
2025-08-22 17:48:43,726 ERROR Failed to download or crop band: Nadir_Reflectance_Band6 for scene: MCD43A4.A2024128.h10v04.061.2024157221141. Error: Attempt to create 2x0 dataset is illegal,sizes must be larger than zero.
2025-08-22 17:49:43,321 INFO GDAL signalled an error: err_no=1, msg='Attempt to create 2x0 dataset is illegal,sizes must be larger than zero.'
2025-08-22 17:49:43,322 ERROR Failed to download or crop band: Nadir_Reflectance_Band7 for scene: MCD43A4.A2024128.h10v04.061.2024157221141. Error: Attempt to create 2x0 dataset is illegal,sizes must be larger than zero.
2025-08-22 17:50:40,102 INFO GDAL signalled an error: err_no=1, msg='Attempt to create 2x0 dataset is illegal,sizes must be larger than zero.'
2025-08-22 17:50:40,103 ERROR Failed to download or crop band: Nadir_Reflectance_Band1 for scene: MCD43A4.A2024128.h10v04.061.2024137033949. Error: Attempt to create 2x0 dataset is illegal,sizes must be larger than zero.
2025-08-22 17:51:51,522 INFO GDAL signalled an error: err_no=1, msg='Attempt to create 2x0 dataset is illegal,sizes must be larger than zero.'
2025-08-22 17:51:51,522 ERROR Failed to download or crop band: Nadir_Reflectance_Band2 for scene: MCD43A4.A2024128.h10v04.061.2024137033949. Error: Attempt to create 2x0 dataset is illegal,sizes must be larger than zero.
2025-08-22 17:52:52,033 INFO GDAL signalled an error: err_no=1, msg='Attempt to create 2x0 dataset is illegal,sizes must be larger than zero.'
2025-08-22 17:52:52,033 ERROR Failed to download or crop band: Nadir_Reflectance_Band3 for scene: MCD43A4.A2024128.h10v04.061.2024137033949. Error: Attempt to create 2x0 dataset is illegal,sizes must be larger than zero.
2025-08-22 17:53:55,440 INFO GDAL signalled an error: err_no=1, msg='Attempt to create 2x0 dataset is illegal,sizes must be larger than zero.'
2025-08-22 17:53:55,440 ERROR Failed to download or crop band: Nadir_Reflectance_Band4 for scene: MCD43A4.A2024128.h10v04.061.2024137033949. Error: Attempt to create 2x0 dataset is illegal,sizes must be larger than zero.
2025-08-22 17:54:34,470 INFO GDAL signalled an error: err_no=1, msg='Attempt to create 2x0 dataset is illegal,sizes must be larger than zero.'
2025-08-22 17:54:34,470 ERROR Failed to download or crop band: Nadir_Reflectance_Band5 for scene: MCD43A4.A2024128.h10v04.061.2024137033949. Error: Attempt to create 2x0 dataset is illegal,sizes must be larger than zero.
2025-08-22 17:55:44,309 INFO GDAL signalled an error: err_no=1, msg='Attempt to create 2x0 dataset is illegal,sizes must be larger than zero.'
2025-08-22 17:55:44,309 ERROR Failed to download or crop band: Nadir_Reflectance_Band6 for scene: MCD43A4.A2024128.h10v04.061.2024137033949. Error: Attempt to create 2x0 dataset is illegal,sizes must be larger than zero.
2025-08-22 17:57:11,116 INFO GDAL signalled an error: err_no=1, msg='Attempt to create 2x0 dataset is illegal,sizes must be larger than zero.'
2025-08-22 17:57:11,116 ERROR Failed to download or crop band: Nadir_Reflectance_Band7 for scene: MCD43A4.A2024128.h10v04.061.2024137033949. Error: Attempt to create 2x0 dataset is illegal,sizes must be larger than zero.
2025-08-22 17:58:19,290 INFO GDAL signalled an error: err_no=1, msg='Attempt to create 2x0 dataset is illegal,sizes must be larger than zero.'
2025-08-22 17:58:19,290 ERROR Failed to download or crop band: Nadir_Reflectance_Band1 for scene: MCD43A4.A2024127.h10v04.061.2024157215219. Error: Attempt to create 2x0 dataset is illegal,sizes must be larger than zero.
2025-08-22 17:59:28,362 INFO GDAL signalled an error: err_no=1, msg='Attempt to create 2x0 dataset is illegal,sizes must be larger than zero.'
2025-08-22 17:59:28,362 ERROR Failed to download or crop band: Nadir_Reflectance_Band2 for scene: MCD43A4.A2024127.h10v04.061.2024157215219. Error: Attempt to create 2x0 dataset is illegal,sizes must be larger than zero.
2025-08-22 18:00:09,417 INFO GDAL signalled an error: err_no=1, msg='Attempt to create 2x0 dataset is illegal,sizes must be larger than zero.'
2025-08-22 18:00:09,417 ERROR Failed to download or crop band: Nadir_Reflectance_Band3 for scene: MCD43A4.A2024127.h10v04.061.2024157215219. Error: Attempt to create 2x0 dataset is illegal,sizes must be larger than zero.
2025-08-22 18:01:17,907 INFO GDAL signalled an error: err_no=1, msg='Attempt to create 2x0 dataset is illegal,sizes must be larger than zero.'
2025-08-22 18:01:17,907 ERROR Failed to download or crop band: Nadir_Reflectance_Band4 for scene: MCD43A4.A2024127.h10v04.061.2024157215219. Error: Attempt to create 2x0 dataset is illegal,sizes must be larger than zero.
2025-08-22 18:02:26,115 INFO GDAL signalled an error: err_no=1, msg='Attempt to create 2x0 dataset is illegal,sizes must be larger than zero.'
2025-08-22 18:02:26,116 ERROR Failed to download or crop band: Nadir_Reflectance_Band5 for scene: MCD43A4.A2024127.h10v04.061.2024157215219. Error: Attempt to create 2x0 dataset is illegal,sizes must be larger than zero.
2025-08-22 18:03:36,195 INFO GDAL signalled an error: err_no=1, msg='Attempt to create 2x0 dataset is illegal,sizes must be larger than zero.'
2025-08-22 18:03:36,196 ERROR Failed to download or crop band: Nadir_Reflectance_Band6 for scene: MCD43A4.A2024127.h10v04.061.2024157215219. Error: Attempt to create 2x0 dataset is illegal,sizes must be larger than zero.
2025-08-22 18:03:36,715 INFO GDAL signalled an error: err_no=4, msg='./modis/ST2024IA0001/2024-05-12/MCD43A4.A2024127.h10v04.061.2024157215219_Nadir_Reflectance_Band7.tif: No such file or directory'
2025-08-22 18:03:36,715 ERROR Failed to download or crop band: Nadir_Reflectance_Band7 for scene: MCD43A4.A2024127.h10v04.061.2024157215219. Error: ./modis/ST2024IA0001/2024-05-12/MCD43A4.A2024127.h10v04.061.2024157215219_Nadir_Reflectance_Band7.tif: No such file or directory
2025-08-22 18:04:40,950 INFO GDAL signalled an error: err_no=1, msg='Attempt to create 2x0 dataset is illegal,sizes must be larger than zero.'
2025-08-22 18:04:40,951 ERROR Failed to download or crop band: Nadir_Reflectance_Band1 for scene: MCD43A4.A2024127.h10v04.061.2024136051637. Error: Attempt to create 2x0 dataset is illegal,sizes must be larger than zero.
2025-08-22 18:05:29,913 INFO GDAL signalled an error: err_no=1, msg='Attempt to create 2x0 dataset is illegal,sizes must be larger than zero.'
2025-08-22 18:05:29,914 ERROR Failed to download or crop band: Nadir_Reflectance_Band2 for scene: MCD43A4.A2024127.h10v04.061.2024136051637. Error: Attempt to create 2x0 dataset is illegal,sizes must be larger than zero.
2025-08-22 18:06:31,420 INFO GDAL signalled an error: err_no=1, msg='Attempt to create 2x0 dataset is illegal,sizes must be larger than zero.'
2025-08-22 18:06:31,420 ERROR Failed to download or crop band: Nadir_Reflectance_Band3 for scene: MCD43A4.A2024127.h10v04.061.2024136051637. Error: Attempt to create 2x0 dataset is illegal,sizes must be larger than zero.
2025-08-22 18:07:36,102 INFO GDAL signalled an error: err_no=1, msg='Attempt to create 2x0 dataset is illegal,sizes must be larger than zero.'
2025-08-22 18:07:36,102 ERROR Failed to download or crop band: Nadir_Reflectance_Band4 for scene: MCD43A4.A2024127.h10v04.061.2024136051637. Error: Attempt to create 2x0 dataset is illegal,sizes must be larger than zero.
2025-08-22 18:08:47,330 INFO GDAL signalled an error: err_no=1, msg='Attempt to create 2x0 dataset is illegal,sizes must be larger than zero.'
2025-08-22 18:08:47,330 ERROR Failed to download or crop band: Nadir_Reflectance_Band5 for scene: MCD43A4.A2024127.h10v04.061.2024136051637. Error: Attempt to create 2x0 dataset is illegal,sizes must be larger than zero.
2025-08-22 18:09:58,760 INFO GDAL signalled an error: err_no=1, msg='Attempt to create 2x0 dataset is illegal,sizes must be larger than zero.'
2025-08-22 18:09:58,760 ERROR Failed to download or crop band: Nadir_Reflectance_Band6 for scene: MCD43A4.A2024127.h10v04.061.2024136051637. Error: Attempt to create 2x0 dataset is illegal,sizes must be larger than zero.
2025-08-22 18:10:56,009 INFO GDAL signalled an error: err_no=1, msg='Attempt to create 2x0 dataset is illegal,sizes must be larger than zero.'
2025-08-22 18:10:56,009 ERROR Failed to download or crop band: Nadir_Reflectance_Band7 for scene: MCD43A4.A2024127.h10v04.061.2024136051637. Error: Attempt to create 2x0 dataset is illegal,sizes must be larger than zero.
2025-08-22 18:12:07,644 INFO GDAL signalled an error: err_no=1, msg='Attempt to create 2x0 dataset is illegal,sizes must be larger than zero.'
2025-08-22 18:12:07,645 ERROR Failed to download or crop band: Nadir_Reflectance_Band1 for scene: MCD43A4.A2024126.h10v04.061.2024157212217. Error: Attempt to create 2x0 dataset is illegal,sizes must be larger than zero.
2025-08-22 18:13:32,254 INFO GDAL signalled an error: err_no=1, msg='Attempt to create 2x0 dataset is illegal,sizes must be larger than zero.'
2025-08-22 18:13:32,254 ERROR Failed to download or crop band: Nadir_Reflectance_Band2 for scene: MCD43A4.A2024126.h10v04.061.2024157212217. Error: Attempt to create 2x0 dataset is illegal,sizes must be larger than zero.
2025-08-22 18:14:17,112 INFO GDAL signalled an error: err_no=1, msg='Attempt to create 2x0 dataset is illegal,sizes must be larger than zero.'
2025-08-22 18:14:17,112 ERROR Failed to download or crop band: Nadir_Reflectance_Band3 for scene: MCD43A4.A2024126.h10v04.061.2024157212217. Error: Attempt to create 2x0 dataset is illegal,sizes must be larger than zero.
2025-08-22 18:15:24,491 INFO GDAL signalled an error: err_no=1, msg='Attempt to create 2x0 dataset is illegal,sizes must be larger than zero.'
2025-08-22 18:15:24,491 ERROR Failed to download or crop band: Nadir_Reflectance_Band4 for scene: MCD43A4.A2024126.h10v04.061.2024157212217. Error: Attempt to create 2x0 dataset is illegal,sizes must be larger than zero.
2025-08-22 18:16:44,544 INFO GDAL signalled an error: err_no=1, msg='Attempt to create 2x0 dataset is illegal,sizes must be larger than zero.'
2025-08-22 18:16:44,545 ERROR Failed to download or crop band: Nadir_Reflectance_Band5 for scene: MCD43A4.A2024126.h10v04.061.2024157212217. Error: Attempt to create 2x0 dataset is illegal,sizes must be larger than zero.
2025-08-22 18:17:37,689 INFO GDAL signalled an error: err_no=1, msg='Attempt to create 2x0 dataset is illegal,sizes must be larger than zero.'
2025-08-22 18:17:37,689 ERROR Failed to download or crop band: Nadir_Reflectance_Band6 for scene: MCD43A4.A2024126.h10v04.061.2024157212217. Error: Attempt to create 2x0 dataset is illegal,sizes must be larger than zero.
2025-08-22 18:18:44,535 INFO GDAL signalled an error: err_no=1, msg='Attempt to create 2x0 dataset is illegal,sizes must be larger than zero.'
2025-08-22 18:18:44,535 ERROR Failed to download or crop band: Nadir_Reflectance_Band7 for scene: MCD43A4.A2024126.h10v04.061.2024157212217. Error: Attempt to create 2x0 dataset is illegal,sizes must be larger than zero.
2025-08-22 18:19:49,479 INFO GDAL signalled an error: err_no=1, msg='Attempt to create 2x0 dataset is illegal,sizes must be larger than zero.'
2025-08-22 18:19:49,479 ERROR Failed to download or crop band: Nadir_Reflectance_Band1 for scene: MCD43A4.A2024126.h10v04.061.2024135040227. Error: Attempt to create 2x0 dataset is illegal,sizes must be larger than zero.
2025-08-22 18:20:59,271 INFO GDAL signalled an error: err_no=1, msg='Attempt to create 2x0 dataset is illegal,sizes must be larger than zero.'
2025-08-22 18:20:59,271 ERROR Failed to download or crop band: Nadir_Reflectance_Band2 for scene: MCD43A4.A2024126.h10v04.061.2024135040227. Error: Attempt to create 2x0 dataset is illegal,sizes must be larger than zero.
2025-08-22 18:21:52,128 INFO GDAL signalled an error: err_no=1, msg='Attempt to create 2x0 dataset is illegal,sizes must be larger than zero.'
2025-08-22 18:21:52,128 ERROR Failed to download or crop band: Nadir_Reflectance_Band3 for scene: MCD43A4.A2024126.h10v04.061.2024135040227. Error: Attempt to create 2x0 dataset is illegal,sizes must be larger than zero.
2025-08-22 18:22:43,288 INFO GDAL signalled an error: err_no=1, msg='Attempt to create 2x0 dataset is illegal,sizes must be larger than zero.'
2025-08-22 18:22:43,289 ERROR Failed to download or crop band: Nadir_Reflectance_Band4 for scene: MCD43A4.A2024126.h10v04.061.2024135040227. Error: Attempt to create 2x0 dataset is illegal,sizes must be larger than zero.
2025-08-22 18:23:35,982 INFO GDAL signalled an error: err_no=1, msg='Attempt to create 2x0 dataset is illegal,sizes must be larger than zero.'
2025-08-22 18:23:35,982 ERROR Failed to download or crop band: Nadir_Reflectance_Band5 for scene: MCD43A4.A2024126.h10v04.061.2024135040227. Error: Attempt to create 2x0 dataset is illegal,sizes must be larger than zero.
2025-08-22 18:24:54,027 INFO GDAL signalled an error: err_no=1, msg='Attempt to create 2x0 dataset is illegal,sizes must be larger than zero.'
2025-08-22 18:24:54,027 ERROR Failed to download or crop band: Nadir_Reflectance_Band6 for scene: MCD43A4.A2024126.h10v04.061.2024135040227. Error: Attempt to create 2x0 dataset is illegal,sizes must be larger than zero.
2025-08-22 18:26:02,755 INFO GDAL signalled an error: err_no=1, msg='Attempt to create 2x0 dataset is illegal,sizes must be larger than zero.'
2025-08-22 18:26:02,756 ERROR Failed to download or crop band: Nadir_Reflectance_Band7 for scene: MCD43A4.A2024126.h10v04.061.2024135040227. Error: Attempt to create 2x0 dataset is illegal,sizes must be larger than zero.
2025-08-22 18:26:02,756 INFO Downloaded and cropped MODIS NBAR images for the date range: 2024-05-12 to 2024-05-18
2025-08-22 18:27:00,134 INFO GDAL signalled an error: err_no=1, msg='Attempt to create 2x0 dataset is illegal,sizes must be larger than zero.'
2025-08-22 18:27:00,134 ERROR Failed to download or crop band: Nadir_Reflectance_Band1 for scene: MCD43A4.A2024146.h10v04.061.2024156100333. Error: Attempt to create 2x0 dataset is illegal,sizes must be larger than zero.
2025-08-22 18:28:10,246 INFO GDAL signalled an error: err_no=1, msg='Attempt to create 2x0 dataset is illegal,sizes must be larger than zero.'
2025-08-22 18:28:10,246 ERROR Failed to download or crop band: Nadir_Reflectance_Band2 for scene: MCD43A4.A2024146.h10v04.061.2024156100333. Error: Attempt to create 2x0 dataset is illegal,sizes must be larger than zero.
2025-08-22 18:29:20,556 INFO GDAL signalled an error: err_no=1, msg='Attempt to create 2x0 dataset is illegal,sizes must be larger than zero.'
2025-08-22 18:29:20,556 ERROR Failed to download or crop band: Nadir_Reflectance_Band3 for scene: MCD43A4.A2024146.h10v04.061.2024156100333. Error: Attempt to create 2x0 dataset is illegal,sizes must be larger than zero.
2025-08-22 18:30:22,760 INFO GDAL signalled an error: err_no=1, msg='Attempt to create 2x0 dataset is illegal,sizes must be larger than zero.'
2025-08-22 18:30:22,761 ERROR Failed to download or crop band: Nadir_Reflectance_Band4 for scene: MCD43A4.A2024146.h10v04.061.2024156100333. Error: Attempt to create 2x0 dataset is illegal,sizes must be larger than zero.
2025-08-22 18:31:29,793 INFO GDAL signalled an error: err_no=1, msg='Attempt to create 2x0 dataset is illegal,sizes must be larger than zero.'
2025-08-22 18:31:29,793 ERROR Failed to download or crop band: Nadir_Reflectance_Band5 for scene: MCD43A4.A2024146.h10v04.061.2024156100333. Error: Attempt to create 2x0 dataset is illegal,sizes must be larger than zero.
2025-08-22 18:32:07,144 INFO GDAL signalled an error: err_no=1, msg='Attempt to create 2x0 dataset is illegal,sizes must be larger than zero.'
2025-08-22 18:32:07,145 ERROR Failed to download or crop band: Nadir_Reflectance_Band6 for scene: MCD43A4.A2024146.h10v04.061.2024156100333. Error: Attempt to create 2x0 dataset is illegal,sizes must be larger than zero.
2025-08-22 18:33:09,217 INFO GDAL signalled an error: err_no=1, msg='Attempt to create 2x0 dataset is illegal,sizes must be larger than zero.'
2025-08-22 18:33:09,218 ERROR Failed to download or crop band: Nadir_Reflectance_Band7 for scene: MCD43A4.A2024146.h10v04.061.2024156100333. Error: Attempt to create 2x0 dataset is illegal,sizes must be larger than zero.
2025-08-22 18:34:25,969 INFO GDAL signalled an error: err_no=1, msg='Attempt to create 2x0 dataset is illegal,sizes must be larger than zero.'
2025-08-22 18:34:25,969 ERROR Failed to download or crop band: Nadir_Reflectance_Band1 for scene: MCD43A4.A2024145.h10v04.061.2024156090009. Error: Attempt to create 2x0 dataset is illegal,sizes must be larger than zero.
2025-08-22 18:35:29,423 INFO GDAL signalled an error: err_no=1, msg='Attempt to create 2x0 dataset is illegal,sizes must be larger than zero.'
2025-08-22 18:35:29,423 ERROR Failed to download or crop band: Nadir_Reflectance_Band2 for scene: MCD43A4.A2024145.h10v04.061.2024156090009. Error: Attempt to create 2x0 dataset is illegal,sizes must be larger than zero.
2025-08-22 18:36:32,181 INFO GDAL signalled an error: err_no=1, msg='Attempt to create 2x0 dataset is illegal,sizes must be larger than zero.'
2025-08-22 18:36:32,181 ERROR Failed to download or crop band: Nadir_Reflectance_Band3 for scene: MCD43A4.A2024145.h10v04.061.2024156090009. Error: Attempt to create 2x0 dataset is illegal,sizes must be larger than zero.
2025-08-22 18:37:39,119 INFO GDAL signalled an error: err_no=1, msg='Attempt to create 2x0 dataset is illegal,sizes must be larger than zero.'
2025-08-22 18:37:39,119 ERROR Failed to download or crop band: Nadir_Reflectance_Band4 for scene: MCD43A4.A2024145.h10v04.061.2024156090009. Error: Attempt to create 2x0 dataset is illegal,sizes must be larger than zero.
2025-08-22 18:38:49,865 INFO GDAL signalled an error: err_no=1, msg='Attempt to create 2x0 dataset is illegal,sizes must be larger than zero.'
2025-08-22 18:38:49,865 ERROR Failed to download or crop band: Nadir_Reflectance_Band5 for scene: MCD43A4.A2024145.h10v04.061.2024156090009. Error: Attempt to create 2x0 dataset is illegal,sizes must be larger than zero.
2025-08-22 18:39:41,419 INFO GDAL signalled an error: err_no=1, msg='Attempt to create 2x0 dataset is illegal,sizes must be larger than zero.'
2025-08-22 18:39:41,419 ERROR Failed to download or crop band: Nadir_Reflectance_Band6 for scene: MCD43A4.A2024145.h10v04.061.2024156090009. Error: Attempt to create 2x0 dataset is illegal,sizes must be larger than zero.
2025-08-22 18:40:50,188 INFO GDAL signalled an error: err_no=1, msg='Attempt to create 2x0 dataset is illegal,sizes must be larger than zero.'
2025-08-22 18:40:50,188 ERROR Failed to download or crop band: Nadir_Reflectance_Band7 for scene: MCD43A4.A2024145.h10v04.061.2024156090009. Error: Attempt to create 2x0 dataset is illegal,sizes must be larger than zero.
2025-08-22 18:41:33,483 INFO GDAL signalled an error: err_no=1, msg='Attempt to create 2x0 dataset is illegal,sizes must be larger than zero.'
2025-08-22 18:41:33,483 ERROR Failed to download or crop band: Nadir_Reflectance_Band1 for scene: MCD43A4.A2024144.h10v04.061.2024156074212. Error: Attempt to create 2x0 dataset is illegal,sizes must be larger than zero.
2025-08-22 18:42:39,848 INFO GDAL signalled an error: err_no=1, msg='Attempt to create 2x0 dataset is illegal,sizes must be larger than zero.'
2025-08-22 18:42:39,849 ERROR Failed to download or crop band: Nadir_Reflectance_Band2 for scene: MCD43A4.A2024144.h10v04.061.2024156074212. Error: Attempt to create 2x0 dataset is illegal,sizes must be larger than zero.
2025-08-22 18:43:26,620 INFO GDAL signalled an error: err_no=1, msg='Attempt to create 2x0 dataset is illegal,sizes must be larger than zero.'
2025-08-22 18:43:26,621 ERROR Failed to download or crop band: Nadir_Reflectance_Band3 for scene: MCD43A4.A2024144.h10v04.061.2024156074212. Error: Attempt to create 2x0 dataset is illegal,sizes must be larger than zero.
2025-08-22 18:44:34,059 INFO GDAL signalled an error: err_no=1, msg='Attempt to create 2x0 dataset is illegal,sizes must be larger than zero.'
2025-08-22 18:44:34,059 ERROR Failed to download or crop band: Nadir_Reflectance_Band4 for scene: MCD43A4.A2024144.h10v04.061.2024156074212. Error: Attempt to create 2x0 dataset is illegal,sizes must be larger than zero.
2025-08-22 18:45:28,600 INFO GDAL signalled an error: err_no=1, msg='Attempt to create 2x0 dataset is illegal,sizes must be larger than zero.'
2025-08-22 18:45:28,600 ERROR Failed to download or crop band: Nadir_Reflectance_Band5 for scene: MCD43A4.A2024144.h10v04.061.2024156074212. Error: Attempt to create 2x0 dataset is illegal,sizes must be larger than zero.
2025-08-22 18:46:18,248 INFO GDAL signalled an error: err_no=1, msg='Attempt to create 2x0 dataset is illegal,sizes must be larger than zero.'
2025-08-22 18:46:18,248 ERROR Failed to download or crop band: Nadir_Reflectance_Band6 for scene: MCD43A4.A2024144.h10v04.061.2024156074212. Error: Attempt to create 2x0 dataset is illegal,sizes must be larger than zero.
2025-08-22 18:47:12,167 INFO GDAL signalled an error: err_no=1, msg='Attempt to create 2x0 dataset is illegal,sizes must be larger than zero.'
2025-08-22 18:47:12,167 ERROR Failed to download or crop band: Nadir_Reflectance_Band7 for scene: MCD43A4.A2024144.h10v04.061.2024156074212. Error: Attempt to create 2x0 dataset is illegal,sizes must be larger than zero.
2025-08-22 18:48:22,569 INFO GDAL signalled an error: err_no=1, msg='Attempt to create 2x0 dataset is illegal,sizes must be larger than zero.'
2025-08-22 18:48:22,570 ERROR Failed to download or crop band: Nadir_Reflectance_Band1 for scene: MCD43A4.A2024143.h10v04.061.2024156064823. Error: Attempt to create 2x0 dataset is illegal,sizes must be larger than zero.
2025-08-22 18:49:21,555 INFO GDAL signalled an error: err_no=1, msg='Attempt to create 2x0 dataset is illegal,sizes must be larger than zero.'
2025-08-22 18:49:21,555 ERROR Failed to download or crop band: Nadir_Reflectance_Band2 for scene: MCD43A4.A2024143.h10v04.061.2024156064823. Error: Attempt to create 2x0 dataset is illegal,sizes must be larger than zero.
2025-08-22 18:49:22,052 INFO GDAL signalled an error: err_no=4, msg='./modis/ST2024IA0001/2024-05-19/MCD43A4.A2024143.h10v04.061.2024156064823_Nadir_Reflectance_Band3.tif: No such file or directory'
2025-08-22 18:49:22,052 ERROR Failed to download or crop band: Nadir_Reflectance_Band3 for scene: MCD43A4.A2024143.h10v04.061.2024156064823. Error: ./modis/ST2024IA0001/2024-05-19/MCD43A4.A2024143.h10v04.061.2024156064823_Nadir_Reflectance_Band3.tif: No such file or directory
2025-08-22 18:49:22,570 INFO GDAL signalled an error: err_no=4, msg='./modis/ST2024IA0001/2024-05-19/MCD43A4.A2024143.h10v04.061.2024156064823_Nadir_Reflectance_Band4.tif: No such file or directory'
2025-08-22 18:49:22,570 ERROR Failed to download or crop band: Nadir_Reflectance_Band4 for scene: MCD43A4.A2024143.h10v04.061.2024156064823. Error: ./modis/ST2024IA0001/2024-05-19/MCD43A4.A2024143.h10v04.061.2024156064823_Nadir_Reflectance_Band4.tif: No such file or directory
2025-08-22 18:49:23,064 INFO GDAL signalled an error: err_no=4, msg='./modis/ST2024IA0001/2024-05-19/MCD43A4.A2024143.h10v04.061.2024156064823_Nadir_Reflectance_Band5.tif: No such file or directory'
2025-08-22 18:49:23,064 ERROR Failed to download or crop band: Nadir_Reflectance_Band5 for scene: MCD43A4.A2024143.h10v04.061.2024156064823. Error: ./modis/ST2024IA0001/2024-05-19/MCD43A4.A2024143.h10v04.061.2024156064823_Nadir_Reflectance_Band5.tif: No such file or directory
2025-08-22 18:49:23,559 INFO GDAL signalled an error: err_no=4, msg='./modis/ST2024IA0001/2024-05-19/MCD43A4.A2024143.h10v04.061.2024156064823_Nadir_Reflectance_Band6.tif: No such file or directory'
2025-08-22 18:49:23,560 ERROR Failed to download or crop band: Nadir_Reflectance_Band6 for scene: MCD43A4.A2024143.h10v04.061.2024156064823. Error: ./modis/ST2024IA0001/2024-05-19/MCD43A4.A2024143.h10v04.061.2024156064823_Nadir_Reflectance_Band6.tif: No such file or directory
2025-08-22 18:49:24,057 INFO GDAL signalled an error: err_no=4, msg='./modis/ST2024IA0001/2024-05-19/MCD43A4.A2024143.h10v04.061.2024156064823_Nadir_Reflectance_Band7.tif: No such file or directory'
2025-08-22 18:49:24,057 ERROR Failed to download or crop band: Nadir_Reflectance_Band7 for scene: MCD43A4.A2024143.h10v04.061.2024156064823. Error: ./modis/ST2024IA0001/2024-05-19/MCD43A4.A2024143.h10v04.061.2024156064823_Nadir_Reflectance_Band7.tif: No such file or directory
2025-08-22 18:50:35,334 INFO GDAL signalled an error: err_no=1, msg='Attempt to create 2x0 dataset is illegal,sizes must be larger than zero.'
2025-08-22 18:50:35,334 ERROR Failed to download or crop band: Nadir_Reflectance_Band1 for scene: MCD43A4.A2024142.h10v04.061.2024152022021. Error: Attempt to create 2x0 dataset is illegal,sizes must be larger than zero.
2025-08-22 18:51:57,420 INFO GDAL signalled an error: err_no=1, msg='Attempt to create 2x0 dataset is illegal,sizes must be larger than zero.'
2025-08-22 18:51:57,421 ERROR Failed to download or crop band: Nadir_Reflectance_Band2 for scene: MCD43A4.A2024142.h10v04.061.2024152022021. Error: Attempt to create 2x0 dataset is illegal,sizes must be larger than zero.
2025-08-22 18:52:55,370 INFO GDAL signalled an error: err_no=1, msg='Attempt to create 2x0 dataset is illegal,sizes must be larger than zero.'
2025-08-22 18:52:55,371 ERROR Failed to download or crop band: Nadir_Reflectance_Band3 for scene: MCD43A4.A2024142.h10v04.061.2024152022021. Error: Attempt to create 2x0 dataset is illegal,sizes must be larger than zero.
2025-08-22 18:53:57,252 INFO GDAL signalled an error: err_no=1, msg='Attempt to create 2x0 dataset is illegal,sizes must be larger than zero.'
2025-08-22 18:53:57,253 ERROR Failed to download or crop band: Nadir_Reflectance_Band4 for scene: MCD43A4.A2024142.h10v04.061.2024152022021. Error: Attempt to create 2x0 dataset is illegal,sizes must be larger than zero.
2025-08-22 18:55:15,144 INFO GDAL signalled an error: err_no=1, msg='Attempt to create 2x0 dataset is illegal,sizes must be larger than zero.'
2025-08-22 18:55:15,144 ERROR Failed to download or crop band: Nadir_Reflectance_Band5 for scene: MCD43A4.A2024142.h10v04.061.2024152022021. Error: Attempt to create 2x0 dataset is illegal,sizes must be larger than zero.
2025-08-22 18:56:24,092 INFO GDAL signalled an error: err_no=1, msg='Attempt to create 2x0 dataset is illegal,sizes must be larger than zero.'
2025-08-22 18:56:24,092 ERROR Failed to download or crop band: Nadir_Reflectance_Band6 for scene: MCD43A4.A2024142.h10v04.061.2024152022021. Error: Attempt to create 2x0 dataset is illegal,sizes must be larger than zero.
2025-08-22 18:57:39,218 INFO GDAL signalled an error: err_no=1, msg='Attempt to create 2x0 dataset is illegal,sizes must be larger than zero.'
2025-08-22 18:57:39,218 ERROR Failed to download or crop band: Nadir_Reflectance_Band7 for scene: MCD43A4.A2024142.h10v04.061.2024152022021. Error: Attempt to create 2x0 dataset is illegal,sizes must be larger than zero.
2025-08-22 18:58:45,877 INFO GDAL signalled an error: err_no=1, msg='Attempt to create 2x0 dataset is illegal,sizes must be larger than zero.'
2025-08-22 18:58:45,878 ERROR Failed to download or crop band: Nadir_Reflectance_Band1 for scene: MCD43A4.A2024141.h10v04.061.2024152014506. Error: Attempt to create 2x0 dataset is illegal,sizes must be larger than zero.
2025-08-22 18:59:51,220 INFO GDAL signalled an error: err_no=1, msg='Attempt to create 2x0 dataset is illegal,sizes must be larger than zero.'
2025-08-22 18:59:51,221 ERROR Failed to download or crop band: Nadir_Reflectance_Band2 for scene: MCD43A4.A2024141.h10v04.061.2024152014506. Error: Attempt to create 2x0 dataset is illegal,sizes must be larger than zero.
2025-08-22 19:01:03,319 INFO GDAL signalled an error: err_no=1, msg='Attempt to create 2x0 dataset is illegal,sizes must be larger than zero.'
2025-08-22 19:01:03,320 ERROR Failed to download or crop band: Nadir_Reflectance_Band3 for scene: MCD43A4.A2024141.h10v04.061.2024152014506. Error: Attempt to create 2x0 dataset is illegal,sizes must be larger than zero.
2025-08-22 19:02:09,514 INFO GDAL signalled an error: err_no=1, msg='Attempt to create 2x0 dataset is illegal,sizes must be larger than zero.'
2025-08-22 19:02:09,514 ERROR Failed to download or crop band: Nadir_Reflectance_Band4 for scene: MCD43A4.A2024141.h10v04.061.2024152014506. Error: Attempt to create 2x0 dataset is illegal,sizes must be larger than zero.
2025-08-22 19:03:21,993 INFO GDAL signalled an error: err_no=1, msg='Attempt to create 2x0 dataset is illegal,sizes must be larger than zero.'
2025-08-22 19:03:21,993 ERROR Failed to download or crop band: Nadir_Reflectance_Band5 for scene: MCD43A4.A2024141.h10v04.061.2024152014506. Error: Attempt to create 2x0 dataset is illegal,sizes must be larger than zero.
2025-08-22 19:04:29,143 INFO GDAL signalled an error: err_no=1, msg='Attempt to create 2x0 dataset is illegal,sizes must be larger than zero.'
2025-08-22 19:04:29,143 ERROR Failed to download or crop band: Nadir_Reflectance_Band6 for scene: MCD43A4.A2024141.h10v04.061.2024152014506. Error: Attempt to create 2x0 dataset is illegal,sizes must be larger than zero.
2025-08-22 19:05:45,067 INFO GDAL signalled an error: err_no=1, msg='Attempt to create 2x0 dataset is illegal,sizes must be larger than zero.'
2025-08-22 19:05:45,067 ERROR Failed to download or crop band: Nadir_Reflectance_Band7 for scene: MCD43A4.A2024141.h10v04.061.2024152014506. Error: Attempt to create 2x0 dataset is illegal,sizes must be larger than zero.
2025-08-22 19:06:52,821 INFO GDAL signalled an error: err_no=1, msg='Attempt to create 2x0 dataset is illegal,sizes must be larger than zero.'
2025-08-22 19:06:52,821 ERROR Failed to download or crop band: Nadir_Reflectance_Band1 for scene: MCD43A4.A2024140.h10v04.061.2024149060009. Error: Attempt to create 2x0 dataset is illegal,sizes must be larger than zero.
2025-08-22 19:08:18,756 INFO GDAL signalled an error: err_no=1, msg='Attempt to create 2x0 dataset is illegal,sizes must be larger than zero.'
2025-08-22 19:08:18,756 ERROR Failed to download or crop band: Nadir_Reflectance_Band2 for scene: MCD43A4.A2024140.h10v04.061.2024149060009. Error: Attempt to create 2x0 dataset is illegal,sizes must be larger than zero.
2025-08-22 19:09:20,289 INFO GDAL signalled an error: err_no=1, msg='Attempt to create 2x0 dataset is illegal,sizes must be larger than zero.'
2025-08-22 19:09:20,289 ERROR Failed to download or crop band: Nadir_Reflectance_Band3 for scene: MCD43A4.A2024140.h10v04.061.2024149060009. Error: Attempt to create 2x0 dataset is illegal,sizes must be larger than zero.
2025-08-22 19:10:25,293 INFO GDAL signalled an error: err_no=1, msg='Attempt to create 2x0 dataset is illegal,sizes must be larger than zero.'
2025-08-22 19:10:25,293 ERROR Failed to download or crop band: Nadir_Reflectance_Band4 for scene: MCD43A4.A2024140.h10v04.061.2024149060009. Error: Attempt to create 2x0 dataset is illegal,sizes must be larger than zero.
2025-08-22 19:11:40,231 INFO GDAL signalled an error: err_no=1, msg='Attempt to create 2x0 dataset is illegal,sizes must be larger than zero.'
2025-08-22 19:11:40,232 ERROR Failed to download or crop band: Nadir_Reflectance_Band5 for scene: MCD43A4.A2024140.h10v04.061.2024149060009. Error: Attempt to create 2x0 dataset is illegal,sizes must be larger than zero.
2025-08-22 19:12:59,831 INFO GDAL signalled an error: err_no=1, msg='Attempt to create 2x0 dataset is illegal,sizes must be larger than zero.'
2025-08-22 19:12:59,832 ERROR Failed to download or crop band: Nadir_Reflectance_Band6 for scene: MCD43A4.A2024140.h10v04.061.2024149060009. Error: Attempt to create 2x0 dataset is illegal,sizes must be larger than zero.
2025-08-22 19:14:05,409 INFO GDAL signalled an error: err_no=1, msg='Attempt to create 2x0 dataset is illegal,sizes must be larger than zero.'
2025-08-22 19:14:05,409 ERROR Failed to download or crop band: Nadir_Reflectance_Band7 for scene: MCD43A4.A2024140.h10v04.061.2024149060009. Error: Attempt to create 2x0 dataset is illegal,sizes must be larger than zero.
2025-08-22 19:14:53,559 INFO GDAL signalled an error: err_no=1, msg='Attempt to create 2x0 dataset is illegal,sizes must be larger than zero.'
2025-08-22 19:14:53,559 ERROR Failed to download or crop band: Nadir_Reflectance_Band1 for scene: MCD43A4.A2024139.h10v04.061.2024148175017. Error: Attempt to create 2x0 dataset is illegal,sizes must be larger than zero.
2025-08-22 19:16:07,989 INFO GDAL signalled an error: err_no=1, msg='Attempt to create 2x0 dataset is illegal,sizes must be larger than zero.'
2025-08-22 19:16:07,989 ERROR Failed to download or crop band: Nadir_Reflectance_Band2 for scene: MCD43A4.A2024139.h10v04.061.2024148175017. Error: Attempt to create 2x0 dataset is illegal,sizes must be larger than zero.
2025-08-22 19:17:16,465 INFO GDAL signalled an error: err_no=1, msg='Attempt to create 2x0 dataset is illegal,sizes must be larger than zero.'
2025-08-22 19:17:16,465 ERROR Failed to download or crop band: Nadir_Reflectance_Band3 for scene: MCD43A4.A2024139.h10v04.061.2024148175017. Error: Attempt to create 2x0 dataset is illegal,sizes must be larger than zero.
2025-08-22 19:18:19,031 INFO GDAL signalled an error: err_no=1, msg='Attempt to create 2x0 dataset is illegal,sizes must be larger than zero.'
2025-08-22 19:18:19,031 ERROR Failed to download or crop band: Nadir_Reflectance_Band4 for scene: MCD43A4.A2024139.h10v04.061.2024148175017. Error: Attempt to create 2x0 dataset is illegal,sizes must be larger than zero.
2025-08-22 19:19:20,110 INFO GDAL signalled an error: err_no=1, msg='Attempt to create 2x0 dataset is illegal,sizes must be larger than zero.'
2025-08-22 19:19:20,110 ERROR Failed to download or crop band: Nadir_Reflectance_Band5 for scene: MCD43A4.A2024139.h10v04.061.2024148175017. Error: Attempt to create 2x0 dataset is illegal,sizes must be larger than zero.
2025-08-22 19:20:33,467 INFO GDAL signalled an error: err_no=1, msg='Attempt to create 2x0 dataset is illegal,sizes must be larger than zero.'
2025-08-22 19:20:33,468 ERROR Failed to download or crop band: Nadir_Reflectance_Band6 for scene: MCD43A4.A2024139.h10v04.061.2024148175017. Error: Attempt to create 2x0 dataset is illegal,sizes must be larger than zero.
2025-08-22 19:21:36,202 INFO GDAL signalled an error: err_no=1, msg='Attempt to create 2x0 dataset is illegal,sizes must be larger than zero.'
2025-08-22 19:21:36,202 ERROR Failed to download or crop band: Nadir_Reflectance_Band7 for scene: MCD43A4.A2024139.h10v04.061.2024148175017. Error: Attempt to create 2x0 dataset is illegal,sizes must be larger than zero.
2025-08-22 19:22:50,669 INFO GDAL signalled an error: err_no=1, msg='Attempt to create 2x0 dataset is illegal,sizes must be larger than zero.'
2025-08-22 19:22:50,669 ERROR Failed to download or crop band: Nadir_Reflectance_Band1 for scene: MCD43A4.A2024138.h10v04.061.2024147034745. Error: Attempt to create 2x0 dataset is illegal,sizes must be larger than zero.
2025-08-22 19:24:02,212 INFO GDAL signalled an error: err_no=1, msg='Attempt to create 2x0 dataset is illegal,sizes must be larger than zero.'
2025-08-22 19:24:02,213 ERROR Failed to download or crop band: Nadir_Reflectance_Band2 for scene: MCD43A4.A2024138.h10v04.061.2024147034745. Error: Attempt to create 2x0 dataset is illegal,sizes must be larger than zero.
2025-08-22 19:25:15,419 INFO GDAL signalled an error: err_no=1, msg='Attempt to create 2x0 dataset is illegal,sizes must be larger than zero.'
2025-08-22 19:25:15,420 ERROR Failed to download or crop band: Nadir_Reflectance_Band3 for scene: MCD43A4.A2024138.h10v04.061.2024147034745. Error: Attempt to create 2x0 dataset is illegal,sizes must be larger than zero.
2025-08-22 19:26:21,749 INFO GDAL signalled an error: err_no=1, msg='Attempt to create 2x0 dataset is illegal,sizes must be larger than zero.'
2025-08-22 19:26:21,749 ERROR Failed to download or crop band: Nadir_Reflectance_Band4 for scene: MCD43A4.A2024138.h10v04.061.2024147034745. Error: Attempt to create 2x0 dataset is illegal,sizes must be larger than zero.
2025-08-22 19:27:16,948 INFO GDAL signalled an error: err_no=1, msg='Attempt to create 2x0 dataset is illegal,sizes must be larger than zero.'
2025-08-22 19:27:16,948 ERROR Failed to download or crop band: Nadir_Reflectance_Band5 for scene: MCD43A4.A2024138.h10v04.061.2024147034745. Error: Attempt to create 2x0 dataset is illegal,sizes must be larger than zero.
2025-08-22 19:28:00,017 INFO GDAL signalled an error: err_no=1, msg='Attempt to create 2x0 dataset is illegal,sizes must be larger than zero.'
2025-08-22 19:28:00,017 ERROR Failed to download or crop band: Nadir_Reflectance_Band6 for scene: MCD43A4.A2024138.h10v04.061.2024147034745. Error: Attempt to create 2x0 dataset is illegal,sizes must be larger than zero.
2025-08-22 19:28:53,429 INFO GDAL signalled an error: err_no=1, msg='Attempt to create 2x0 dataset is illegal,sizes must be larger than zero.'
2025-08-22 19:28:53,429 ERROR Failed to download or crop band: Nadir_Reflectance_Band7 for scene: MCD43A4.A2024138.h10v04.061.2024147034745. Error: Attempt to create 2x0 dataset is illegal,sizes must be larger than zero.
2025-08-22 19:29:56,825 INFO GDAL signalled an error: err_no=1, msg='Attempt to create 2x0 dataset is illegal,sizes must be larger than zero.'
2025-08-22 19:29:56,825 ERROR Failed to download or crop band: Nadir_Reflectance_Band1 for scene: MCD43A4.A2024137.h10v04.061.2024146035316. Error: Attempt to create 2x0 dataset is illegal,sizes must be larger than zero.
2025-08-22 19:31:22,826 INFO GDAL signalled an error: err_no=1, msg='Attempt to create 2x0 dataset is illegal,sizes must be larger than zero.'
2025-08-22 19:31:22,827 ERROR Failed to download or crop band: Nadir_Reflectance_Band2 for scene: MCD43A4.A2024137.h10v04.061.2024146035316. Error: Attempt to create 2x0 dataset is illegal,sizes must be larger than zero.
2025-08-22 19:32:26,063 INFO GDAL signalled an error: err_no=1, msg='Attempt to create 2x0 dataset is illegal,sizes must be larger than zero.'
2025-08-22 19:32:26,064 ERROR Failed to download or crop band: Nadir_Reflectance_Band3 for scene: MCD43A4.A2024137.h10v04.061.2024146035316. Error: Attempt to create 2x0 dataset is illegal,sizes must be larger than zero.
2025-08-22 19:33:05,070 INFO GDAL signalled an error: err_no=1, msg='Attempt to create 2x0 dataset is illegal,sizes must be larger than zero.'
2025-08-22 19:33:05,070 ERROR Failed to download or crop band: Nadir_Reflectance_Band4 for scene: MCD43A4.A2024137.h10v04.061.2024146035316. Error: Attempt to create 2x0 dataset is illegal,sizes must be larger than zero.
2025-08-22 19:34:02,170 INFO GDAL signalled an error: err_no=1, msg='Attempt to create 2x0 dataset is illegal,sizes must be larger than zero.'
2025-08-22 19:34:02,170 ERROR Failed to download or crop band: Nadir_Reflectance_Band5 for scene: MCD43A4.A2024137.h10v04.061.2024146035316. Error: Attempt to create 2x0 dataset is illegal,sizes must be larger than zero.
2025-08-22 19:35:06,429 INFO GDAL signalled an error: err_no=1, msg='Attempt to create 2x0 dataset is illegal,sizes must be larger than zero.'
2025-08-22 19:35:06,429 ERROR Failed to download or crop band: Nadir_Reflectance_Band6 for scene: MCD43A4.A2024137.h10v04.061.2024146035316. Error: Attempt to create 2x0 dataset is illegal,sizes must be larger than zero.
2025-08-22 19:35:06,954 INFO GDAL signalled an error: err_no=4, msg='./modis/ST2024IA0001/2024-05-19/MCD43A4.A2024137.h10v04.061.2024146035316_Nadir_Reflectance_Band7.tif: No such file or directory'
2025-08-22 19:35:06,955 ERROR Failed to download or crop band: Nadir_Reflectance_Band7 for scene: MCD43A4.A2024137.h10v04.061.2024146035316. Error: ./modis/ST2024IA0001/2024-05-19/MCD43A4.A2024137.h10v04.061.2024146035316_Nadir_Reflectance_Band7.tif: No such file or directory
2025-08-22 19:36:16,035 INFO GDAL signalled an error: err_no=1, msg='Attempt to create 2x0 dataset is illegal,sizes must be larger than zero.'
2025-08-22 19:36:16,036 ERROR Failed to download or crop band: Nadir_Reflectance_Band1 for scene: MCD43A4.A2024136.h10v04.061.2024158053428. Error: Attempt to create 2x0 dataset is illegal,sizes must be larger than zero.
2025-08-22 19:36:46,757 INFO GDAL signalled an error: err_no=1, msg='Attempt to create 2x0 dataset is illegal,sizes must be larger than zero.'
2025-08-22 19:36:46,758 ERROR Failed to download or crop band: Nadir_Reflectance_Band2 for scene: MCD43A4.A2024136.h10v04.061.2024158053428. Error: Attempt to create 2x0 dataset is illegal,sizes must be larger than zero.
2025-08-22 19:37:44,544 INFO GDAL signalled an error: err_no=1, msg='Attempt to create 2x0 dataset is illegal,sizes must be larger than zero.'
2025-08-22 19:37:44,544 ERROR Failed to download or crop band: Nadir_Reflectance_Band3 for scene: MCD43A4.A2024136.h10v04.061.2024158053428. Error: Attempt to create 2x0 dataset is illegal,sizes must be larger than zero.
2025-08-22 19:38:52,301 INFO GDAL signalled an error: err_no=1, msg='Attempt to create 2x0 dataset is illegal,sizes must be larger than zero.'
2025-08-22 19:38:52,301 ERROR Failed to download or crop band: Nadir_Reflectance_Band4 for scene: MCD43A4.A2024136.h10v04.061.2024158053428. Error: Attempt to create 2x0 dataset is illegal,sizes must be larger than zero.
2025-08-22 19:40:02,516 INFO GDAL signalled an error: err_no=1, msg='Attempt to create 2x0 dataset is illegal,sizes must be larger than zero.'
2025-08-22 19:40:02,517 ERROR Failed to download or crop band: Nadir_Reflectance_Band5 for scene: MCD43A4.A2024136.h10v04.061.2024158053428. Error: Attempt to create 2x0 dataset is illegal,sizes must be larger than zero.
2025-08-22 19:41:07,539 INFO GDAL signalled an error: err_no=1, msg='Attempt to create 2x0 dataset is illegal,sizes must be larger than zero.'
2025-08-22 19:41:07,540 ERROR Failed to download or crop band: Nadir_Reflectance_Band6 for scene: MCD43A4.A2024136.h10v04.061.2024158053428. Error: Attempt to create 2x0 dataset is illegal,sizes must be larger than zero.
2025-08-22 19:42:29,138 INFO GDAL signalled an error: err_no=1, msg='Attempt to create 2x0 dataset is illegal,sizes must be larger than zero.'
2025-08-22 19:42:29,138 ERROR Failed to download or crop band: Nadir_Reflectance_Band7 for scene: MCD43A4.A2024136.h10v04.061.2024158053428. Error: Attempt to create 2x0 dataset is illegal,sizes must be larger than zero.
2025-08-22 19:43:10,625 INFO GDAL signalled an error: err_no=1, msg='Attempt to create 2x0 dataset is illegal,sizes must be larger than zero.'
2025-08-22 19:43:10,626 ERROR Failed to download or crop band: Nadir_Reflectance_Band1 for scene: MCD43A4.A2024136.h10v04.061.2024145045202. Error: Attempt to create 2x0 dataset is illegal,sizes must be larger than zero.
2025-08-22 19:44:05,366 INFO GDAL signalled an error: err_no=1, msg='Attempt to create 2x0 dataset is illegal,sizes must be larger than zero.'
2025-08-22 19:44:05,367 ERROR Failed to download or crop band: Nadir_Reflectance_Band2 for scene: MCD43A4.A2024136.h10v04.061.2024145045202. Error: Attempt to create 2x0 dataset is illegal,sizes must be larger than zero.
2025-08-22 19:45:15,292 INFO GDAL signalled an error: err_no=1, msg='Attempt to create 2x0 dataset is illegal,sizes must be larger than zero.'
2025-08-22 19:45:15,293 ERROR Failed to download or crop band: Nadir_Reflectance_Band3 for scene: MCD43A4.A2024136.h10v04.061.2024145045202. Error: Attempt to create 2x0 dataset is illegal,sizes must be larger than zero.
2025-08-22 19:46:11,792 INFO GDAL signalled an error: err_no=1, msg='Attempt to create 2x0 dataset is illegal,sizes must be larger than zero.'
2025-08-22 19:46:11,792 ERROR Failed to download or crop band: Nadir_Reflectance_Band4 for scene: MCD43A4.A2024136.h10v04.061.2024145045202. Error: Attempt to create 2x0 dataset is illegal,sizes must be larger than zero.
2025-08-22 19:47:20,286 INFO GDAL signalled an error: err_no=1, msg='Attempt to create 2x0 dataset is illegal,sizes must be larger than zero.'
2025-08-22 19:47:20,286 ERROR Failed to download or crop band: Nadir_Reflectance_Band5 for scene: MCD43A4.A2024136.h10v04.061.2024145045202. Error: Attempt to create 2x0 dataset is illegal,sizes must be larger than zero.
2025-08-22 19:48:38,947 INFO GDAL signalled an error: err_no=1, msg='Attempt to create 2x0 dataset is illegal,sizes must be larger than zero.'
2025-08-22 19:48:38,948 ERROR Failed to download or crop band: Nadir_Reflectance_Band6 for scene: MCD43A4.A2024136.h10v04.061.2024145045202. Error: Attempt to create 2x0 dataset is illegal,sizes must be larger than zero.
2025-08-22 19:49:46,956 INFO GDAL signalled an error: err_no=1, msg='Attempt to create 2x0 dataset is illegal,sizes must be larger than zero.'
2025-08-22 19:49:46,956 ERROR Failed to download or crop band: Nadir_Reflectance_Band7 for scene: MCD43A4.A2024136.h10v04.061.2024145045202. Error: Attempt to create 2x0 dataset is illegal,sizes must be larger than zero.
2025-08-22 19:50:36,368 INFO GDAL signalled an error: err_no=1, msg='Attempt to create 2x0 dataset is illegal,sizes must be larger than zero.'
2025-08-22 19:50:36,369 ERROR Failed to download or crop band: Nadir_Reflectance_Band1 for scene: MCD43A4.A2024135.h10v04.061.2024158045451. Error: Attempt to create 2x0 dataset is illegal,sizes must be larger than zero.
2025-08-22 19:51:44,469 INFO GDAL signalled an error: err_no=1, msg='Attempt to create 2x0 dataset is illegal,sizes must be larger than zero.'
2025-08-22 19:51:44,470 ERROR Failed to download or crop band: Nadir_Reflectance_Band2 for scene: MCD43A4.A2024135.h10v04.061.2024158045451. Error: Attempt to create 2x0 dataset is illegal,sizes must be larger than zero.
2025-08-22 19:52:53,816 INFO GDAL signalled an error: err_no=1, msg='Attempt to create 2x0 dataset is illegal,sizes must be larger than zero.'
2025-08-22 19:52:53,816 ERROR Failed to download or crop band: Nadir_Reflectance_Band3 for scene: MCD43A4.A2024135.h10v04.061.2024158045451. Error: Attempt to create 2x0 dataset is illegal,sizes must be larger than zero.
2025-08-22 19:54:08,095 INFO GDAL signalled an error: err_no=1, msg='Attempt to create 2x0 dataset is illegal,sizes must be larger than zero.'
2025-08-22 19:54:08,095 ERROR Failed to download or crop band: Nadir_Reflectance_Band4 for scene: MCD43A4.A2024135.h10v04.061.2024158045451. Error: Attempt to create 2x0 dataset is illegal,sizes must be larger than zero.
2025-08-22 19:55:22,963 INFO GDAL signalled an error: err_no=1, msg='Attempt to create 2x0 dataset is illegal,sizes must be larger than zero.'
2025-08-22 19:55:22,963 ERROR Failed to download or crop band: Nadir_Reflectance_Band5 for scene: MCD43A4.A2024135.h10v04.061.2024158045451. Error: Attempt to create 2x0 dataset is illegal,sizes must be larger than zero.
2025-08-22 19:56:26,438 INFO GDAL signalled an error: err_no=1, msg='Attempt to create 2x0 dataset is illegal,sizes must be larger than zero.'
2025-08-22 19:56:26,438 ERROR Failed to download or crop band: Nadir_Reflectance_Band6 for scene: MCD43A4.A2024135.h10v04.061.2024158045451. Error: Attempt to create 2x0 dataset is illegal,sizes must be larger than zero.
2025-08-22 19:57:33,325 INFO GDAL signalled an error: err_no=1, msg='Attempt to create 2x0 dataset is illegal,sizes must be larger than zero.'
2025-08-22 19:57:33,325 ERROR Failed to download or crop band: Nadir_Reflectance_Band7 for scene: MCD43A4.A2024135.h10v04.061.2024158045451. Error: Attempt to create 2x0 dataset is illegal,sizes must be larger than zero.
2025-08-22 19:58:35,781 INFO GDAL signalled an error: err_no=1, msg='Attempt to create 2x0 dataset is illegal,sizes must be larger than zero.'
2025-08-22 19:58:35,781 ERROR Failed to download or crop band: Nadir_Reflectance_Band1 for scene: MCD43A4.A2024135.h10v04.061.2024144053322. Error: Attempt to create 2x0 dataset is illegal,sizes must be larger than zero.
2025-08-22 19:59:44,547 INFO GDAL signalled an error: err_no=1, msg='Attempt to create 2x0 dataset is illegal,sizes must be larger than zero.'
2025-08-22 19:59:44,547 ERROR Failed to download or crop band: Nadir_Reflectance_Band2 for scene: MCD43A4.A2024135.h10v04.061.2024144053322. Error: Attempt to create 2x0 dataset is illegal,sizes must be larger than zero.
2025-08-22 20:00:51,825 INFO GDAL signalled an error: err_no=1, msg='Attempt to create 2x0 dataset is illegal,sizes must be larger than zero.'
2025-08-22 20:00:51,826 ERROR Failed to download or crop band: Nadir_Reflectance_Band3 for scene: MCD43A4.A2024135.h10v04.061.2024144053322. Error: Attempt to create 2x0 dataset is illegal,sizes must be larger than zero.
2025-08-22 20:01:54,276 INFO GDAL signalled an error: err_no=1, msg='Attempt to create 2x0 dataset is illegal,sizes must be larger than zero.'
2025-08-22 20:01:54,276 ERROR Failed to download or crop band: Nadir_Reflectance_Band4 for scene: MCD43A4.A2024135.h10v04.061.2024144053322. Error: Attempt to create 2x0 dataset is illegal,sizes must be larger than zero.
2025-08-22 20:03:05,086 INFO GDAL signalled an error: err_no=1, msg='Attempt to create 2x0 dataset is illegal,sizes must be larger than zero.'
2025-08-22 20:03:05,087 ERROR Failed to download or crop band: Nadir_Reflectance_Band5 for scene: MCD43A4.A2024135.h10v04.061.2024144053322. Error: Attempt to create 2x0 dataset is illegal,sizes must be larger than zero.
2025-08-22 20:04:12,339 INFO GDAL signalled an error: err_no=1, msg='Attempt to create 2x0 dataset is illegal,sizes must be larger than zero.'
2025-08-22 20:04:12,340 ERROR Failed to download or crop band: Nadir_Reflectance_Band6 for scene: MCD43A4.A2024135.h10v04.061.2024144053322. Error: Attempt to create 2x0 dataset is illegal,sizes must be larger than zero.
2025-08-22 20:05:31,355 INFO GDAL signalled an error: err_no=1, msg='Attempt to create 2x0 dataset is illegal,sizes must be larger than zero.'
2025-08-22 20:05:31,356 ERROR Failed to download or crop band: Nadir_Reflectance_Band7 for scene: MCD43A4.A2024135.h10v04.061.2024144053322. Error: Attempt to create 2x0 dataset is illegal,sizes must be larger than zero.
2025-08-22 20:06:36,637 INFO GDAL signalled an error: err_no=1, msg='Attempt to create 2x0 dataset is illegal,sizes must be larger than zero.'
2025-08-22 20:06:36,637 ERROR Failed to download or crop band: Nadir_Reflectance_Band1 for scene: MCD43A4.A2024134.h10v04.061.2024158042634. Error: Attempt to create 2x0 dataset is illegal,sizes must be larger than zero.
2025-08-22 20:07:20,102 INFO GDAL signalled an error: err_no=1, msg='Attempt to create 2x0 dataset is illegal,sizes must be larger than zero.'
2025-08-22 20:07:20,102 ERROR Failed to download or crop band: Nadir_Reflectance_Band2 for scene: MCD43A4.A2024134.h10v04.061.2024158042634. Error: Attempt to create 2x0 dataset is illegal,sizes must be larger than zero.
2025-08-22 20:08:23,990 INFO GDAL signalled an error: err_no=1, msg='Attempt to create 2x0 dataset is illegal,sizes must be larger than zero.'
2025-08-22 20:08:23,990 ERROR Failed to download or crop band: Nadir_Reflectance_Band3 for scene: MCD43A4.A2024134.h10v04.061.2024158042634. Error: Attempt to create 2x0 dataset is illegal,sizes must be larger than zero.
2025-08-22 20:09:31,994 INFO GDAL signalled an error: err_no=1, msg='Attempt to create 2x0 dataset is illegal,sizes must be larger than zero.'
2025-08-22 20:09:31,994 ERROR Failed to download or crop band: Nadir_Reflectance_Band4 for scene: MCD43A4.A2024134.h10v04.061.2024158042634. Error: Attempt to create 2x0 dataset is illegal,sizes must be larger than zero.
2025-08-22 20:10:41,457 INFO GDAL signalled an error: err_no=1, msg='Attempt to create 2x0 dataset is illegal,sizes must be larger than zero.'
2025-08-22 20:10:41,458 ERROR Failed to download or crop band: Nadir_Reflectance_Band5 for scene: MCD43A4.A2024134.h10v04.061.2024158042634. Error: Attempt to create 2x0 dataset is illegal,sizes must be larger than zero.
2025-08-22 20:11:57,782 INFO GDAL signalled an error: err_no=1, msg='Attempt to create 2x0 dataset is illegal,sizes must be larger than zero.'
2025-08-22 20:11:57,782 ERROR Failed to download or crop band: Nadir_Reflectance_Band6 for scene: MCD43A4.A2024134.h10v04.061.2024158042634. Error: Attempt to create 2x0 dataset is illegal,sizes must be larger than zero.
2025-08-22 20:13:32,531 INFO GDAL signalled an error: err_no=1, msg='Attempt to create 2x0 dataset is illegal,sizes must be larger than zero.'
2025-08-22 20:13:32,531 ERROR Failed to download or crop band: Nadir_Reflectance_Band7 for scene: MCD43A4.A2024134.h10v04.061.2024158042634. Error: Attempt to create 2x0 dataset is illegal,sizes must be larger than zero.
2025-08-22 20:14:36,992 INFO GDAL signalled an error: err_no=1, msg='Attempt to create 2x0 dataset is illegal,sizes must be larger than zero.'
2025-08-22 20:14:36,992 ERROR Failed to download or crop band: Nadir_Reflectance_Band1 for scene: MCD43A4.A2024134.h10v04.061.2024143131231. Error: Attempt to create 2x0 dataset is illegal,sizes must be larger than zero.
2025-08-22 20:15:45,375 INFO GDAL signalled an error: err_no=1, msg='Attempt to create 2x0 dataset is illegal,sizes must be larger than zero.'
2025-08-22 20:15:45,375 ERROR Failed to download or crop band: Nadir_Reflectance_Band2 for scene: MCD43A4.A2024134.h10v04.061.2024143131231. Error: Attempt to create 2x0 dataset is illegal,sizes must be larger than zero.
2025-08-22 20:16:38,101 INFO GDAL signalled an error: err_no=1, msg='Attempt to create 2x0 dataset is illegal,sizes must be larger than zero.'
2025-08-22 20:16:38,101 ERROR Failed to download or crop band: Nadir_Reflectance_Band3 for scene: MCD43A4.A2024134.h10v04.061.2024143131231. Error: Attempt to create 2x0 dataset is illegal,sizes must be larger than zero.
2025-08-22 20:17:47,989 INFO GDAL signalled an error: err_no=1, msg='Attempt to create 2x0 dataset is illegal,sizes must be larger than zero.'
2025-08-22 20:17:47,990 ERROR Failed to download or crop band: Nadir_Reflectance_Band4 for scene: MCD43A4.A2024134.h10v04.061.2024143131231. Error: Attempt to create 2x0 dataset is illegal,sizes must be larger than zero.
2025-08-22 20:18:37,694 INFO GDAL signalled an error: err_no=1, msg='Attempt to create 2x0 dataset is illegal,sizes must be larger than zero.'
2025-08-22 20:18:37,694 ERROR Failed to download or crop band: Nadir_Reflectance_Band5 for scene: MCD43A4.A2024134.h10v04.061.2024143131231. Error: Attempt to create 2x0 dataset is illegal,sizes must be larger than zero.
2025-08-22 20:19:58,832 INFO GDAL signalled an error: err_no=1, msg='Attempt to create 2x0 dataset is illegal,sizes must be larger than zero.'
2025-08-22 20:19:58,833 ERROR Failed to download or crop band: Nadir_Reflectance_Band6 for scene: MCD43A4.A2024134.h10v04.061.2024143131231. Error: Attempt to create 2x0 dataset is illegal,sizes must be larger than zero.
2025-08-22 20:21:05,750 INFO GDAL signalled an error: err_no=1, msg='Attempt to create 2x0 dataset is illegal,sizes must be larger than zero.'
2025-08-22 20:21:05,751 ERROR Failed to download or crop band: Nadir_Reflectance_Band7 for scene: MCD43A4.A2024134.h10v04.061.2024143131231. Error: Attempt to create 2x0 dataset is illegal,sizes must be larger than zero.
2025-08-22 20:22:04,557 INFO GDAL signalled an error: err_no=1, msg='Attempt to create 2x0 dataset is illegal,sizes must be larger than zero.'
2025-08-22 20:22:04,558 ERROR Failed to download or crop band: Nadir_Reflectance_Band1 for scene: MCD43A4.A2024133.h10v04.061.2024158035359. Error: Attempt to create 2x0 dataset is illegal,sizes must be larger than zero.
2025-08-22 20:23:15,618 INFO GDAL signalled an error: err_no=1, msg='Attempt to create 2x0 dataset is illegal,sizes must be larger than zero.'
2025-08-22 20:23:15,618 ERROR Failed to download or crop band: Nadir_Reflectance_Band2 for scene: MCD43A4.A2024133.h10v04.061.2024158035359. Error: Attempt to create 2x0 dataset is illegal,sizes must be larger than zero.
2025-08-22 20:24:27,193 INFO GDAL signalled an error: err_no=1, msg='Attempt to create 2x0 dataset is illegal,sizes must be larger than zero.'
2025-08-22 20:24:27,194 ERROR Failed to download or crop band: Nadir_Reflectance_Band3 for scene: MCD43A4.A2024133.h10v04.061.2024158035359. Error: Attempt to create 2x0 dataset is illegal,sizes must be larger than zero.
2025-08-22 20:25:32,484 INFO GDAL signalled an error: err_no=1, msg='Attempt to create 2x0 dataset is illegal,sizes must be larger than zero.'
2025-08-22 20:25:32,485 ERROR Failed to download or crop band: Nadir_Reflectance_Band4 for scene: MCD43A4.A2024133.h10v04.061.2024158035359. Error: Attempt to create 2x0 dataset is illegal,sizes must be larger than zero.
2025-08-22 20:26:41,257 INFO GDAL signalled an error: err_no=1, msg='Attempt to create 2x0 dataset is illegal,sizes must be larger than zero.'
2025-08-22 20:26:41,258 ERROR Failed to download or crop band: Nadir_Reflectance_Band5 for scene: MCD43A4.A2024133.h10v04.061.2024158035359. Error: Attempt to create 2x0 dataset is illegal,sizes must be larger than zero.
2025-08-22 20:28:00,029 INFO GDAL signalled an error: err_no=1, msg='Attempt to create 2x0 dataset is illegal,sizes must be larger than zero.'
2025-08-22 20:28:00,029 ERROR Failed to download or crop band: Nadir_Reflectance_Band6 for scene: MCD43A4.A2024133.h10v04.061.2024158035359. Error: Attempt to create 2x0 dataset is illegal,sizes must be larger than zero.
2025-08-22 20:29:10,823 INFO GDAL signalled an error: err_no=1, msg='Attempt to create 2x0 dataset is illegal,sizes must be larger than zero.'
2025-08-22 20:29:10,824 ERROR Failed to download or crop band: Nadir_Reflectance_Band7 for scene: MCD43A4.A2024133.h10v04.061.2024158035359. Error: Attempt to create 2x0 dataset is illegal,sizes must be larger than zero.
2025-08-22 20:30:16,563 INFO GDAL signalled an error: err_no=1, msg='Attempt to create 2x0 dataset is illegal,sizes must be larger than zero.'
2025-08-22 20:30:16,563 ERROR Failed to download or crop band: Nadir_Reflectance_Band1 for scene: MCD43A4.A2024133.h10v04.061.2024143110733. Error: Attempt to create 2x0 dataset is illegal,sizes must be larger than zero.
2025-08-22 20:31:33,004 INFO GDAL signalled an error: err_no=1, msg='Attempt to create 2x0 dataset is illegal,sizes must be larger than zero.'
2025-08-22 20:31:33,004 ERROR Failed to download or crop band: Nadir_Reflectance_Band2 for scene: MCD43A4.A2024133.h10v04.061.2024143110733. Error: Attempt to create 2x0 dataset is illegal,sizes must be larger than zero.
2025-08-22 20:32:37,341 INFO GDAL signalled an error: err_no=1, msg='Attempt to create 2x0 dataset is illegal,sizes must be larger than zero.'
2025-08-22 20:32:37,341 ERROR Failed to download or crop band: Nadir_Reflectance_Band3 for scene: MCD43A4.A2024133.h10v04.061.2024143110733. Error: Attempt to create 2x0 dataset is illegal,sizes must be larger than zero.
2025-08-22 20:33:18,781 INFO GDAL signalled an error: err_no=1, msg='Attempt to create 2x0 dataset is illegal,sizes must be larger than zero.'
2025-08-22 20:33:18,782 ERROR Failed to download or crop band: Nadir_Reflectance_Band4 for scene: MCD43A4.A2024133.h10v04.061.2024143110733. Error: Attempt to create 2x0 dataset is illegal,sizes must be larger than zero.
2025-08-22 20:34:27,076 INFO GDAL signalled an error: err_no=1, msg='Attempt to create 2x0 dataset is illegal,sizes must be larger than zero.'
2025-08-22 20:34:27,076 ERROR Failed to download or crop band: Nadir_Reflectance_Band5 for scene: MCD43A4.A2024133.h10v04.061.2024143110733. Error: Attempt to create 2x0 dataset is illegal,sizes must be larger than zero.
2025-08-22 20:35:38,422 INFO GDAL signalled an error: err_no=1, msg='Attempt to create 2x0 dataset is illegal,sizes must be larger than zero.'
2025-08-22 20:35:38,422 ERROR Failed to download or crop band: Nadir_Reflectance_Band6 for scene: MCD43A4.A2024133.h10v04.061.2024143110733. Error: Attempt to create 2x0 dataset is illegal,sizes must be larger than zero.
2025-08-22 20:36:25,920 INFO GDAL signalled an error: err_no=1, msg='Attempt to create 2x0 dataset is illegal,sizes must be larger than zero.'
2025-08-22 20:36:25,921 ERROR Failed to download or crop band: Nadir_Reflectance_Band7 for scene: MCD43A4.A2024133.h10v04.061.2024143110733. Error: Attempt to create 2x0 dataset is illegal,sizes must be larger than zero.
2025-08-22 20:36:25,921 INFO Downloaded and cropped MODIS NBAR images for the date range: 2024-05-19 to 2024-05-25
2025-08-22 20:37:29,694 INFO GDAL signalled an error: err_no=1, msg='Attempt to create 2x0 dataset is illegal,sizes must be larger than zero.'
2025-08-22 20:37:29,694 ERROR Failed to download or crop band: Nadir_Reflectance_Band1 for scene: MCD43A4.A2024153.h10v04.061.2024162181228. Error: Attempt to create 2x0 dataset is illegal,sizes must be larger than zero.
2025-08-22 20:38:36,120 INFO GDAL signalled an error: err_no=1, msg='Attempt to create 2x0 dataset is illegal,sizes must be larger than zero.'
2025-08-22 20:38:36,120 ERROR Failed to download or crop band: Nadir_Reflectance_Band2 for scene: MCD43A4.A2024153.h10v04.061.2024162181228. Error: Attempt to create 2x0 dataset is illegal,sizes must be larger than zero.
2025-08-22 20:39:23,541 INFO GDAL signalled an error: err_no=1, msg='Attempt to create 2x0 dataset is illegal,sizes must be larger than zero.'
2025-08-22 20:39:23,541 ERROR Failed to download or crop band: Nadir_Reflectance_Band3 for scene: MCD43A4.A2024153.h10v04.061.2024162181228. Error: Attempt to create 2x0 dataset is illegal,sizes must be larger than zero.
2025-08-22 20:40:31,361 INFO GDAL signalled an error: err_no=1, msg='Attempt to create 2x0 dataset is illegal,sizes must be larger than zero.'
2025-08-22 20:40:31,361 ERROR Failed to download or crop band: Nadir_Reflectance_Band4 for scene: MCD43A4.A2024153.h10v04.061.2024162181228. Error: Attempt to create 2x0 dataset is illegal,sizes must be larger than zero.
2025-08-22 20:41:51,925 INFO GDAL signalled an error: err_no=1, msg='Attempt to create 2x0 dataset is illegal,sizes must be larger than zero.'
2025-08-22 20:41:51,926 ERROR Failed to download or crop band: Nadir_Reflectance_Band5 for scene: MCD43A4.A2024153.h10v04.061.2024162181228. Error: Attempt to create 2x0 dataset is illegal,sizes must be larger than zero.
2025-08-22 20:43:00,152 INFO GDAL signalled an error: err_no=1, msg='Attempt to create 2x0 dataset is illegal,sizes must be larger than zero.'
2025-08-22 20:43:00,152 ERROR Failed to download or crop band: Nadir_Reflectance_Band6 for scene: MCD43A4.A2024153.h10v04.061.2024162181228. Error: Attempt to create 2x0 dataset is illegal,sizes must be larger than zero.
2025-08-22 20:44:03,226 INFO GDAL signalled an error: err_no=1, msg='Attempt to create 2x0 dataset is illegal,sizes must be larger than zero.'
2025-08-22 20:44:03,226 ERROR Failed to download or crop band: Nadir_Reflectance_Band7 for scene: MCD43A4.A2024153.h10v04.061.2024162181228. Error: Attempt to create 2x0 dataset is illegal,sizes must be larger than zero.
2025-08-22 20:45:02,437 INFO GDAL signalled an error: err_no=1, msg='Attempt to create 2x0 dataset is illegal,sizes must be larger than zero.'
2025-08-22 20:45:02,437 ERROR Failed to download or crop band: Nadir_Reflectance_Band1 for scene: MCD43A4.A2024152.h10v04.061.2024162002146. Error: Attempt to create 2x0 dataset is illegal,sizes must be larger than zero.
2025-08-22 20:46:14,356 INFO GDAL signalled an error: err_no=1, msg='Attempt to create 2x0 dataset is illegal,sizes must be larger than zero.'
2025-08-22 20:46:14,356 ERROR Failed to download or crop band: Nadir_Reflectance_Band2 for scene: MCD43A4.A2024152.h10v04.061.2024162002146. Error: Attempt to create 2x0 dataset is illegal,sizes must be larger than zero.
2025-08-22 20:47:24,718 INFO GDAL signalled an error: err_no=1, msg='Attempt to create 2x0 dataset is illegal,sizes must be larger than zero.'
2025-08-22 20:47:24,718 ERROR Failed to download or crop band: Nadir_Reflectance_Band3 for scene: MCD43A4.A2024152.h10v04.061.2024162002146. Error: Attempt to create 2x0 dataset is illegal,sizes must be larger than zero.
2025-08-22 20:48:36,774 INFO GDAL signalled an error: err_no=1, msg='Attempt to create 2x0 dataset is illegal,sizes must be larger than zero.'
2025-08-22 20:48:36,774 ERROR Failed to download or crop band: Nadir_Reflectance_Band4 for scene: MCD43A4.A2024152.h10v04.061.2024162002146. Error: Attempt to create 2x0 dataset is illegal,sizes must be larger than zero.
2025-08-22 20:49:49,076 INFO GDAL signalled an error: err_no=1, msg='Attempt to create 2x0 dataset is illegal,sizes must be larger than zero.'
2025-08-22 20:49:49,076 ERROR Failed to download or crop band: Nadir_Reflectance_Band5 for scene: MCD43A4.A2024152.h10v04.061.2024162002146. Error: Attempt to create 2x0 dataset is illegal,sizes must be larger than zero.
2025-08-22 20:51:05,448 INFO GDAL signalled an error: err_no=1, msg='Attempt to create 2x0 dataset is illegal,sizes must be larger than zero.'
2025-08-22 20:51:05,448 ERROR Failed to download or crop band: Nadir_Reflectance_Band6 for scene: MCD43A4.A2024152.h10v04.061.2024162002146. Error: Attempt to create 2x0 dataset is illegal,sizes must be larger than zero.
2025-08-22 20:52:14,288 INFO GDAL signalled an error: err_no=1, msg='Attempt to create 2x0 dataset is illegal,sizes must be larger than zero.'
2025-08-22 20:52:14,288 ERROR Failed to download or crop band: Nadir_Reflectance_Band7 for scene: MCD43A4.A2024152.h10v04.061.2024162002146. Error: Attempt to create 2x0 dataset is illegal,sizes must be larger than zero.
2025-08-22 20:53:17,856 INFO GDAL signalled an error: err_no=1, msg='Attempt to create 2x0 dataset is illegal,sizes must be larger than zero.'
2025-08-22 20:53:17,856 ERROR Failed to download or crop band: Nadir_Reflectance_Band1 for scene: MCD43A4.A2024151.h10v04.061.2024160225518. Error: Attempt to create 2x0 dataset is illegal,sizes must be larger than zero.
2025-08-22 20:54:32,998 INFO GDAL signalled an error: err_no=1, msg='Attempt to create 2x0 dataset is illegal,sizes must be larger than zero.'
2025-08-22 20:54:32,999 ERROR Failed to download or crop band: Nadir_Reflectance_Band2 for scene: MCD43A4.A2024151.h10v04.061.2024160225518. Error: Attempt to create 2x0 dataset is illegal,sizes must be larger than zero.
2025-08-22 20:55:37,017 INFO GDAL signalled an error: err_no=1, msg='Attempt to create 2x0 dataset is illegal,sizes must be larger than zero.'
2025-08-22 20:55:37,017 ERROR Failed to download or crop band: Nadir_Reflectance_Band3 for scene: MCD43A4.A2024151.h10v04.061.2024160225518. Error: Attempt to create 2x0 dataset is illegal,sizes must be larger than zero.
2025-08-22 20:56:18,237 INFO GDAL signalled an error: err_no=1, msg='Attempt to create 2x0 dataset is illegal,sizes must be larger than zero.'
2025-08-22 20:56:18,238 ERROR Failed to download or crop band: Nadir_Reflectance_Band4 for scene: MCD43A4.A2024151.h10v04.061.2024160225518. Error: Attempt to create 2x0 dataset is illegal,sizes must be larger than zero.
2025-08-22 20:57:11,558 INFO GDAL signalled an error: err_no=1, msg='Attempt to create 2x0 dataset is illegal,sizes must be larger than zero.'
2025-08-22 20:57:11,558 ERROR Failed to download or crop band: Nadir_Reflectance_Band5 for scene: MCD43A4.A2024151.h10v04.061.2024160225518. Error: Attempt to create 2x0 dataset is illegal,sizes must be larger than zero.
2025-08-22 20:58:22,211 INFO GDAL signalled an error: err_no=1, msg='Attempt to create 2x0 dataset is illegal,sizes must be larger than zero.'
2025-08-22 20:58:22,211 ERROR Failed to download or crop band: Nadir_Reflectance_Band6 for scene: MCD43A4.A2024151.h10v04.061.2024160225518. Error: Attempt to create 2x0 dataset is illegal,sizes must be larger than zero.
2025-08-22 20:59:29,621 INFO GDAL signalled an error: err_no=1, msg='Attempt to create 2x0 dataset is illegal,sizes must be larger than zero.'
2025-08-22 20:59:29,621 ERROR Failed to download or crop band: Nadir_Reflectance_Band7 for scene: MCD43A4.A2024151.h10v04.061.2024160225518. Error: Attempt to create 2x0 dataset is illegal,sizes must be larger than zero.
2025-08-22 21:00:34,067 INFO GDAL signalled an error: err_no=1, msg='Attempt to create 2x0 dataset is illegal,sizes must be larger than zero.'
2025-08-22 21:00:34,067 ERROR Failed to download or crop band: Nadir_Reflectance_Band1 for scene: MCD43A4.A2024150.h10v04.061.2024160025924. Error: Attempt to create 2x0 dataset is illegal,sizes must be larger than zero.
2025-08-22 21:01:20,555 INFO GDAL signalled an error: err_no=1, msg='Attempt to create 2x0 dataset is illegal,sizes must be larger than zero.'
2025-08-22 21:01:20,555 ERROR Failed to download or crop band: Nadir_Reflectance_Band2 for scene: MCD43A4.A2024150.h10v04.061.2024160025924. Error: Attempt to create 2x0 dataset is illegal,sizes must be larger than zero.
2025-08-22 21:02:08,742 INFO GDAL signalled an error: err_no=1, msg='Attempt to create 2x0 dataset is illegal,sizes must be larger than zero.'
2025-08-22 21:02:08,742 ERROR Failed to download or crop band: Nadir_Reflectance_Band3 for scene: MCD43A4.A2024150.h10v04.061.2024160025924. Error: Attempt to create 2x0 dataset is illegal,sizes must be larger than zero.
2025-08-22 21:03:23,127 INFO GDAL signalled an error: err_no=1, msg='Attempt to create 2x0 dataset is illegal,sizes must be larger than zero.'
2025-08-22 21:03:23,127 ERROR Failed to download or crop band: Nadir_Reflectance_Band4 for scene: MCD43A4.A2024150.h10v04.061.2024160025924. Error: Attempt to create 2x0 dataset is illegal,sizes must be larger than zero.
2025-08-22 21:04:27,924 INFO GDAL signalled an error: err_no=1, msg='Attempt to create 2x0 dataset is illegal,sizes must be larger than zero.'
2025-08-22 21:04:27,924 ERROR Failed to download or crop band: Nadir_Reflectance_Band5 for scene: MCD43A4.A2024150.h10v04.061.2024160025924. Error: Attempt to create 2x0 dataset is illegal,sizes must be larger than zero.
2025-08-22 21:05:40,481 INFO GDAL signalled an error: err_no=1, msg='Attempt to create 2x0 dataset is illegal,sizes must be larger than zero.'
2025-08-22 21:05:40,482 ERROR Failed to download or crop band: Nadir_Reflectance_Band6 for scene: MCD43A4.A2024150.h10v04.061.2024160025924. Error: Attempt to create 2x0 dataset is illegal,sizes must be larger than zero.
2025-08-22 21:06:53,282 INFO GDAL signalled an error: err_no=1, msg='Attempt to create 2x0 dataset is illegal,sizes must be larger than zero.'
2025-08-22 21:06:53,282 ERROR Failed to download or crop band: Nadir_Reflectance_Band7 for scene: MCD43A4.A2024150.h10v04.061.2024160025924. Error: Attempt to create 2x0 dataset is illegal,sizes must be larger than zero.
2025-08-22 21:07:57,229 INFO GDAL signalled an error: err_no=1, msg='Attempt to create 2x0 dataset is illegal,sizes must be larger than zero.'
2025-08-22 21:07:57,229 ERROR Failed to download or crop band: Nadir_Reflectance_Band1 for scene: MCD43A4.A2024149.h10v04.061.2024158081227. Error: Attempt to create 2x0 dataset is illegal,sizes must be larger than zero.
2025-08-22 21:08:56,427 INFO GDAL signalled an error: err_no=1, msg='Attempt to create 2x0 dataset is illegal,sizes must be larger than zero.'
2025-08-22 21:08:56,427 ERROR Failed to download or crop band: Nadir_Reflectance_Band2 for scene: MCD43A4.A2024149.h10v04.061.2024158081227. Error: Attempt to create 2x0 dataset is illegal,sizes must be larger than zero.
2025-08-22 21:09:19,860 INFO GDAL signalled an error: err_no=1, msg='Attempt to create 2x0 dataset is illegal,sizes must be larger than zero.'
2025-08-22 21:09:19,861 ERROR Failed to download or crop band: Nadir_Reflectance_Band3 for scene: MCD43A4.A2024149.h10v04.061.2024158081227. Error: Attempt to create 2x0 dataset is illegal,sizes must be larger than zero.
2025-08-22 21:10:21,924 INFO GDAL signalled an error: err_no=1, msg='Attempt to create 2x0 dataset is illegal,sizes must be larger than zero.'
2025-08-22 21:10:21,924 ERROR Failed to download or crop band: Nadir_Reflectance_Band4 for scene: MCD43A4.A2024149.h10v04.061.2024158081227. Error: Attempt to create 2x0 dataset is illegal,sizes must be larger than zero.
2025-08-22 21:11:44,253 INFO GDAL signalled an error: err_no=1, msg='Attempt to create 2x0 dataset is illegal,sizes must be larger than zero.'
2025-08-22 21:11:44,253 ERROR Failed to download or crop band: Nadir_Reflectance_Band5 for scene: MCD43A4.A2024149.h10v04.061.2024158081227. Error: Attempt to create 2x0 dataset is illegal,sizes must be larger than zero.
2025-08-22 21:13:01,802 INFO GDAL signalled an error: err_no=1, msg='Attempt to create 2x0 dataset is illegal,sizes must be larger than zero.'
2025-08-22 21:13:01,802 ERROR Failed to download or crop band: Nadir_Reflectance_Band6 for scene: MCD43A4.A2024149.h10v04.061.2024158081227. Error: Attempt to create 2x0 dataset is illegal,sizes must be larger than zero.
2025-08-22 21:14:00,740 INFO GDAL signalled an error: err_no=1, msg='Attempt to create 2x0 dataset is illegal,sizes must be larger than zero.'
2025-08-22 21:14:00,740 ERROR Failed to download or crop band: Nadir_Reflectance_Band7 for scene: MCD43A4.A2024149.h10v04.061.2024158081227. Error: Attempt to create 2x0 dataset is illegal,sizes must be larger than zero.
2025-08-22 21:15:14,391 INFO GDAL signalled an error: err_no=1, msg='Attempt to create 2x0 dataset is illegal,sizes must be larger than zero.'
2025-08-22 21:15:14,392 ERROR Failed to download or crop band: Nadir_Reflectance_Band1 for scene: MCD43A4.A2024148.h10v04.061.2024157123733. Error: Attempt to create 2x0 dataset is illegal,sizes must be larger than zero.
2025-08-22 21:16:29,260 INFO GDAL signalled an error: err_no=1, msg='Attempt to create 2x0 dataset is illegal,sizes must be larger than zero.'
2025-08-22 21:16:29,260 ERROR Failed to download or crop band: Nadir_Reflectance_Band2 for scene: MCD43A4.A2024148.h10v04.061.2024157123733. Error: Attempt to create 2x0 dataset is illegal,sizes must be larger than zero.
2025-08-22 21:17:14,261 INFO GDAL signalled an error: err_no=1, msg='Attempt to create 2x0 dataset is illegal,sizes must be larger than zero.'
2025-08-22 21:17:14,262 ERROR Failed to download or crop band: Nadir_Reflectance_Band3 for scene: MCD43A4.A2024148.h10v04.061.2024157123733. Error: Attempt to create 2x0 dataset is illegal,sizes must be larger than zero.
2025-08-22 21:18:18,971 INFO GDAL signalled an error: err_no=1, msg='Attempt to create 2x0 dataset is illegal,sizes must be larger than zero.'
2025-08-22 21:18:18,972 ERROR Failed to download or crop band: Nadir_Reflectance_Band4 for scene: MCD43A4.A2024148.h10v04.061.2024157123733. Error: Attempt to create 2x0 dataset is illegal,sizes must be larger than zero.
2025-08-22 21:19:24,807 INFO GDAL signalled an error: err_no=1, msg='Attempt to create 2x0 dataset is illegal,sizes must be larger than zero.'
2025-08-22 21:19:24,807 ERROR Failed to download or crop band: Nadir_Reflectance_Band5 for scene: MCD43A4.A2024148.h10v04.061.2024157123733. Error: Attempt to create 2x0 dataset is illegal,sizes must be larger than zero.
2025-08-22 21:20:25,470 INFO GDAL signalled an error: err_no=1, msg='Attempt to create 2x0 dataset is illegal,sizes must be larger than zero.'
2025-08-22 21:20:25,471 ERROR Failed to download or crop band: Nadir_Reflectance_Band6 for scene: MCD43A4.A2024148.h10v04.061.2024157123733. Error: Attempt to create 2x0 dataset is illegal,sizes must be larger than zero.
2025-08-22 21:21:23,482 INFO GDAL signalled an error: err_no=1, msg='Attempt to create 2x0 dataset is illegal,sizes must be larger than zero.'
2025-08-22 21:21:23,483 ERROR Failed to download or crop band: Nadir_Reflectance_Band7 for scene: MCD43A4.A2024148.h10v04.061.2024157123733. Error: Attempt to create 2x0 dataset is illegal,sizes must be larger than zero.
2025-08-22 21:22:29,376 INFO GDAL signalled an error: err_no=1, msg='Attempt to create 2x0 dataset is illegal,sizes must be larger than zero.'
2025-08-22 21:22:29,377 ERROR Failed to download or crop band: Nadir_Reflectance_Band1 for scene: MCD43A4.A2024147.h10v04.061.2024157121935. Error: Attempt to create 2x0 dataset is illegal,sizes must be larger than zero.
2025-08-22 21:23:47,449 INFO GDAL signalled an error: err_no=1, msg='Attempt to create 2x0 dataset is illegal,sizes must be larger than zero.'
2025-08-22 21:23:47,450 ERROR Failed to download or crop band: Nadir_Reflectance_Band2 for scene: MCD43A4.A2024147.h10v04.061.2024157121935. Error: Attempt to create 2x0 dataset is illegal,sizes must be larger than zero.
2025-08-22 21:25:00,797 INFO GDAL signalled an error: err_no=1, msg='Attempt to create 2x0 dataset is illegal,sizes must be larger than zero.'
2025-08-22 21:25:00,797 ERROR Failed to download or crop band: Nadir_Reflectance_Band3 for scene: MCD43A4.A2024147.h10v04.061.2024157121935. Error: Attempt to create 2x0 dataset is illegal,sizes must be larger than zero.
2025-08-22 21:26:08,287 INFO GDAL signalled an error: err_no=1, msg='Attempt to create 2x0 dataset is illegal,sizes must be larger than zero.'
2025-08-22 21:26:08,287 ERROR Failed to download or crop band: Nadir_Reflectance_Band4 for scene: MCD43A4.A2024147.h10v04.061.2024157121935. Error: Attempt to create 2x0 dataset is illegal,sizes must be larger than zero.
2025-08-22 21:27:18,077 INFO GDAL signalled an error: err_no=1, msg='Attempt to create 2x0 dataset is illegal,sizes must be larger than zero.'
2025-08-22 21:27:18,077 ERROR Failed to download or crop band: Nadir_Reflectance_Band5 for scene: MCD43A4.A2024147.h10v04.061.2024157121935. Error: Attempt to create 2x0 dataset is illegal,sizes must be larger than zero.
2025-08-22 21:28:25,426 INFO GDAL signalled an error: err_no=1, msg='Attempt to create 2x0 dataset is illegal,sizes must be larger than zero.'
2025-08-22 21:28:25,426 ERROR Failed to download or crop band: Nadir_Reflectance_Band6 for scene: MCD43A4.A2024147.h10v04.061.2024157121935. Error: Attempt to create 2x0 dataset is illegal,sizes must be larger than zero.
2025-08-22 21:29:23,930 INFO GDAL signalled an error: err_no=1, msg='Attempt to create 2x0 dataset is illegal,sizes must be larger than zero.'
2025-08-22 21:29:23,930 ERROR Failed to download or crop band: Nadir_Reflectance_Band7 for scene: MCD43A4.A2024147.h10v04.061.2024157121935. Error: Attempt to create 2x0 dataset is illegal,sizes must be larger than zero.
2025-08-22 21:30:32,596 INFO GDAL signalled an error: err_no=1, msg='Attempt to create 2x0 dataset is illegal,sizes must be larger than zero.'
2025-08-22 21:30:32,596 ERROR Failed to download or crop band: Nadir_Reflectance_Band1 for scene: MCD43A4.A2024146.h10v04.061.2024156100333. Error: Attempt to create 2x0 dataset is illegal,sizes must be larger than zero.
2025-08-22 21:31:31,395 INFO GDAL signalled an error: err_no=1, msg='Attempt to create 2x0 dataset is illegal,sizes must be larger than zero.'
2025-08-22 21:31:31,395 ERROR Failed to download or crop band: Nadir_Reflectance_Band2 for scene: MCD43A4.A2024146.h10v04.061.2024156100333. Error: Attempt to create 2x0 dataset is illegal,sizes must be larger than zero.
2025-08-22 21:32:22,542 INFO GDAL signalled an error: err_no=1, msg='Attempt to create 2x0 dataset is illegal,sizes must be larger than zero.'
2025-08-22 21:32:22,542 ERROR Failed to download or crop band: Nadir_Reflectance_Band3 for scene: MCD43A4.A2024146.h10v04.061.2024156100333. Error: Attempt to create 2x0 dataset is illegal,sizes must be larger than zero.
2025-08-22 21:33:21,783 INFO GDAL signalled an error: err_no=1, msg='Attempt to create 2x0 dataset is illegal,sizes must be larger than zero.'
2025-08-22 21:33:21,783 ERROR Failed to download or crop band: Nadir_Reflectance_Band4 for scene: MCD43A4.A2024146.h10v04.061.2024156100333. Error: Attempt to create 2x0 dataset is illegal,sizes must be larger than zero.
2025-08-22 21:34:22,847 INFO GDAL signalled an error: err_no=1, msg='Attempt to create 2x0 dataset is illegal,sizes must be larger than zero.'
2025-08-22 21:34:22,847 ERROR Failed to download or crop band: Nadir_Reflectance_Band5 for scene: MCD43A4.A2024146.h10v04.061.2024156100333. Error: Attempt to create 2x0 dataset is illegal,sizes must be larger than zero.
2025-08-22 21:35:26,031 INFO GDAL signalled an error: err_no=1, msg='Attempt to create 2x0 dataset is illegal,sizes must be larger than zero.'
2025-08-22 21:35:26,031 ERROR Failed to download or crop band: Nadir_Reflectance_Band6 for scene: MCD43A4.A2024146.h10v04.061.2024156100333. Error: Attempt to create 2x0 dataset is illegal,sizes must be larger than zero.
2025-08-22 21:36:39,375 INFO GDAL signalled an error: err_no=1, msg='Attempt to create 2x0 dataset is illegal,sizes must be larger than zero.'
2025-08-22 21:36:39,375 ERROR Failed to download or crop band: Nadir_Reflectance_Band7 for scene: MCD43A4.A2024146.h10v04.061.2024156100333. Error: Attempt to create 2x0 dataset is illegal,sizes must be larger than zero.
2025-08-22 21:37:39,289 INFO GDAL signalled an error: err_no=1, msg='Attempt to create 2x0 dataset is illegal,sizes must be larger than zero.'
2025-08-22 21:37:39,289 ERROR Failed to download or crop band: Nadir_Reflectance_Band1 for scene: MCD43A4.A2024145.h10v04.061.2024156090009. Error: Attempt to create 2x0 dataset is illegal,sizes must be larger than zero.
2025-08-22 21:38:37,858 INFO GDAL signalled an error: err_no=1, msg='Attempt to create 2x0 dataset is illegal,sizes must be larger than zero.'
2025-08-22 21:38:37,858 ERROR Failed to download or crop band: Nadir_Reflectance_Band2 for scene: MCD43A4.A2024145.h10v04.061.2024156090009. Error: Attempt to create 2x0 dataset is illegal,sizes must be larger than zero.
2025-08-22 21:39:43,548 INFO GDAL signalled an error: err_no=1, msg='Attempt to create 2x0 dataset is illegal,sizes must be larger than zero.'
2025-08-22 21:39:43,548 ERROR Failed to download or crop band: Nadir_Reflectance_Band3 for scene: MCD43A4.A2024145.h10v04.061.2024156090009. Error: Attempt to create 2x0 dataset is illegal,sizes must be larger than zero.
2025-08-22 21:40:50,626 INFO GDAL signalled an error: err_no=1, msg='Attempt to create 2x0 dataset is illegal,sizes must be larger than zero.'
2025-08-22 21:40:50,626 ERROR Failed to download or crop band: Nadir_Reflectance_Band4 for scene: MCD43A4.A2024145.h10v04.061.2024156090009. Error: Attempt to create 2x0 dataset is illegal,sizes must be larger than zero.
2025-08-22 21:41:55,743 INFO GDAL signalled an error: err_no=1, msg='Attempt to create 2x0 dataset is illegal,sizes must be larger than zero.'
2025-08-22 21:41:55,743 ERROR Failed to download or crop band: Nadir_Reflectance_Band5 for scene: MCD43A4.A2024145.h10v04.061.2024156090009. Error: Attempt to create 2x0 dataset is illegal,sizes must be larger than zero.
2025-08-22 21:42:53,594 INFO GDAL signalled an error: err_no=1, msg='Attempt to create 2x0 dataset is illegal,sizes must be larger than zero.'
2025-08-22 21:42:53,595 ERROR Failed to download or crop band: Nadir_Reflectance_Band6 for scene: MCD43A4.A2024145.h10v04.061.2024156090009. Error: Attempt to create 2x0 dataset is illegal,sizes must be larger than zero.
2025-08-22 21:43:54,618 INFO GDAL signalled an error: err_no=1, msg='Attempt to create 2x0 dataset is illegal,sizes must be larger than zero.'
2025-08-22 21:43:54,619 ERROR Failed to download or crop band: Nadir_Reflectance_Band7 for scene: MCD43A4.A2024145.h10v04.061.2024156090009. Error: Attempt to create 2x0 dataset is illegal,sizes must be larger than zero.
2025-08-22 21:44:51,566 INFO GDAL signalled an error: err_no=1, msg='Attempt to create 2x0 dataset is illegal,sizes must be larger than zero.'
2025-08-22 21:44:51,566 ERROR Failed to download or crop band: Nadir_Reflectance_Band1 for scene: MCD43A4.A2024144.h10v04.061.2024156074212. Error: Attempt to create 2x0 dataset is illegal,sizes must be larger than zero.
2025-08-22 21:46:05,723 INFO GDAL signalled an error: err_no=1, msg='Attempt to create 2x0 dataset is illegal,sizes must be larger than zero.'
2025-08-22 21:46:05,723 ERROR Failed to download or crop band: Nadir_Reflectance_Band2 for scene: MCD43A4.A2024144.h10v04.061.2024156074212. Error: Attempt to create 2x0 dataset is illegal,sizes must be larger than zero.
2025-08-22 21:47:07,728 INFO GDAL signalled an error: err_no=1, msg='Attempt to create 2x0 dataset is illegal,sizes must be larger than zero.'
2025-08-22 21:47:07,728 ERROR Failed to download or crop band: Nadir_Reflectance_Band3 for scene: MCD43A4.A2024144.h10v04.061.2024156074212. Error: Attempt to create 2x0 dataset is illegal,sizes must be larger than zero.
2025-08-26 16:24:26,553 INFO File already exists, skipping: ./modis/ST2024IA0001/2024-05-05/MCD43A4.A2024132.h10v04.061.2024158032952_Nadir_Reflectance_Band1.tif
2025-08-26 16:24:26,553 INFO File already exists, skipping: ./modis/ST2024IA0001/2024-05-05/MCD43A4.A2024132.h10v04.061.2024158032952_Nadir_Reflectance_Band2.tif
2025-08-26 16:24:26,553 INFO File already exists, skipping: ./modis/ST2024IA0001/2024-05-05/MCD43A4.A2024132.h10v04.061.2024158032952_Nadir_Reflectance_Band3.tif
2025-08-26 16:24:26,553 INFO File already exists, skipping: ./modis/ST2024IA0001/2024-05-05/MCD43A4.A2024132.h10v04.061.2024158032952_Nadir_Reflectance_Band4.tif
2025-08-26 16:24:26,553 INFO File already exists, skipping: ./modis/ST2024IA0001/2024-05-05/MCD43A4.A2024132.h10v04.061.2024158032952_Nadir_Reflectance_Band5.tif
2025-08-26 16:24:26,553 INFO File already exists, skipping: ./modis/ST2024IA0001/2024-05-05/MCD43A4.A2024132.h10v04.061.2024158032952_Nadir_Reflectance_Band6.tif
2025-08-26 16:24:26,553 INFO File already exists, skipping: ./modis/ST2024IA0001/2024-05-05/MCD43A4.A2024132.h10v04.061.2024158032952_Nadir_Reflectance_Band7.tif
2025-08-26 16:24:26,554 INFO File already exists, skipping: ./modis/ST2024IA0001/2024-05-05/MCD43A4.A2024132.h10v04.061.2024142013317_Nadir_Reflectance_Band1.tif
2025-08-26 16:24:26,554 INFO File already exists, skipping: ./modis/ST2024IA0001/2024-05-05/MCD43A4.A2024132.h10v04.061.2024142013317_Nadir_Reflectance_Band2.tif
2025-08-26 16:24:26,554 INFO File already exists, skipping: ./modis/ST2024IA0001/2024-05-05/MCD43A4.A2024132.h10v04.061.2024142013317_Nadir_Reflectance_Band3.tif
2025-08-26 16:24:26,554 INFO File already exists, skipping: ./modis/ST2024IA0001/2024-05-05/MCD43A4.A2024132.h10v04.061.2024142013317_Nadir_Reflectance_Band4.tif
2025-08-26 16:24:26,554 INFO File already exists, skipping: ./modis/ST2024IA0001/2024-05-05/MCD43A4.A2024132.h10v04.061.2024142013317_Nadir_Reflectance_Band5.tif
2025-08-26 16:24:26,554 INFO File already exists, skipping: ./modis/ST2024IA0001/2024-05-05/MCD43A4.A2024132.h10v04.061.2024142013317_Nadir_Reflectance_Band6.tif
2025-08-26 16:24:26,554 INFO File already exists, skipping: ./modis/ST2024IA0001/2024-05-05/MCD43A4.A2024132.h10v04.061.2024142013317_Nadir_Reflectance_Band7.tif
2025-08-26 16:24:26,555 INFO File already exists, skipping: ./modis/ST2024IA0001/2024-05-05/MCD43A4.A2024131.h10v04.061.2024158025708_Nadir_Reflectance_Band1.tif
2025-08-26 16:24:26,555 INFO File already exists, skipping: ./modis/ST2024IA0001/2024-05-05/MCD43A4.A2024131.h10v04.061.2024158025708_Nadir_Reflectance_Band2.tif
2025-08-26 16:24:26,555 INFO File already exists, skipping: ./modis/ST2024IA0001/2024-05-05/MCD43A4.A2024131.h10v04.061.2024158025708_Nadir_Reflectance_Band3.tif
2025-08-26 16:24:26,555 INFO File already exists, skipping: ./modis/ST2024IA0001/2024-05-05/MCD43A4.A2024131.h10v04.061.2024158025708_Nadir_Reflectance_Band4.tif
2025-08-26 16:24:26,555 INFO File already exists, skipping: ./modis/ST2024IA0001/2024-05-05/MCD43A4.A2024131.h10v04.061.2024158025708_Nadir_Reflectance_Band5.tif
2025-08-26 16:24:26,555 INFO File already exists, skipping: ./modis/ST2024IA0001/2024-05-05/MCD43A4.A2024131.h10v04.061.2024158025708_Nadir_Reflectance_Band6.tif
2025-08-26 16:24:26,555 INFO File already exists, skipping: ./modis/ST2024IA0001/2024-05-05/MCD43A4.A2024131.h10v04.061.2024158025708_Nadir_Reflectance_Band7.tif
2025-08-26 16:24:26,556 INFO File already exists, skipping: ./modis/ST2024IA0001/2024-05-05/MCD43A4.A2024131.h10v04.061.2024140033155_Nadir_Reflectance_Band1.tif
2025-08-26 16:24:26,556 INFO File already exists, skipping: ./modis/ST2024IA0001/2024-05-05/MCD43A4.A2024131.h10v04.061.2024140033155_Nadir_Reflectance_Band2.tif
2025-08-26 16:24:26,556 INFO File already exists, skipping: ./modis/ST2024IA0001/2024-05-05/MCD43A4.A2024131.h10v04.061.2024140033155_Nadir_Reflectance_Band3.tif
2025-08-26 16:24:26,556 INFO File already exists, skipping: ./modis/ST2024IA0001/2024-05-05/MCD43A4.A2024131.h10v04.061.2024140033155_Nadir_Reflectance_Band4.tif
2025-08-26 16:24:26,556 INFO File already exists, skipping: ./modis/ST2024IA0001/2024-05-05/MCD43A4.A2024131.h10v04.061.2024140033155_Nadir_Reflectance_Band5.tif
2025-08-26 16:24:26,556 INFO File already exists, skipping: ./modis/ST2024IA0001/2024-05-05/MCD43A4.A2024131.h10v04.061.2024140033155_Nadir_Reflectance_Band6.tif
2025-08-26 16:24:26,556 INFO File already exists, skipping: ./modis/ST2024IA0001/2024-05-05/MCD43A4.A2024131.h10v04.061.2024140033155_Nadir_Reflectance_Band7.tif
2025-08-26 16:24:26,557 INFO File already exists, skipping: ./modis/ST2024IA0001/2024-05-05/MCD43A4.A2024130.h10v04.061.2024158021059_Nadir_Reflectance_Band1.tif
2025-08-26 16:24:26,557 INFO File already exists, skipping: ./modis/ST2024IA0001/2024-05-05/MCD43A4.A2024130.h10v04.061.2024158021059_Nadir_Reflectance_Band2.tif
2025-08-26 16:24:26,557 INFO File already exists, skipping: ./modis/ST2024IA0001/2024-05-05/MCD43A4.A2024130.h10v04.061.2024158021059_Nadir_Reflectance_Band3.tif
2025-08-26 16:24:26,557 INFO File already exists, skipping: ./modis/ST2024IA0001/2024-05-05/MCD43A4.A2024130.h10v04.061.2024158021059_Nadir_Reflectance_Band4.tif
2025-08-26 16:24:26,557 INFO File already exists, skipping: ./modis/ST2024IA0001/2024-05-05/MCD43A4.A2024130.h10v04.061.2024158021059_Nadir_Reflectance_Band5.tif
2025-08-26 16:24:26,557 INFO File already exists, skipping: ./modis/ST2024IA0001/2024-05-05/MCD43A4.A2024130.h10v04.061.2024158021059_Nadir_Reflectance_Band6.tif
2025-08-26 16:24:26,558 INFO File already exists, skipping: ./modis/ST2024IA0001/2024-05-05/MCD43A4.A2024130.h10v04.061.2024158021059_Nadir_Reflectance_Band7.tif
2025-08-26 16:24:26,558 INFO File already exists, skipping: ./modis/ST2024IA0001/2024-05-05/MCD43A4.A2024130.h10v04.061.2024139052744_Nadir_Reflectance_Band1.tif
2025-08-26 16:24:26,558 INFO File already exists, skipping: ./modis/ST2024IA0001/2024-05-05/MCD43A4.A2024130.h10v04.061.2024139052744_Nadir_Reflectance_Band2.tif
2025-08-26 16:24:26,558 INFO File already exists, skipping: ./modis/ST2024IA0001/2024-05-05/MCD43A4.A2024130.h10v04.061.2024139052744_Nadir_Reflectance_Band3.tif
2025-08-26 16:24:26,558 INFO File already exists, skipping: ./modis/ST2024IA0001/2024-05-05/MCD43A4.A2024130.h10v04.061.2024139052744_Nadir_Reflectance_Band4.tif
2025-08-26 16:24:26,558 INFO File already exists, skipping: ./modis/ST2024IA0001/2024-05-05/MCD43A4.A2024130.h10v04.061.2024139052744_Nadir_Reflectance_Band5.tif
2025-08-26 16:24:26,558 INFO File already exists, skipping: ./modis/ST2024IA0001/2024-05-05/MCD43A4.A2024130.h10v04.061.2024139052744_Nadir_Reflectance_Band6.tif
2025-08-26 16:24:59,525 INFO GDAL signalled an error: err_no=1, msg='Attempt to create 2x0 dataset is illegal,sizes must be larger than zero.'
2025-08-26 16:24:59,525 ERROR Failed to download or crop band: Nadir_Reflectance_Band7 for scene: MCD43A4.A2024130.h10v04.061.2024139052744. Error: Attempt to create 2x0 dataset is illegal,sizes must be larger than zero.
2025-08-26 16:24:59,526 INFO File already exists, skipping: ./modis/ST2024IA0001/2024-05-05/MCD43A4.A2024129.h10v04.061.2024158012501_Nadir_Reflectance_Band1.tif
2025-08-26 16:24:59,526 INFO File already exists, skipping: ./modis/ST2024IA0001/2024-05-05/MCD43A4.A2024129.h10v04.061.2024158012501_Nadir_Reflectance_Band2.tif
2025-08-26 16:24:59,526 INFO File already exists, skipping: ./modis/ST2024IA0001/2024-05-05/MCD43A4.A2024129.h10v04.061.2024158012501_Nadir_Reflectance_Band3.tif
2025-08-26 16:24:59,526 INFO File already exists, skipping: ./modis/ST2024IA0001/2024-05-05/MCD43A4.A2024129.h10v04.061.2024158012501_Nadir_Reflectance_Band4.tif
2025-08-26 16:24:59,526 INFO File already exists, skipping: ./modis/ST2024IA0001/2024-05-05/MCD43A4.A2024129.h10v04.061.2024158012501_Nadir_Reflectance_Band5.tif
2025-08-26 16:24:59,526 INFO File already exists, skipping: ./modis/ST2024IA0001/2024-05-05/MCD43A4.A2024129.h10v04.061.2024158012501_Nadir_Reflectance_Band6.tif
2025-08-26 16:24:59,526 INFO File already exists, skipping: ./modis/ST2024IA0001/2024-05-05/MCD43A4.A2024129.h10v04.061.2024158012501_Nadir_Reflectance_Band7.tif
2025-08-26 16:24:59,527 INFO File already exists, skipping: ./modis/ST2024IA0001/2024-05-05/MCD43A4.A2024129.h10v04.061.2024138045352_Nadir_Reflectance_Band1.tif
2025-08-26 16:24:59,527 INFO File already exists, skipping: ./modis/ST2024IA0001/2024-05-05/MCD43A4.A2024129.h10v04.061.2024138045352_Nadir_Reflectance_Band2.tif
2025-08-26 16:24:59,527 INFO File already exists, skipping: ./modis/ST2024IA0001/2024-05-05/MCD43A4.A2024129.h10v04.061.2024138045352_Nadir_Reflectance_Band3.tif
2025-08-26 16:24:59,527 INFO File already exists, skipping: ./modis/ST2024IA0001/2024-05-05/MCD43A4.A2024129.h10v04.061.2024138045352_Nadir_Reflectance_Band4.tif
2025-08-26 16:24:59,527 INFO File already exists, skipping: ./modis/ST2024IA0001/2024-05-05/MCD43A4.A2024129.h10v04.061.2024138045352_Nadir_Reflectance_Band5.tif
2025-08-26 16:24:59,527 INFO File already exists, skipping: ./modis/ST2024IA0001/2024-05-05/MCD43A4.A2024129.h10v04.061.2024138045352_Nadir_Reflectance_Band6.tif
2025-08-26 16:24:59,527 INFO File already exists, skipping: ./modis/ST2024IA0001/2024-05-05/MCD43A4.A2024129.h10v04.061.2024138045352_Nadir_Reflectance_Band7.tif
2025-08-26 16:24:59,527 INFO File already exists, skipping: ./modis/ST2024IA0001/2024-05-05/MCD43A4.A2024128.h10v04.061.2024157221141_Nadir_Reflectance_Band1.tif
2025-08-26 16:24:59,527 INFO File already exists, skipping: ./modis/ST2024IA0001/2024-05-05/MCD43A4.A2024128.h10v04.061.2024157221141_Nadir_Reflectance_Band2.tif
2025-08-26 16:24:59,527 INFO File already exists, skipping: ./modis/ST2024IA0001/2024-05-05/MCD43A4.A2024128.h10v04.061.2024157221141_Nadir_Reflectance_Band3.tif
2025-08-26 16:24:59,527 INFO File already exists, skipping: ./modis/ST2024IA0001/2024-05-05/MCD43A4.A2024128.h10v04.061.2024157221141_Nadir_Reflectance_Band4.tif
2025-08-26 16:24:59,527 INFO File already exists, skipping: ./modis/ST2024IA0001/2024-05-05/MCD43A4.A2024128.h10v04.061.2024157221141_Nadir_Reflectance_Band5.tif
2025-08-26 16:24:59,527 INFO File already exists, skipping: ./modis/ST2024IA0001/2024-05-05/MCD43A4.A2024128.h10v04.061.2024157221141_Nadir_Reflectance_Band6.tif
2025-08-26 16:24:59,527 INFO File already exists, skipping: ./modis/ST2024IA0001/2024-05-05/MCD43A4.A2024128.h10v04.061.2024157221141_Nadir_Reflectance_Band7.tif
2025-08-26 16:24:59,528 INFO File already exists, skipping: ./modis/ST2024IA0001/2024-05-05/MCD43A4.A2024128.h10v04.061.2024137033949_Nadir_Reflectance_Band1.tif
2025-08-26 16:24:59,528 INFO File already exists, skipping: ./modis/ST2024IA0001/2024-05-05/MCD43A4.A2024128.h10v04.061.2024137033949_Nadir_Reflectance_Band2.tif
2025-08-26 16:24:59,528 INFO File already exists, skipping: ./modis/ST2024IA0001/2024-05-05/MCD43A4.A2024128.h10v04.061.2024137033949_Nadir_Reflectance_Band3.tif
2025-08-26 16:24:59,528 INFO File already exists, skipping: ./modis/ST2024IA0001/2024-05-05/MCD43A4.A2024128.h10v04.061.2024137033949_Nadir_Reflectance_Band4.tif
2025-08-26 16:24:59,528 INFO File already exists, skipping: ./modis/ST2024IA0001/2024-05-05/MCD43A4.A2024128.h10v04.061.2024137033949_Nadir_Reflectance_Band5.tif
2025-08-26 16:24:59,528 INFO File already exists, skipping: ./modis/ST2024IA0001/2024-05-05/MCD43A4.A2024128.h10v04.061.2024137033949_Nadir_Reflectance_Band6.tif
2025-08-26 16:24:59,528 INFO File already exists, skipping: ./modis/ST2024IA0001/2024-05-05/MCD43A4.A2024128.h10v04.061.2024137033949_Nadir_Reflectance_Band7.tif
2025-08-26 16:24:59,528 INFO File already exists, skipping: ./modis/ST2024IA0001/2024-05-05/MCD43A4.A2024127.h10v04.061.2024157215219_Nadir_Reflectance_Band1.tif
2025-08-26 16:24:59,529 INFO File already exists, skipping: ./modis/ST2024IA0001/2024-05-05/MCD43A4.A2024127.h10v04.061.2024157215219_Nadir_Reflectance_Band2.tif
2025-08-26 16:24:59,529 INFO File already exists, skipping: ./modis/ST2024IA0001/2024-05-05/MCD43A4.A2024127.h10v04.061.2024157215219_Nadir_Reflectance_Band3.tif
2025-08-26 16:24:59,529 INFO File already exists, skipping: ./modis/ST2024IA0001/2024-05-05/MCD43A4.A2024127.h10v04.061.2024157215219_Nadir_Reflectance_Band4.tif
2025-08-26 16:24:59,529 INFO File already exists, skipping: ./modis/ST2024IA0001/2024-05-05/MCD43A4.A2024127.h10v04.061.2024157215219_Nadir_Reflectance_Band5.tif
2025-08-26 16:24:59,529 INFO File already exists, skipping: ./modis/ST2024IA0001/2024-05-05/MCD43A4.A2024127.h10v04.061.2024157215219_Nadir_Reflectance_Band6.tif
2025-08-26 16:24:59,529 INFO File already exists, skipping: ./modis/ST2024IA0001/2024-05-05/MCD43A4.A2024127.h10v04.061.2024157215219_Nadir_Reflectance_Band7.tif
2025-08-26 16:24:59,529 INFO File already exists, skipping: ./modis/ST2024IA0001/2024-05-05/MCD43A4.A2024127.h10v04.061.2024136051637_Nadir_Reflectance_Band1.tif
2025-08-26 16:24:59,529 INFO File already exists, skipping: ./modis/ST2024IA0001/2024-05-05/MCD43A4.A2024127.h10v04.061.2024136051637_Nadir_Reflectance_Band2.tif
2025-08-26 16:24:59,529 INFO File already exists, skipping: ./modis/ST2024IA0001/2024-05-05/MCD43A4.A2024127.h10v04.061.2024136051637_Nadir_Reflectance_Band3.tif
2025-08-26 16:24:59,529 INFO File already exists, skipping: ./modis/ST2024IA0001/2024-05-05/MCD43A4.A2024127.h10v04.061.2024136051637_Nadir_Reflectance_Band4.tif
2025-08-26 16:24:59,529 INFO File already exists, skipping: ./modis/ST2024IA0001/2024-05-05/MCD43A4.A2024127.h10v04.061.2024136051637_Nadir_Reflectance_Band5.tif
2025-08-26 16:24:59,529 INFO File already exists, skipping: ./modis/ST2024IA0001/2024-05-05/MCD43A4.A2024127.h10v04.061.2024136051637_Nadir_Reflectance_Band6.tif
2025-08-26 16:25:49,149 INFO GDAL signalled an error: err_no=1, msg='Attempt to create 2x0 dataset is illegal,sizes must be larger than zero.'
2025-08-26 16:25:49,149 ERROR Failed to download or crop band: Nadir_Reflectance_Band7 for scene: MCD43A4.A2024127.h10v04.061.2024136051637. Error: Attempt to create 2x0 dataset is illegal,sizes must be larger than zero.
2025-08-26 16:25:49,150 INFO File already exists, skipping: ./modis/ST2024IA0001/2024-05-05/MCD43A4.A2024126.h10v04.061.2024157212217_Nadir_Reflectance_Band1.tif
2025-08-26 16:25:49,150 INFO File already exists, skipping: ./modis/ST2024IA0001/2024-05-05/MCD43A4.A2024126.h10v04.061.2024157212217_Nadir_Reflectance_Band2.tif
2025-08-26 16:25:49,150 INFO File already exists, skipping: ./modis/ST2024IA0001/2024-05-05/MCD43A4.A2024126.h10v04.061.2024157212217_Nadir_Reflectance_Band3.tif
2025-08-26 16:25:49,150 INFO File already exists, skipping: ./modis/ST2024IA0001/2024-05-05/MCD43A4.A2024126.h10v04.061.2024157212217_Nadir_Reflectance_Band4.tif
2025-08-26 16:25:49,150 INFO File already exists, skipping: ./modis/ST2024IA0001/2024-05-05/MCD43A4.A2024126.h10v04.061.2024157212217_Nadir_Reflectance_Band5.tif
2025-08-26 16:25:49,150 INFO File already exists, skipping: ./modis/ST2024IA0001/2024-05-05/MCD43A4.A2024126.h10v04.061.2024157212217_Nadir_Reflectance_Band6.tif
2025-08-26 16:25:49,150 INFO File already exists, skipping: ./modis/ST2024IA0001/2024-05-05/MCD43A4.A2024126.h10v04.061.2024157212217_Nadir_Reflectance_Band7.tif
2025-08-26 16:25:49,151 INFO File already exists, skipping: ./modis/ST2024IA0001/2024-05-05/MCD43A4.A2024126.h10v04.061.2024135040227_Nadir_Reflectance_Band1.tif
2025-08-26 16:25:49,151 INFO File already exists, skipping: ./modis/ST2024IA0001/2024-05-05/MCD43A4.A2024126.h10v04.061.2024135040227_Nadir_Reflectance_Band2.tif
2025-08-26 16:25:49,151 INFO File already exists, skipping: ./modis/ST2024IA0001/2024-05-05/MCD43A4.A2024126.h10v04.061.2024135040227_Nadir_Reflectance_Band3.tif
2025-08-26 16:25:49,151 INFO File already exists, skipping: ./modis/ST2024IA0001/2024-05-05/MCD43A4.A2024126.h10v04.061.2024135040227_Nadir_Reflectance_Band4.tif
2025-08-26 16:25:49,151 INFO File already exists, skipping: ./modis/ST2024IA0001/2024-05-05/MCD43A4.A2024126.h10v04.061.2024135040227_Nadir_Reflectance_Band5.tif
2025-08-26 16:25:49,151 INFO File already exists, skipping: ./modis/ST2024IA0001/2024-05-05/MCD43A4.A2024126.h10v04.061.2024135040227_Nadir_Reflectance_Band6.tif
2025-08-26 16:25:49,151 INFO File already exists, skipping: ./modis/ST2024IA0001/2024-05-05/MCD43A4.A2024126.h10v04.061.2024135040227_Nadir_Reflectance_Band7.tif
2025-08-26 16:25:49,151 INFO File already exists, skipping: ./modis/ST2024IA0001/2024-05-05/MCD43A4.A2024125.h10v04.061.2024157210217_Nadir_Reflectance_Band1.tif
2025-08-26 16:25:49,151 INFO File already exists, skipping: ./modis/ST2024IA0001/2024-05-05/MCD43A4.A2024125.h10v04.061.2024157210217_Nadir_Reflectance_Band2.tif
2025-08-26 16:25:49,151 INFO File already exists, skipping: ./modis/ST2024IA0001/2024-05-05/MCD43A4.A2024125.h10v04.061.2024157210217_Nadir_Reflectance_Band3.tif
2025-08-26 16:25:49,151 INFO File already exists, skipping: ./modis/ST2024IA0001/2024-05-05/MCD43A4.A2024125.h10v04.061.2024157210217_Nadir_Reflectance_Band4.tif
2025-08-26 16:25:49,151 INFO File already exists, skipping: ./modis/ST2024IA0001/2024-05-05/MCD43A4.A2024125.h10v04.061.2024157210217_Nadir_Reflectance_Band5.tif
2025-08-26 16:25:49,152 INFO File already exists, skipping: ./modis/ST2024IA0001/2024-05-05/MCD43A4.A2024125.h10v04.061.2024157210217_Nadir_Reflectance_Band6.tif
2025-08-26 16:25:49,152 INFO File already exists, skipping: ./modis/ST2024IA0001/2024-05-05/MCD43A4.A2024125.h10v04.061.2024157210217_Nadir_Reflectance_Band7.tif
2025-08-26 16:25:49,152 INFO File already exists, skipping: ./modis/ST2024IA0001/2024-05-05/MCD43A4.A2024125.h10v04.061.2024135010321_Nadir_Reflectance_Band1.tif
2025-08-26 16:25:49,152 INFO File already exists, skipping: ./modis/ST2024IA0001/2024-05-05/MCD43A4.A2024125.h10v04.061.2024135010321_Nadir_Reflectance_Band2.tif
2025-08-26 16:25:49,152 INFO File already exists, skipping: ./modis/ST2024IA0001/2024-05-05/MCD43A4.A2024125.h10v04.061.2024135010321_Nadir_Reflectance_Band3.tif
2025-08-26 16:25:49,152 INFO File already exists, skipping: ./modis/ST2024IA0001/2024-05-05/MCD43A4.A2024125.h10v04.061.2024135010321_Nadir_Reflectance_Band4.tif
2025-08-26 16:25:49,152 INFO File already exists, skipping: ./modis/ST2024IA0001/2024-05-05/MCD43A4.A2024125.h10v04.061.2024135010321_Nadir_Reflectance_Band5.tif
2025-08-26 16:25:49,152 INFO File already exists, skipping: ./modis/ST2024IA0001/2024-05-05/MCD43A4.A2024125.h10v04.061.2024135010321_Nadir_Reflectance_Band6.tif
2025-08-26 16:25:49,152 INFO File already exists, skipping: ./modis/ST2024IA0001/2024-05-05/MCD43A4.A2024125.h10v04.061.2024135010321_Nadir_Reflectance_Band7.tif
2025-08-26 16:25:49,153 INFO File already exists, skipping: ./modis/ST2024IA0001/2024-05-05/MCD43A4.A2024124.h10v04.061.2024157202718_Nadir_Reflectance_Band1.tif
2025-08-26 16:25:49,153 INFO File already exists, skipping: ./modis/ST2024IA0001/2024-05-05/MCD43A4.A2024124.h10v04.061.2024157202718_Nadir_Reflectance_Band2.tif
2025-08-26 16:25:49,153 INFO File already exists, skipping: ./modis/ST2024IA0001/2024-05-05/MCD43A4.A2024124.h10v04.061.2024157202718_Nadir_Reflectance_Band3.tif
2025-08-26 16:25:49,153 INFO File already exists, skipping: ./modis/ST2024IA0001/2024-05-05/MCD43A4.A2024124.h10v04.061.2024157202718_Nadir_Reflectance_Band4.tif
2025-08-26 16:25:49,153 INFO File already exists, skipping: ./modis/ST2024IA0001/2024-05-05/MCD43A4.A2024124.h10v04.061.2024157202718_Nadir_Reflectance_Band5.tif
2025-08-26 16:25:49,153 INFO File already exists, skipping: ./modis/ST2024IA0001/2024-05-05/MCD43A4.A2024124.h10v04.061.2024157202718_Nadir_Reflectance_Band6.tif
2025-08-26 16:25:49,153 INFO File already exists, skipping: ./modis/ST2024IA0001/2024-05-05/MCD43A4.A2024124.h10v04.061.2024157202718_Nadir_Reflectance_Band7.tif
2025-08-26 16:25:49,153 INFO File already exists, skipping: ./modis/ST2024IA0001/2024-05-05/MCD43A4.A2024124.h10v04.061.2024134235816_Nadir_Reflectance_Band1.tif
2025-08-26 16:25:49,153 INFO File already exists, skipping: ./modis/ST2024IA0001/2024-05-05/MCD43A4.A2024124.h10v04.061.2024134235816_Nadir_Reflectance_Band2.tif
2025-08-26 16:25:49,153 INFO File already exists, skipping: ./modis/ST2024IA0001/2024-05-05/MCD43A4.A2024124.h10v04.061.2024134235816_Nadir_Reflectance_Band3.tif
2025-08-26 16:25:49,153 INFO File already exists, skipping: ./modis/ST2024IA0001/2024-05-05/MCD43A4.A2024124.h10v04.061.2024134235816_Nadir_Reflectance_Band4.tif
2025-08-26 16:25:49,153 INFO File already exists, skipping: ./modis/ST2024IA0001/2024-05-05/MCD43A4.A2024124.h10v04.061.2024134235816_Nadir_Reflectance_Band5.tif
2025-08-26 16:25:49,153 INFO File already exists, skipping: ./modis/ST2024IA0001/2024-05-05/MCD43A4.A2024124.h10v04.061.2024134235816_Nadir_Reflectance_Band6.tif
2025-08-26 16:25:49,153 INFO File already exists, skipping: ./modis/ST2024IA0001/2024-05-05/MCD43A4.A2024124.h10v04.061.2024134235816_Nadir_Reflectance_Band7.tif
2025-08-26 16:25:49,154 INFO File already exists, skipping: ./modis/ST2024IA0001/2024-05-05/MCD43A4.A2024123.h10v04.061.2024157195537_Nadir_Reflectance_Band1.tif
2025-08-26 16:25:49,154 INFO File already exists, skipping: ./modis/ST2024IA0001/2024-05-05/MCD43A4.A2024123.h10v04.061.2024157195537_Nadir_Reflectance_Band2.tif
2025-08-26 16:25:49,154 INFO File already exists, skipping: ./modis/ST2024IA0001/2024-05-05/MCD43A4.A2024123.h10v04.061.2024157195537_Nadir_Reflectance_Band3.tif
2025-08-26 16:25:49,154 INFO File already exists, skipping: ./modis/ST2024IA0001/2024-05-05/MCD43A4.A2024123.h10v04.061.2024157195537_Nadir_Reflectance_Band4.tif
2025-08-26 16:25:49,154 INFO File already exists, skipping: ./modis/ST2024IA0001/2024-05-05/MCD43A4.A2024123.h10v04.061.2024157195537_Nadir_Reflectance_Band5.tif
2025-08-26 16:25:49,154 INFO File already exists, skipping: ./modis/ST2024IA0001/2024-05-05/MCD43A4.A2024123.h10v04.061.2024157195537_Nadir_Reflectance_Band6.tif
2025-08-26 16:25:49,154 INFO File already exists, skipping: ./modis/ST2024IA0001/2024-05-05/MCD43A4.A2024123.h10v04.061.2024157195537_Nadir_Reflectance_Band7.tif
2025-08-26 16:25:49,154 INFO File already exists, skipping: ./modis/ST2024IA0001/2024-05-05/MCD43A4.A2024123.h10v04.061.2024134023738_Nadir_Reflectance_Band1.tif
2025-08-26 16:25:49,154 INFO File already exists, skipping: ./modis/ST2024IA0001/2024-05-05/MCD43A4.A2024123.h10v04.061.2024134023738_Nadir_Reflectance_Band2.tif
2025-08-26 16:25:49,154 INFO File already exists, skipping: ./modis/ST2024IA0001/2024-05-05/MCD43A4.A2024123.h10v04.061.2024134023738_Nadir_Reflectance_Band3.tif
2025-08-26 16:25:49,154 INFO File already exists, skipping: ./modis/ST2024IA0001/2024-05-05/MCD43A4.A2024123.h10v04.061.2024134023738_Nadir_Reflectance_Band4.tif
2025-08-26 16:25:49,154 INFO File already exists, skipping: ./modis/ST2024IA0001/2024-05-05/MCD43A4.A2024123.h10v04.061.2024134023738_Nadir_Reflectance_Band5.tif
2025-08-26 16:25:49,154 INFO File already exists, skipping: ./modis/ST2024IA0001/2024-05-05/MCD43A4.A2024123.h10v04.061.2024134023738_Nadir_Reflectance_Band6.tif
2025-08-26 16:25:49,154 INFO File already exists, skipping: ./modis/ST2024IA0001/2024-05-05/MCD43A4.A2024123.h10v04.061.2024134023738_Nadir_Reflectance_Band7.tif
2025-08-26 16:25:49,155 INFO File already exists, skipping: ./modis/ST2024IA0001/2024-05-05/MCD43A4.A2024122.h10v04.061.2024157190333_Nadir_Reflectance_Band1.tif
2025-08-26 16:25:49,155 INFO File already exists, skipping: ./modis/ST2024IA0001/2024-05-05/MCD43A4.A2024122.h10v04.061.2024157190333_Nadir_Reflectance_Band2.tif
2025-08-26 16:25:49,155 INFO File already exists, skipping: ./modis/ST2024IA0001/2024-05-05/MCD43A4.A2024122.h10v04.061.2024157190333_Nadir_Reflectance_Band3.tif
2025-08-26 16:25:49,155 INFO File already exists, skipping: ./modis/ST2024IA0001/2024-05-05/MCD43A4.A2024122.h10v04.061.2024157190333_Nadir_Reflectance_Band4.tif
2025-08-26 16:25:49,155 INFO File already exists, skipping: ./modis/ST2024IA0001/2024-05-05/MCD43A4.A2024122.h10v04.061.2024157190333_Nadir_Reflectance_Band5.tif
2025-08-26 16:25:49,155 INFO File already exists, skipping: ./modis/ST2024IA0001/2024-05-05/MCD43A4.A2024122.h10v04.061.2024157190333_Nadir_Reflectance_Band6.tif
2025-08-26 16:25:49,155 INFO File already exists, skipping: ./modis/ST2024IA0001/2024-05-05/MCD43A4.A2024122.h10v04.061.2024157190333_Nadir_Reflectance_Band7.tif
2025-08-26 16:25:49,156 INFO File already exists, skipping: ./modis/ST2024IA0001/2024-05-05/MCD43A4.A2024122.h10v04.061.2024131045148_Nadir_Reflectance_Band1.tif
2025-08-26 16:25:49,156 INFO File already exists, skipping: ./modis/ST2024IA0001/2024-05-05/MCD43A4.A2024122.h10v04.061.2024131045148_Nadir_Reflectance_Band2.tif
2025-08-26 16:25:49,156 INFO File already exists, skipping: ./modis/ST2024IA0001/2024-05-05/MCD43A4.A2024122.h10v04.061.2024131045148_Nadir_Reflectance_Band3.tif
2025-08-26 16:25:49,156 INFO File already exists, skipping: ./modis/ST2024IA0001/2024-05-05/MCD43A4.A2024122.h10v04.061.2024131045148_Nadir_Reflectance_Band4.tif
2025-08-26 16:25:49,156 INFO File already exists, skipping: ./modis/ST2024IA0001/2024-05-05/MCD43A4.A2024122.h10v04.061.2024131045148_Nadir_Reflectance_Band5.tif
2025-08-26 16:25:49,156 INFO File already exists, skipping: ./modis/ST2024IA0001/2024-05-05/MCD43A4.A2024122.h10v04.061.2024131045148_Nadir_Reflectance_Band6.tif
2025-08-26 16:25:49,156 INFO File already exists, skipping: ./modis/ST2024IA0001/2024-05-05/MCD43A4.A2024122.h10v04.061.2024131045148_Nadir_Reflectance_Band7.tif
2025-08-26 16:25:49,156 INFO File already exists, skipping: ./modis/ST2024IA0001/2024-05-05/MCD43A4.A2024121.h10v04.061.2024157184141_Nadir_Reflectance_Band1.tif
2025-08-26 16:25:49,156 INFO File already exists, skipping: ./modis/ST2024IA0001/2024-05-05/MCD43A4.A2024121.h10v04.061.2024157184141_Nadir_Reflectance_Band2.tif
2025-08-26 16:25:49,156 INFO File already exists, skipping: ./modis/ST2024IA0001/2024-05-05/MCD43A4.A2024121.h10v04.061.2024157184141_Nadir_Reflectance_Band3.tif
2025-08-26 16:25:49,156 INFO File already exists, skipping: ./modis/ST2024IA0001/2024-05-05/MCD43A4.A2024121.h10v04.061.2024157184141_Nadir_Reflectance_Band4.tif
2025-08-26 16:25:49,156 INFO File already exists, skipping: ./modis/ST2024IA0001/2024-05-05/MCD43A4.A2024121.h10v04.061.2024157184141_Nadir_Reflectance_Band5.tif
2025-08-26 16:25:49,156 INFO File already exists, skipping: ./modis/ST2024IA0001/2024-05-05/MCD43A4.A2024121.h10v04.061.2024157184141_Nadir_Reflectance_Band6.tif
2025-08-26 16:25:49,156 INFO File already exists, skipping: ./modis/ST2024IA0001/2024-05-05/MCD43A4.A2024121.h10v04.061.2024157184141_Nadir_Reflectance_Band7.tif
2025-08-26 16:25:49,157 INFO File already exists, skipping: ./modis/ST2024IA0001/2024-05-05/MCD43A4.A2024121.h10v04.061.2024131021655_Nadir_Reflectance_Band1.tif
2025-08-26 16:25:49,157 INFO File already exists, skipping: ./modis/ST2024IA0001/2024-05-05/MCD43A4.A2024121.h10v04.061.2024131021655_Nadir_Reflectance_Band2.tif
2025-08-26 16:25:49,157 INFO File already exists, skipping: ./modis/ST2024IA0001/2024-05-05/MCD43A4.A2024121.h10v04.061.2024131021655_Nadir_Reflectance_Band3.tif
2025-08-26 16:25:49,157 INFO File already exists, skipping: ./modis/ST2024IA0001/2024-05-05/MCD43A4.A2024121.h10v04.061.2024131021655_Nadir_Reflectance_Band4.tif
2025-08-26 16:25:49,157 INFO File already exists, skipping: ./modis/ST2024IA0001/2024-05-05/MCD43A4.A2024121.h10v04.061.2024131021655_Nadir_Reflectance_Band5.tif
2025-08-26 16:25:49,157 INFO File already exists, skipping: ./modis/ST2024IA0001/2024-05-05/MCD43A4.A2024121.h10v04.061.2024131021655_Nadir_Reflectance_Band6.tif
2025-08-26 16:25:49,157 INFO File already exists, skipping: ./modis/ST2024IA0001/2024-05-05/MCD43A4.A2024121.h10v04.061.2024131021655_Nadir_Reflectance_Band7.tif
2025-08-26 16:25:49,157 INFO File already exists, skipping: ./modis/ST2024IA0001/2024-05-05/MCD43A4.A2024120.h10v04.061.2024131013335_Nadir_Reflectance_Band1.tif
2025-08-26 16:25:49,157 INFO File already exists, skipping: ./modis/ST2024IA0001/2024-05-05/MCD43A4.A2024120.h10v04.061.2024131013335_Nadir_Reflectance_Band2.tif
2025-08-26 16:25:49,157 INFO File already exists, skipping: ./modis/ST2024IA0001/2024-05-05/MCD43A4.A2024120.h10v04.061.2024131013335_Nadir_Reflectance_Band3.tif
2025-08-26 16:25:49,157 INFO File already exists, skipping: ./modis/ST2024IA0001/2024-05-05/MCD43A4.A2024120.h10v04.061.2024131013335_Nadir_Reflectance_Band4.tif
2025-08-26 16:25:49,157 INFO File already exists, skipping: ./modis/ST2024IA0001/2024-05-05/MCD43A4.A2024120.h10v04.061.2024131013335_Nadir_Reflectance_Band5.tif
2025-08-26 16:25:49,157 INFO File already exists, skipping: ./modis/ST2024IA0001/2024-05-05/MCD43A4.A2024120.h10v04.061.2024131013335_Nadir_Reflectance_Band6.tif
2025-08-26 16:25:49,157 INFO File already exists, skipping: ./modis/ST2024IA0001/2024-05-05/MCD43A4.A2024120.h10v04.061.2024131013335_Nadir_Reflectance_Band7.tif
2025-08-26 16:25:49,158 INFO File already exists, skipping: ./modis/ST2024IA0001/2024-05-05/MCD43A4.A2024119.h10v04.061.2024128045736_Nadir_Reflectance_Band1.tif
2025-08-26 16:25:49,158 INFO File already exists, skipping: ./modis/ST2024IA0001/2024-05-05/MCD43A4.A2024119.h10v04.061.2024128045736_Nadir_Reflectance_Band2.tif
2025-08-26 16:25:49,158 INFO File already exists, skipping: ./modis/ST2024IA0001/2024-05-05/MCD43A4.A2024119.h10v04.061.2024128045736_Nadir_Reflectance_Band3.tif
2025-08-26 16:25:49,158 INFO File already exists, skipping: ./modis/ST2024IA0001/2024-05-05/MCD43A4.A2024119.h10v04.061.2024128045736_Nadir_Reflectance_Band4.tif
2025-08-26 16:25:49,158 INFO File already exists, skipping: ./modis/ST2024IA0001/2024-05-05/MCD43A4.A2024119.h10v04.061.2024128045736_Nadir_Reflectance_Band5.tif
2025-08-26 16:25:49,158 INFO File already exists, skipping: ./modis/ST2024IA0001/2024-05-05/MCD43A4.A2024119.h10v04.061.2024128045736_Nadir_Reflectance_Band6.tif
2025-08-26 16:25:49,158 INFO File already exists, skipping: ./modis/ST2024IA0001/2024-05-05/MCD43A4.A2024119.h10v04.061.2024128045736_Nadir_Reflectance_Band7.tif
2025-08-26 16:25:49,158 INFO Downloaded and cropped MODIS NBAR images for the date range: 2024-05-05 to 2024-05-11
2025-08-26 16:25:50,100 INFO File already exists, skipping: ./modis/ST2024IA0001/2024-05-12/MCD43A4.A2024139.h10v04.061.2024148175017_Nadir_Reflectance_Band1.tif
2025-08-26 16:25:50,100 INFO File already exists, skipping: ./modis/ST2024IA0001/2024-05-12/MCD43A4.A2024139.h10v04.061.2024148175017_Nadir_Reflectance_Band2.tif
2025-08-26 16:25:50,100 INFO File already exists, skipping: ./modis/ST2024IA0001/2024-05-12/MCD43A4.A2024139.h10v04.061.2024148175017_Nadir_Reflectance_Band3.tif
2025-08-26 16:25:50,100 INFO File already exists, skipping: ./modis/ST2024IA0001/2024-05-12/MCD43A4.A2024139.h10v04.061.2024148175017_Nadir_Reflectance_Band4.tif
2025-08-26 16:25:50,100 INFO File already exists, skipping: ./modis/ST2024IA0001/2024-05-12/MCD43A4.A2024139.h10v04.061.2024148175017_Nadir_Reflectance_Band5.tif
2025-08-26 16:25:50,100 INFO File already exists, skipping: ./modis/ST2024IA0001/2024-05-12/MCD43A4.A2024139.h10v04.061.2024148175017_Nadir_Reflectance_Band6.tif
2025-08-26 16:25:50,100 INFO File already exists, skipping: ./modis/ST2024IA0001/2024-05-12/MCD43A4.A2024139.h10v04.061.2024148175017_Nadir_Reflectance_Band7.tif
2025-08-26 16:25:50,101 INFO File already exists, skipping: ./modis/ST2024IA0001/2024-05-12/MCD43A4.A2024138.h10v04.061.2024147034745_Nadir_Reflectance_Band1.tif
2025-08-26 16:25:50,101 INFO File already exists, skipping: ./modis/ST2024IA0001/2024-05-12/MCD43A4.A2024138.h10v04.061.2024147034745_Nadir_Reflectance_Band2.tif
2025-08-26 16:25:50,101 INFO File already exists, skipping: ./modis/ST2024IA0001/2024-05-12/MCD43A4.A2024138.h10v04.061.2024147034745_Nadir_Reflectance_Band3.tif
2025-08-26 16:25:50,101 INFO File already exists, skipping: ./modis/ST2024IA0001/2024-05-12/MCD43A4.A2024138.h10v04.061.2024147034745_Nadir_Reflectance_Band4.tif
2025-08-26 16:25:50,101 INFO File already exists, skipping: ./modis/ST2024IA0001/2024-05-12/MCD43A4.A2024138.h10v04.061.2024147034745_Nadir_Reflectance_Band5.tif
2025-08-26 16:25:50,101 INFO File already exists, skipping: ./modis/ST2024IA0001/2024-05-12/MCD43A4.A2024138.h10v04.061.2024147034745_Nadir_Reflectance_Band6.tif
2025-08-26 16:25:50,101 INFO File already exists, skipping: ./modis/ST2024IA0001/2024-05-12/MCD43A4.A2024138.h10v04.061.2024147034745_Nadir_Reflectance_Band7.tif
2025-08-26 16:25:50,102 INFO File already exists, skipping: ./modis/ST2024IA0001/2024-05-12/MCD43A4.A2024137.h10v04.061.2024146035316_Nadir_Reflectance_Band1.tif
2025-08-26 16:25:50,102 INFO File already exists, skipping: ./modis/ST2024IA0001/2024-05-12/MCD43A4.A2024137.h10v04.061.2024146035316_Nadir_Reflectance_Band2.tif
2025-08-26 16:25:50,102 INFO File already exists, skipping: ./modis/ST2024IA0001/2024-05-12/MCD43A4.A2024137.h10v04.061.2024146035316_Nadir_Reflectance_Band3.tif
2025-08-26 16:25:50,102 INFO File already exists, skipping: ./modis/ST2024IA0001/2024-05-12/MCD43A4.A2024137.h10v04.061.2024146035316_Nadir_Reflectance_Band4.tif
2025-08-26 16:25:50,102 INFO File already exists, skipping: ./modis/ST2024IA0001/2024-05-12/MCD43A4.A2024137.h10v04.061.2024146035316_Nadir_Reflectance_Band5.tif
2025-08-26 16:25:50,102 INFO File already exists, skipping: ./modis/ST2024IA0001/2024-05-12/MCD43A4.A2024137.h10v04.061.2024146035316_Nadir_Reflectance_Band6.tif
2025-08-26 16:25:50,102 INFO File already exists, skipping: ./modis/ST2024IA0001/2024-05-12/MCD43A4.A2024137.h10v04.061.2024146035316_Nadir_Reflectance_Band7.tif
2025-08-26 16:25:50,103 INFO File already exists, skipping: ./modis/ST2024IA0001/2024-05-12/MCD43A4.A2024136.h10v04.061.2024158053428_Nadir_Reflectance_Band1.tif
2025-08-26 16:25:50,103 INFO File already exists, skipping: ./modis/ST2024IA0001/2024-05-12/MCD43A4.A2024136.h10v04.061.2024158053428_Nadir_Reflectance_Band2.tif
2025-08-26 16:25:50,103 INFO File already exists, skipping: ./modis/ST2024IA0001/2024-05-12/MCD43A4.A2024136.h10v04.061.2024158053428_Nadir_Reflectance_Band3.tif
2025-08-26 16:25:50,103 INFO File already exists, skipping: ./modis/ST2024IA0001/2024-05-12/MCD43A4.A2024136.h10v04.061.2024158053428_Nadir_Reflectance_Band4.tif
2025-08-26 16:25:50,103 INFO File already exists, skipping: ./modis/ST2024IA0001/2024-05-12/MCD43A4.A2024136.h10v04.061.2024158053428_Nadir_Reflectance_Band5.tif
2025-08-26 16:25:50,103 INFO File already exists, skipping: ./modis/ST2024IA0001/2024-05-12/MCD43A4.A2024136.h10v04.061.2024158053428_Nadir_Reflectance_Band6.tif
2025-08-26 16:25:50,103 INFO File already exists, skipping: ./modis/ST2024IA0001/2024-05-12/MCD43A4.A2024136.h10v04.061.2024158053428_Nadir_Reflectance_Band7.tif
2025-08-26 16:25:50,104 INFO File already exists, skipping: ./modis/ST2024IA0001/2024-05-12/MCD43A4.A2024136.h10v04.061.2024145045202_Nadir_Reflectance_Band1.tif
2025-08-26 16:25:50,104 INFO File already exists, skipping: ./modis/ST2024IA0001/2024-05-12/MCD43A4.A2024136.h10v04.061.2024145045202_Nadir_Reflectance_Band2.tif
2025-08-26 16:25:50,104 INFO File already exists, skipping: ./modis/ST2024IA0001/2024-05-12/MCD43A4.A2024136.h10v04.061.2024145045202_Nadir_Reflectance_Band3.tif
2025-08-26 16:25:50,104 INFO File already exists, skipping: ./modis/ST2024IA0001/2024-05-12/MCD43A4.A2024136.h10v04.061.2024145045202_Nadir_Reflectance_Band4.tif
2025-08-26 16:25:50,104 INFO File already exists, skipping: ./modis/ST2024IA0001/2024-05-12/MCD43A4.A2024136.h10v04.061.2024145045202_Nadir_Reflectance_Band5.tif
2025-08-26 16:25:50,104 INFO File already exists, skipping: ./modis/ST2024IA0001/2024-05-12/MCD43A4.A2024136.h10v04.061.2024145045202_Nadir_Reflectance_Band6.tif
2025-08-26 16:25:50,105 INFO File already exists, skipping: ./modis/ST2024IA0001/2024-05-12/MCD43A4.A2024136.h10v04.061.2024145045202_Nadir_Reflectance_Band7.tif
2025-08-26 16:25:50,105 INFO File already exists, skipping: ./modis/ST2024IA0001/2024-05-12/MCD43A4.A2024135.h10v04.061.2024158045451_Nadir_Reflectance_Band1.tif
2025-08-26 16:25:50,105 INFO File already exists, skipping: ./modis/ST2024IA0001/2024-05-12/MCD43A4.A2024135.h10v04.061.2024158045451_Nadir_Reflectance_Band2.tif
2025-08-26 16:25:50,105 INFO File already exists, skipping: ./modis/ST2024IA0001/2024-05-12/MCD43A4.A2024135.h10v04.061.2024158045451_Nadir_Reflectance_Band3.tif
2025-08-26 16:25:50,105 INFO File already exists, skipping: ./modis/ST2024IA0001/2024-05-12/MCD43A4.A2024135.h10v04.061.2024158045451_Nadir_Reflectance_Band4.tif
2025-08-26 16:25:50,105 INFO File already exists, skipping: ./modis/ST2024IA0001/2024-05-12/MCD43A4.A2024135.h10v04.061.2024158045451_Nadir_Reflectance_Band5.tif
2025-08-26 16:25:50,105 INFO File already exists, skipping: ./modis/ST2024IA0001/2024-05-12/MCD43A4.A2024135.h10v04.061.2024158045451_Nadir_Reflectance_Band6.tif
2025-08-26 16:25:50,106 INFO File already exists, skipping: ./modis/ST2024IA0001/2024-05-12/MCD43A4.A2024135.h10v04.061.2024158045451_Nadir_Reflectance_Band7.tif
2025-08-26 16:25:50,106 INFO File already exists, skipping: ./modis/ST2024IA0001/2024-05-12/MCD43A4.A2024135.h10v04.061.2024144053322_Nadir_Reflectance_Band1.tif
2025-08-26 16:25:50,106 INFO File already exists, skipping: ./modis/ST2024IA0001/2024-05-12/MCD43A4.A2024135.h10v04.061.2024144053322_Nadir_Reflectance_Band2.tif
2025-08-26 16:25:50,106 INFO File already exists, skipping: ./modis/ST2024IA0001/2024-05-12/MCD43A4.A2024135.h10v04.061.2024144053322_Nadir_Reflectance_Band3.tif
2025-08-26 16:25:50,106 INFO File already exists, skipping: ./modis/ST2024IA0001/2024-05-12/MCD43A4.A2024135.h10v04.061.2024144053322_Nadir_Reflectance_Band4.tif
2025-08-26 16:25:50,106 INFO File already exists, skipping: ./modis/ST2024IA0001/2024-05-12/MCD43A4.A2024135.h10v04.061.2024144053322_Nadir_Reflectance_Band5.tif
2025-08-26 16:25:50,107 INFO File already exists, skipping: ./modis/ST2024IA0001/2024-05-12/MCD43A4.A2024135.h10v04.061.2024144053322_Nadir_Reflectance_Band6.tif
2025-08-26 16:25:50,107 INFO File already exists, skipping: ./modis/ST2024IA0001/2024-05-12/MCD43A4.A2024135.h10v04.061.2024144053322_Nadir_Reflectance_Band7.tif
2025-08-26 16:25:50,107 INFO File already exists, skipping: ./modis/ST2024IA0001/2024-05-12/MCD43A4.A2024134.h10v04.061.2024158042634_Nadir_Reflectance_Band1.tif
2025-08-26 16:25:50,107 INFO File already exists, skipping: ./modis/ST2024IA0001/2024-05-12/MCD43A4.A2024134.h10v04.061.2024158042634_Nadir_Reflectance_Band2.tif
2025-08-26 16:25:50,107 INFO File already exists, skipping: ./modis/ST2024IA0001/2024-05-12/MCD43A4.A2024134.h10v04.061.2024158042634_Nadir_Reflectance_Band3.tif
2025-08-26 16:25:50,107 INFO File already exists, skipping: ./modis/ST2024IA0001/2024-05-12/MCD43A4.A2024134.h10v04.061.2024158042634_Nadir_Reflectance_Band4.tif
2025-08-26 16:25:50,107 INFO File already exists, skipping: ./modis/ST2024IA0001/2024-05-12/MCD43A4.A2024134.h10v04.061.2024158042634_Nadir_Reflectance_Band5.tif
2025-08-26 16:25:50,108 INFO File already exists, skipping: ./modis/ST2024IA0001/2024-05-12/MCD43A4.A2024134.h10v04.061.2024158042634_Nadir_Reflectance_Band6.tif
2025-08-26 16:25:50,108 INFO File already exists, skipping: ./modis/ST2024IA0001/2024-05-12/MCD43A4.A2024134.h10v04.061.2024158042634_Nadir_Reflectance_Band7.tif
2025-08-26 16:25:50,108 INFO File already exists, skipping: ./modis/ST2024IA0001/2024-05-12/MCD43A4.A2024134.h10v04.061.2024143131231_Nadir_Reflectance_Band1.tif
2025-08-26 16:25:50,108 INFO File already exists, skipping: ./modis/ST2024IA0001/2024-05-12/MCD43A4.A2024134.h10v04.061.2024143131231_Nadir_Reflectance_Band2.tif
2025-08-26 16:25:50,108 INFO File already exists, skipping: ./modis/ST2024IA0001/2024-05-12/MCD43A4.A2024134.h10v04.061.2024143131231_Nadir_Reflectance_Band3.tif
2025-08-26 16:25:50,108 INFO File already exists, skipping: ./modis/ST2024IA0001/2024-05-12/MCD43A4.A2024134.h10v04.061.2024143131231_Nadir_Reflectance_Band4.tif
2025-08-26 16:25:50,108 INFO File already exists, skipping: ./modis/ST2024IA0001/2024-05-12/MCD43A4.A2024134.h10v04.061.2024143131231_Nadir_Reflectance_Band5.tif
2025-08-26 16:25:50,109 INFO File already exists, skipping: ./modis/ST2024IA0001/2024-05-12/MCD43A4.A2024134.h10v04.061.2024143131231_Nadir_Reflectance_Band6.tif
2025-08-26 16:25:50,109 INFO File already exists, skipping: ./modis/ST2024IA0001/2024-05-12/MCD43A4.A2024134.h10v04.061.2024143131231_Nadir_Reflectance_Band7.tif
2025-08-26 16:25:50,109 INFO File already exists, skipping: ./modis/ST2024IA0001/2024-05-12/MCD43A4.A2024133.h10v04.061.2024158035359_Nadir_Reflectance_Band1.tif
2025-08-26 16:25:50,109 INFO File already exists, skipping: ./modis/ST2024IA0001/2024-05-12/MCD43A4.A2024133.h10v04.061.2024158035359_Nadir_Reflectance_Band2.tif
2025-08-26 16:25:50,109 INFO File already exists, skipping: ./modis/ST2024IA0001/2024-05-12/MCD43A4.A2024133.h10v04.061.2024158035359_Nadir_Reflectance_Band3.tif
2025-08-26 16:25:50,110 INFO File already exists, skipping: ./modis/ST2024IA0001/2024-05-12/MCD43A4.A2024133.h10v04.061.2024158035359_Nadir_Reflectance_Band4.tif
2025-08-26 16:25:50,110 INFO File already exists, skipping: ./modis/ST2024IA0001/2024-05-12/MCD43A4.A2024133.h10v04.061.2024158035359_Nadir_Reflectance_Band5.tif
2025-08-26 16:25:50,110 INFO File already exists, skipping: ./modis/ST2024IA0001/2024-05-12/MCD43A4.A2024133.h10v04.061.2024158035359_Nadir_Reflectance_Band6.tif
2025-08-26 16:26:12,488 INFO GDAL signalled an error: err_no=1, msg='Attempt to create 2x0 dataset is illegal,sizes must be larger than zero.'
2025-08-26 16:26:12,488 ERROR Failed to download or crop band: Nadir_Reflectance_Band7 for scene: MCD43A4.A2024133.h10v04.061.2024158035359. Error: Attempt to create 2x0 dataset is illegal,sizes must be larger than zero.
2025-08-26 16:26:12,489 INFO File already exists, skipping: ./modis/ST2024IA0001/2024-05-12/MCD43A4.A2024133.h10v04.061.2024143110733_Nadir_Reflectance_Band1.tif
2025-08-26 16:26:12,489 INFO File already exists, skipping: ./modis/ST2024IA0001/2024-05-12/MCD43A4.A2024133.h10v04.061.2024143110733_Nadir_Reflectance_Band2.tif
2025-08-26 16:26:12,489 INFO File already exists, skipping: ./modis/ST2024IA0001/2024-05-12/MCD43A4.A2024133.h10v04.061.2024143110733_Nadir_Reflectance_Band3.tif
2025-08-26 16:26:12,489 INFO File already exists, skipping: ./modis/ST2024IA0001/2024-05-12/MCD43A4.A2024133.h10v04.061.2024143110733_Nadir_Reflectance_Band4.tif
2025-08-26 16:26:12,489 INFO File already exists, skipping: ./modis/ST2024IA0001/2024-05-12/MCD43A4.A2024133.h10v04.061.2024143110733_Nadir_Reflectance_Band5.tif
2025-08-26 16:26:12,489 INFO File already exists, skipping: ./modis/ST2024IA0001/2024-05-12/MCD43A4.A2024133.h10v04.061.2024143110733_Nadir_Reflectance_Band6.tif
2025-08-26 16:26:12,489 INFO File already exists, skipping: ./modis/ST2024IA0001/2024-05-12/MCD43A4.A2024133.h10v04.061.2024143110733_Nadir_Reflectance_Band7.tif
2025-08-26 16:26:12,490 INFO File already exists, skipping: ./modis/ST2024IA0001/2024-05-12/MCD43A4.A2024132.h10v04.061.2024158032952_Nadir_Reflectance_Band1.tif
2025-08-26 16:26:12,490 INFO File already exists, skipping: ./modis/ST2024IA0001/2024-05-12/MCD43A4.A2024132.h10v04.061.2024158032952_Nadir_Reflectance_Band2.tif
2025-08-26 16:26:12,490 INFO File already exists, skipping: ./modis/ST2024IA0001/2024-05-12/MCD43A4.A2024132.h10v04.061.2024158032952_Nadir_Reflectance_Band3.tif
2025-08-26 16:26:12,490 INFO File already exists, skipping: ./modis/ST2024IA0001/2024-05-12/MCD43A4.A2024132.h10v04.061.2024158032952_Nadir_Reflectance_Band4.tif
2025-08-26 16:26:12,490 INFO File already exists, skipping: ./modis/ST2024IA0001/2024-05-12/MCD43A4.A2024132.h10v04.061.2024158032952_Nadir_Reflectance_Band5.tif
2025-08-26 16:26:12,490 INFO File already exists, skipping: ./modis/ST2024IA0001/2024-05-12/MCD43A4.A2024132.h10v04.061.2024158032952_Nadir_Reflectance_Band6.tif
2025-08-26 16:26:12,490 INFO File already exists, skipping: ./modis/ST2024IA0001/2024-05-12/MCD43A4.A2024132.h10v04.061.2024158032952_Nadir_Reflectance_Band7.tif
2025-08-26 16:26:12,490 INFO File already exists, skipping: ./modis/ST2024IA0001/2024-05-12/MCD43A4.A2024132.h10v04.061.2024142013317_Nadir_Reflectance_Band1.tif
2025-08-26 16:26:12,490 INFO File already exists, skipping: ./modis/ST2024IA0001/2024-05-12/MCD43A4.A2024132.h10v04.061.2024142013317_Nadir_Reflectance_Band2.tif
2025-08-26 16:26:12,490 INFO File already exists, skipping: ./modis/ST2024IA0001/2024-05-12/MCD43A4.A2024132.h10v04.061.2024142013317_Nadir_Reflectance_Band3.tif
2025-08-26 16:26:12,490 INFO File already exists, skipping: ./modis/ST2024IA0001/2024-05-12/MCD43A4.A2024132.h10v04.061.2024142013317_Nadir_Reflectance_Band4.tif
2025-08-26 16:26:12,490 INFO File already exists, skipping: ./modis/ST2024IA0001/2024-05-12/MCD43A4.A2024132.h10v04.061.2024142013317_Nadir_Reflectance_Band5.tif
2025-08-26 16:26:12,490 INFO File already exists, skipping: ./modis/ST2024IA0001/2024-05-12/MCD43A4.A2024132.h10v04.061.2024142013317_Nadir_Reflectance_Band6.tif
2025-08-26 16:26:12,490 INFO File already exists, skipping: ./modis/ST2024IA0001/2024-05-12/MCD43A4.A2024132.h10v04.061.2024142013317_Nadir_Reflectance_Band7.tif
2025-08-26 16:26:12,491 INFO File already exists, skipping: ./modis/ST2024IA0001/2024-05-12/MCD43A4.A2024131.h10v04.061.2024158025708_Nadir_Reflectance_Band1.tif
2025-08-26 16:26:12,491 INFO File already exists, skipping: ./modis/ST2024IA0001/2024-05-12/MCD43A4.A2024131.h10v04.061.2024158025708_Nadir_Reflectance_Band2.tif
2025-08-26 16:26:12,491 INFO File already exists, skipping: ./modis/ST2024IA0001/2024-05-12/MCD43A4.A2024131.h10v04.061.2024158025708_Nadir_Reflectance_Band3.tif
2025-08-26 16:26:12,491 INFO File already exists, skipping: ./modis/ST2024IA0001/2024-05-12/MCD43A4.A2024131.h10v04.061.2024158025708_Nadir_Reflectance_Band4.tif
2025-08-26 16:26:12,491 INFO File already exists, skipping: ./modis/ST2024IA0001/2024-05-12/MCD43A4.A2024131.h10v04.061.2024158025708_Nadir_Reflectance_Band5.tif
2025-08-26 16:26:12,491 INFO File already exists, skipping: ./modis/ST2024IA0001/2024-05-12/MCD43A4.A2024131.h10v04.061.2024158025708_Nadir_Reflectance_Band6.tif
2025-08-26 16:26:12,491 INFO File already exists, skipping: ./modis/ST2024IA0001/2024-05-12/MCD43A4.A2024131.h10v04.061.2024158025708_Nadir_Reflectance_Band7.tif
2025-08-26 16:26:12,491 INFO File already exists, skipping: ./modis/ST2024IA0001/2024-05-12/MCD43A4.A2024131.h10v04.061.2024140033155_Nadir_Reflectance_Band1.tif
2025-08-26 16:26:12,491 INFO File already exists, skipping: ./modis/ST2024IA0001/2024-05-12/MCD43A4.A2024131.h10v04.061.2024140033155_Nadir_Reflectance_Band2.tif
2025-08-26 16:26:12,491 INFO File already exists, skipping: ./modis/ST2024IA0001/2024-05-12/MCD43A4.A2024131.h10v04.061.2024140033155_Nadir_Reflectance_Band3.tif
2025-08-26 16:26:12,491 INFO File already exists, skipping: ./modis/ST2024IA0001/2024-05-12/MCD43A4.A2024131.h10v04.061.2024140033155_Nadir_Reflectance_Band4.tif
2025-08-26 16:26:12,491 INFO File already exists, skipping: ./modis/ST2024IA0001/2024-05-12/MCD43A4.A2024131.h10v04.061.2024140033155_Nadir_Reflectance_Band5.tif
2025-08-26 16:26:12,492 INFO File already exists, skipping: ./modis/ST2024IA0001/2024-05-12/MCD43A4.A2024131.h10v04.061.2024140033155_Nadir_Reflectance_Band6.tif
2025-08-26 16:26:12,492 INFO File already exists, skipping: ./modis/ST2024IA0001/2024-05-12/MCD43A4.A2024131.h10v04.061.2024140033155_Nadir_Reflectance_Band7.tif
2025-08-26 16:26:12,492 INFO File already exists, skipping: ./modis/ST2024IA0001/2024-05-12/MCD43A4.A2024130.h10v04.061.2024158021059_Nadir_Reflectance_Band1.tif
2025-08-26 16:26:12,492 INFO File already exists, skipping: ./modis/ST2024IA0001/2024-05-12/MCD43A4.A2024130.h10v04.061.2024158021059_Nadir_Reflectance_Band2.tif
2025-08-26 16:26:12,492 INFO File already exists, skipping: ./modis/ST2024IA0001/2024-05-12/MCD43A4.A2024130.h10v04.061.2024158021059_Nadir_Reflectance_Band3.tif
2025-08-26 16:26:12,492 INFO File already exists, skipping: ./modis/ST2024IA0001/2024-05-12/MCD43A4.A2024130.h10v04.061.2024158021059_Nadir_Reflectance_Band4.tif
2025-08-26 16:26:12,492 INFO File already exists, skipping: ./modis/ST2024IA0001/2024-05-12/MCD43A4.A2024130.h10v04.061.2024158021059_Nadir_Reflectance_Band5.tif
2025-08-26 16:26:12,492 INFO File already exists, skipping: ./modis/ST2024IA0001/2024-05-12/MCD43A4.A2024130.h10v04.061.2024158021059_Nadir_Reflectance_Band6.tif
2025-08-26 16:26:12,492 INFO File already exists, skipping: ./modis/ST2024IA0001/2024-05-12/MCD43A4.A2024130.h10v04.061.2024158021059_Nadir_Reflectance_Band7.tif
2025-08-26 16:26:12,493 INFO File already exists, skipping: ./modis/ST2024IA0001/2024-05-12/MCD43A4.A2024130.h10v04.061.2024139052744_Nadir_Reflectance_Band1.tif
2025-08-26 16:26:12,493 INFO File already exists, skipping: ./modis/ST2024IA0001/2024-05-12/MCD43A4.A2024130.h10v04.061.2024139052744_Nadir_Reflectance_Band2.tif
2025-08-26 16:26:12,493 INFO File already exists, skipping: ./modis/ST2024IA0001/2024-05-12/MCD43A4.A2024130.h10v04.061.2024139052744_Nadir_Reflectance_Band3.tif
2025-08-26 16:26:12,493 INFO File already exists, skipping: ./modis/ST2024IA0001/2024-05-12/MCD43A4.A2024130.h10v04.061.2024139052744_Nadir_Reflectance_Band4.tif
2025-08-26 16:26:12,493 INFO File already exists, skipping: ./modis/ST2024IA0001/2024-05-12/MCD43A4.A2024130.h10v04.061.2024139052744_Nadir_Reflectance_Band5.tif
2025-08-26 16:26:12,493 INFO File already exists, skipping: ./modis/ST2024IA0001/2024-05-12/MCD43A4.A2024130.h10v04.061.2024139052744_Nadir_Reflectance_Band6.tif
2025-08-26 16:26:12,493 INFO File already exists, skipping: ./modis/ST2024IA0001/2024-05-12/MCD43A4.A2024130.h10v04.061.2024139052744_Nadir_Reflectance_Band7.tif
2025-08-26 16:26:12,493 INFO File already exists, skipping: ./modis/ST2024IA0001/2024-05-12/MCD43A4.A2024129.h10v04.061.2024158012501_Nadir_Reflectance_Band1.tif
2025-08-26 16:26:12,493 INFO File already exists, skipping: ./modis/ST2024IA0001/2024-05-12/MCD43A4.A2024129.h10v04.061.2024158012501_Nadir_Reflectance_Band2.tif
2025-08-26 16:26:12,493 INFO File already exists, skipping: ./modis/ST2024IA0001/2024-05-12/MCD43A4.A2024129.h10v04.061.2024158012501_Nadir_Reflectance_Band3.tif
2025-08-26 16:26:12,493 INFO File already exists, skipping: ./modis/ST2024IA0001/2024-05-12/MCD43A4.A2024129.h10v04.061.2024158012501_Nadir_Reflectance_Band4.tif
2025-08-26 16:26:12,493 INFO File already exists, skipping: ./modis/ST2024IA0001/2024-05-12/MCD43A4.A2024129.h10v04.061.2024158012501_Nadir_Reflectance_Band5.tif
2025-08-26 16:26:12,493 INFO File already exists, skipping: ./modis/ST2024IA0001/2024-05-12/MCD43A4.A2024129.h10v04.061.2024158012501_Nadir_Reflectance_Band6.tif
2025-08-26 16:26:12,493 INFO File already exists, skipping: ./modis/ST2024IA0001/2024-05-12/MCD43A4.A2024129.h10v04.061.2024158012501_Nadir_Reflectance_Band7.tif
2025-08-26 16:26:12,494 INFO File already exists, skipping: ./modis/ST2024IA0001/2024-05-12/MCD43A4.A2024129.h10v04.061.2024138045352_Nadir_Reflectance_Band1.tif
2025-08-26 16:26:12,494 INFO File already exists, skipping: ./modis/ST2024IA0001/2024-05-12/MCD43A4.A2024129.h10v04.061.2024138045352_Nadir_Reflectance_Band2.tif
2025-08-26 16:26:12,494 INFO File already exists, skipping: ./modis/ST2024IA0001/2024-05-12/MCD43A4.A2024129.h10v04.061.2024138045352_Nadir_Reflectance_Band3.tif
2025-08-26 16:26:12,494 INFO File already exists, skipping: ./modis/ST2024IA0001/2024-05-12/MCD43A4.A2024129.h10v04.061.2024138045352_Nadir_Reflectance_Band4.tif
2025-08-26 16:26:12,494 INFO File already exists, skipping: ./modis/ST2024IA0001/2024-05-12/MCD43A4.A2024129.h10v04.061.2024138045352_Nadir_Reflectance_Band5.tif
2025-08-26 16:26:12,494 INFO File already exists, skipping: ./modis/ST2024IA0001/2024-05-12/MCD43A4.A2024129.h10v04.061.2024138045352_Nadir_Reflectance_Band6.tif
2025-08-26 16:26:12,494 INFO File already exists, skipping: ./modis/ST2024IA0001/2024-05-12/MCD43A4.A2024129.h10v04.061.2024138045352_Nadir_Reflectance_Band7.tif
2025-08-26 16:26:12,494 INFO File already exists, skipping: ./modis/ST2024IA0001/2024-05-12/MCD43A4.A2024128.h10v04.061.2024157221141_Nadir_Reflectance_Band1.tif
2025-08-26 16:26:12,494 INFO File already exists, skipping: ./modis/ST2024IA0001/2024-05-12/MCD43A4.A2024128.h10v04.061.2024157221141_Nadir_Reflectance_Band2.tif
2025-08-26 16:26:12,494 INFO File already exists, skipping: ./modis/ST2024IA0001/2024-05-12/MCD43A4.A2024128.h10v04.061.2024157221141_Nadir_Reflectance_Band3.tif
2025-08-26 16:26:12,494 INFO File already exists, skipping: ./modis/ST2024IA0001/2024-05-12/MCD43A4.A2024128.h10v04.061.2024157221141_Nadir_Reflectance_Band4.tif
2025-08-26 16:26:12,494 INFO File already exists, skipping: ./modis/ST2024IA0001/2024-05-12/MCD43A4.A2024128.h10v04.061.2024157221141_Nadir_Reflectance_Band5.tif
2025-08-26 16:26:12,494 INFO File already exists, skipping: ./modis/ST2024IA0001/2024-05-12/MCD43A4.A2024128.h10v04.061.2024157221141_Nadir_Reflectance_Band6.tif
2025-08-26 16:26:12,494 INFO File already exists, skipping: ./modis/ST2024IA0001/2024-05-12/MCD43A4.A2024128.h10v04.061.2024157221141_Nadir_Reflectance_Band7.tif
2025-08-26 16:26:12,495 INFO File already exists, skipping: ./modis/ST2024IA0001/2024-05-12/MCD43A4.A2024128.h10v04.061.2024137033949_Nadir_Reflectance_Band1.tif
2025-08-26 16:26:12,495 INFO File already exists, skipping: ./modis/ST2024IA0001/2024-05-12/MCD43A4.A2024128.h10v04.061.2024137033949_Nadir_Reflectance_Band2.tif
2025-08-26 16:26:12,495 INFO File already exists, skipping: ./modis/ST2024IA0001/2024-05-12/MCD43A4.A2024128.h10v04.061.2024137033949_Nadir_Reflectance_Band3.tif
2025-08-26 16:26:12,495 INFO File already exists, skipping: ./modis/ST2024IA0001/2024-05-12/MCD43A4.A2024128.h10v04.061.2024137033949_Nadir_Reflectance_Band4.tif
2025-08-26 16:26:12,495 INFO File already exists, skipping: ./modis/ST2024IA0001/2024-05-12/MCD43A4.A2024128.h10v04.061.2024137033949_Nadir_Reflectance_Band5.tif
2025-08-26 16:26:12,495 INFO File already exists, skipping: ./modis/ST2024IA0001/2024-05-12/MCD43A4.A2024128.h10v04.061.2024137033949_Nadir_Reflectance_Band6.tif
2025-08-26 16:26:12,495 INFO File already exists, skipping: ./modis/ST2024IA0001/2024-05-12/MCD43A4.A2024128.h10v04.061.2024137033949_Nadir_Reflectance_Band7.tif
2025-08-26 16:26:12,495 INFO File already exists, skipping: ./modis/ST2024IA0001/2024-05-12/MCD43A4.A2024127.h10v04.061.2024157215219_Nadir_Reflectance_Band1.tif
2025-08-26 16:26:12,495 INFO File already exists, skipping: ./modis/ST2024IA0001/2024-05-12/MCD43A4.A2024127.h10v04.061.2024157215219_Nadir_Reflectance_Band2.tif
2025-08-26 16:26:12,495 INFO File already exists, skipping: ./modis/ST2024IA0001/2024-05-12/MCD43A4.A2024127.h10v04.061.2024157215219_Nadir_Reflectance_Band3.tif
2025-08-26 16:26:12,496 INFO File already exists, skipping: ./modis/ST2024IA0001/2024-05-12/MCD43A4.A2024127.h10v04.061.2024157215219_Nadir_Reflectance_Band4.tif
2025-08-26 16:26:12,496 INFO File already exists, skipping: ./modis/ST2024IA0001/2024-05-12/MCD43A4.A2024127.h10v04.061.2024157215219_Nadir_Reflectance_Band5.tif
2025-08-26 16:26:12,496 INFO File already exists, skipping: ./modis/ST2024IA0001/2024-05-12/MCD43A4.A2024127.h10v04.061.2024157215219_Nadir_Reflectance_Band6.tif
2025-08-26 16:26:58,318 INFO GDAL signalled an error: err_no=1, msg='Attempt to create 2x0 dataset is illegal,sizes must be larger than zero.'
2025-08-26 16:26:58,319 ERROR Failed to download or crop band: Nadir_Reflectance_Band7 for scene: MCD43A4.A2024127.h10v04.061.2024157215219. Error: Attempt to create 2x0 dataset is illegal,sizes must be larger than zero.
2025-08-26 16:26:58,320 INFO File already exists, skipping: ./modis/ST2024IA0001/2024-05-12/MCD43A4.A2024127.h10v04.061.2024136051637_Nadir_Reflectance_Band1.tif
2025-08-26 16:26:58,320 INFO File already exists, skipping: ./modis/ST2024IA0001/2024-05-12/MCD43A4.A2024127.h10v04.061.2024136051637_Nadir_Reflectance_Band2.tif
2025-08-26 16:26:58,320 INFO File already exists, skipping: ./modis/ST2024IA0001/2024-05-12/MCD43A4.A2024127.h10v04.061.2024136051637_Nadir_Reflectance_Band3.tif
2025-08-26 16:26:58,320 INFO File already exists, skipping: ./modis/ST2024IA0001/2024-05-12/MCD43A4.A2024127.h10v04.061.2024136051637_Nadir_Reflectance_Band4.tif
2025-08-26 16:26:58,320 INFO File already exists, skipping: ./modis/ST2024IA0001/2024-05-12/MCD43A4.A2024127.h10v04.061.2024136051637_Nadir_Reflectance_Band5.tif
2025-08-26 16:26:58,320 INFO File already exists, skipping: ./modis/ST2024IA0001/2024-05-12/MCD43A4.A2024127.h10v04.061.2024136051637_Nadir_Reflectance_Band6.tif
2025-08-26 16:26:58,320 INFO File already exists, skipping: ./modis/ST2024IA0001/2024-05-12/MCD43A4.A2024127.h10v04.061.2024136051637_Nadir_Reflectance_Band7.tif
2025-08-26 16:26:58,320 INFO File already exists, skipping: ./modis/ST2024IA0001/2024-05-12/MCD43A4.A2024126.h10v04.061.2024157212217_Nadir_Reflectance_Band1.tif
2025-08-26 16:26:58,320 INFO File already exists, skipping: ./modis/ST2024IA0001/2024-05-12/MCD43A4.A2024126.h10v04.061.2024157212217_Nadir_Reflectance_Band2.tif
2025-08-26 16:26:58,320 INFO File already exists, skipping: ./modis/ST2024IA0001/2024-05-12/MCD43A4.A2024126.h10v04.061.2024157212217_Nadir_Reflectance_Band3.tif
2025-08-26 16:26:58,320 INFO File already exists, skipping: ./modis/ST2024IA0001/2024-05-12/MCD43A4.A2024126.h10v04.061.2024157212217_Nadir_Reflectance_Band4.tif
2025-08-26 16:26:58,320 INFO File already exists, skipping: ./modis/ST2024IA0001/2024-05-12/MCD43A4.A2024126.h10v04.061.2024157212217_Nadir_Reflectance_Band5.tif
2025-08-26 16:26:58,320 INFO File already exists, skipping: ./modis/ST2024IA0001/2024-05-12/MCD43A4.A2024126.h10v04.061.2024157212217_Nadir_Reflectance_Band6.tif
2025-08-26 16:26:58,320 INFO File already exists, skipping: ./modis/ST2024IA0001/2024-05-12/MCD43A4.A2024126.h10v04.061.2024157212217_Nadir_Reflectance_Band7.tif
2025-08-26 16:26:58,321 INFO File already exists, skipping: ./modis/ST2024IA0001/2024-05-12/MCD43A4.A2024126.h10v04.061.2024135040227_Nadir_Reflectance_Band1.tif
2025-08-26 16:26:58,321 INFO File already exists, skipping: ./modis/ST2024IA0001/2024-05-12/MCD43A4.A2024126.h10v04.061.2024135040227_Nadir_Reflectance_Band2.tif
2025-08-26 16:26:58,321 INFO File already exists, skipping: ./modis/ST2024IA0001/2024-05-12/MCD43A4.A2024126.h10v04.061.2024135040227_Nadir_Reflectance_Band3.tif
2025-08-26 16:26:58,321 INFO File already exists, skipping: ./modis/ST2024IA0001/2024-05-12/MCD43A4.A2024126.h10v04.061.2024135040227_Nadir_Reflectance_Band4.tif
2025-08-26 16:26:58,321 INFO File already exists, skipping: ./modis/ST2024IA0001/2024-05-12/MCD43A4.A2024126.h10v04.061.2024135040227_Nadir_Reflectance_Band5.tif
2025-08-26 16:26:58,321 INFO File already exists, skipping: ./modis/ST2024IA0001/2024-05-12/MCD43A4.A2024126.h10v04.061.2024135040227_Nadir_Reflectance_Band6.tif
2025-08-26 16:26:58,321 INFO File already exists, skipping: ./modis/ST2024IA0001/2024-05-12/MCD43A4.A2024126.h10v04.061.2024135040227_Nadir_Reflectance_Band7.tif
2025-08-26 16:26:58,321 INFO Downloaded and cropped MODIS NBAR images for the date range: 2024-05-12 to 2024-05-18
2025-08-26 16:26:59,295 INFO File already exists, skipping: ./modis/ST2024IA0001/2024-05-19/MCD43A4.A2024146.h10v04.061.2024156100333_Nadir_Reflectance_Band1.tif
2025-08-26 16:26:59,295 INFO File already exists, skipping: ./modis/ST2024IA0001/2024-05-19/MCD43A4.A2024146.h10v04.061.2024156100333_Nadir_Reflectance_Band2.tif
2025-08-26 16:26:59,295 INFO File already exists, skipping: ./modis/ST2024IA0001/2024-05-19/MCD43A4.A2024146.h10v04.061.2024156100333_Nadir_Reflectance_Band3.tif
2025-08-26 16:26:59,295 INFO File already exists, skipping: ./modis/ST2024IA0001/2024-05-19/MCD43A4.A2024146.h10v04.061.2024156100333_Nadir_Reflectance_Band4.tif
2025-08-26 16:26:59,295 INFO File already exists, skipping: ./modis/ST2024IA0001/2024-05-19/MCD43A4.A2024146.h10v04.061.2024156100333_Nadir_Reflectance_Band5.tif
2025-08-26 16:26:59,295 INFO File already exists, skipping: ./modis/ST2024IA0001/2024-05-19/MCD43A4.A2024146.h10v04.061.2024156100333_Nadir_Reflectance_Band6.tif
2025-08-26 16:26:59,296 INFO File already exists, skipping: ./modis/ST2024IA0001/2024-05-19/MCD43A4.A2024146.h10v04.061.2024156100333_Nadir_Reflectance_Band7.tif
2025-08-26 16:26:59,296 INFO File already exists, skipping: ./modis/ST2024IA0001/2024-05-19/MCD43A4.A2024145.h10v04.061.2024156090009_Nadir_Reflectance_Band1.tif
2025-08-26 16:26:59,296 INFO File already exists, skipping: ./modis/ST2024IA0001/2024-05-19/MCD43A4.A2024145.h10v04.061.2024156090009_Nadir_Reflectance_Band2.tif
2025-08-26 16:26:59,296 INFO File already exists, skipping: ./modis/ST2024IA0001/2024-05-19/MCD43A4.A2024145.h10v04.061.2024156090009_Nadir_Reflectance_Band3.tif
2025-08-26 16:26:59,296 INFO File already exists, skipping: ./modis/ST2024IA0001/2024-05-19/MCD43A4.A2024145.h10v04.061.2024156090009_Nadir_Reflectance_Band4.tif
2025-08-26 16:26:59,296 INFO File already exists, skipping: ./modis/ST2024IA0001/2024-05-19/MCD43A4.A2024145.h10v04.061.2024156090009_Nadir_Reflectance_Band5.tif
2025-08-26 16:26:59,297 INFO File already exists, skipping: ./modis/ST2024IA0001/2024-05-19/MCD43A4.A2024145.h10v04.061.2024156090009_Nadir_Reflectance_Band6.tif
2025-08-26 16:26:59,297 INFO File already exists, skipping: ./modis/ST2024IA0001/2024-05-19/MCD43A4.A2024145.h10v04.061.2024156090009_Nadir_Reflectance_Band7.tif
2025-08-26 16:26:59,297 INFO File already exists, skipping: ./modis/ST2024IA0001/2024-05-19/MCD43A4.A2024144.h10v04.061.2024156074212_Nadir_Reflectance_Band1.tif
2025-08-26 16:26:59,297 INFO File already exists, skipping: ./modis/ST2024IA0001/2024-05-19/MCD43A4.A2024144.h10v04.061.2024156074212_Nadir_Reflectance_Band2.tif
2025-08-26 16:26:59,297 INFO File already exists, skipping: ./modis/ST2024IA0001/2024-05-19/MCD43A4.A2024144.h10v04.061.2024156074212_Nadir_Reflectance_Band3.tif
2025-08-26 16:26:59,297 INFO File already exists, skipping: ./modis/ST2024IA0001/2024-05-19/MCD43A4.A2024144.h10v04.061.2024156074212_Nadir_Reflectance_Band4.tif
2025-08-26 16:26:59,297 INFO File already exists, skipping: ./modis/ST2024IA0001/2024-05-19/MCD43A4.A2024144.h10v04.061.2024156074212_Nadir_Reflectance_Band5.tif
2025-08-26 16:26:59,298 INFO File already exists, skipping: ./modis/ST2024IA0001/2024-05-19/MCD43A4.A2024144.h10v04.061.2024156074212_Nadir_Reflectance_Band6.tif
2025-08-26 16:26:59,298 INFO File already exists, skipping: ./modis/ST2024IA0001/2024-05-19/MCD43A4.A2024144.h10v04.061.2024156074212_Nadir_Reflectance_Band7.tif
2025-08-26 16:26:59,298 INFO File already exists, skipping: ./modis/ST2024IA0001/2024-05-19/MCD43A4.A2024143.h10v04.061.2024156064823_Nadir_Reflectance_Band1.tif
2025-08-26 16:26:59,298 INFO File already exists, skipping: ./modis/ST2024IA0001/2024-05-19/MCD43A4.A2024143.h10v04.061.2024156064823_Nadir_Reflectance_Band2.tif
2025-08-26 16:27:24,589 INFO GDAL signalled an error: err_no=1, msg='Attempt to create 2x0 dataset is illegal,sizes must be larger than zero.'
2025-08-26 16:27:24,589 ERROR Failed to download or crop band: Nadir_Reflectance_Band3 for scene: MCD43A4.A2024143.h10v04.061.2024156064823. Error: Attempt to create 2x0 dataset is illegal,sizes must be larger than zero.
2025-08-26 16:27:28,444 INFO GDAL signalled an error: err_no=1, msg='Attempt to create 2x0 dataset is illegal,sizes must be larger than zero.'
2025-08-26 16:27:28,445 ERROR Failed to download or crop band: Nadir_Reflectance_Band4 for scene: MCD43A4.A2024143.h10v04.061.2024156064823. Error: Attempt to create 2x0 dataset is illegal,sizes must be larger than zero.
2025-08-26 16:27:53,028 INFO GDAL signalled an error: err_no=1, msg='Attempt to create 2x0 dataset is illegal,sizes must be larger than zero.'
2025-08-26 16:27:53,029 ERROR Failed to download or crop band: Nadir_Reflectance_Band5 for scene: MCD43A4.A2024143.h10v04.061.2024156064823. Error: Attempt to create 2x0 dataset is illegal,sizes must be larger than zero.
2025-08-26 16:28:00,747 INFO GDAL signalled an error: err_no=1, msg='Attempt to create 2x0 dataset is illegal,sizes must be larger than zero.'
2025-08-26 16:28:00,747 ERROR Failed to download or crop band: Nadir_Reflectance_Band6 for scene: MCD43A4.A2024143.h10v04.061.2024156064823. Error: Attempt to create 2x0 dataset is illegal,sizes must be larger than zero.
2025-08-26 16:28:46,319 INFO GDAL signalled an error: err_no=1, msg='Attempt to create 2x0 dataset is illegal,sizes must be larger than zero.'
2025-08-26 16:28:46,320 ERROR Failed to download or crop band: Nadir_Reflectance_Band7 for scene: MCD43A4.A2024143.h10v04.061.2024156064823. Error: Attempt to create 2x0 dataset is illegal,sizes must be larger than zero.
2025-08-26 16:28:46,320 INFO File already exists, skipping: ./modis/ST2024IA0001/2024-05-19/MCD43A4.A2024142.h10v04.061.2024152022021_Nadir_Reflectance_Band1.tif
2025-08-26 16:28:46,320 INFO File already exists, skipping: ./modis/ST2024IA0001/2024-05-19/MCD43A4.A2024142.h10v04.061.2024152022021_Nadir_Reflectance_Band2.tif
2025-08-26 16:28:46,320 INFO File already exists, skipping: ./modis/ST2024IA0001/2024-05-19/MCD43A4.A2024142.h10v04.061.2024152022021_Nadir_Reflectance_Band3.tif
2025-08-26 16:28:46,320 INFO File already exists, skipping: ./modis/ST2024IA0001/2024-05-19/MCD43A4.A2024142.h10v04.061.2024152022021_Nadir_Reflectance_Band4.tif
2025-08-26 16:28:46,320 INFO File already exists, skipping: ./modis/ST2024IA0001/2024-05-19/MCD43A4.A2024142.h10v04.061.2024152022021_Nadir_Reflectance_Band5.tif
2025-08-26 16:28:46,320 INFO File already exists, skipping: ./modis/ST2024IA0001/2024-05-19/MCD43A4.A2024142.h10v04.061.2024152022021_Nadir_Reflectance_Band6.tif
2025-08-26 16:28:46,320 INFO File already exists, skipping: ./modis/ST2024IA0001/2024-05-19/MCD43A4.A2024142.h10v04.061.2024152022021_Nadir_Reflectance_Band7.tif
2025-08-26 16:28:46,321 INFO File already exists, skipping: ./modis/ST2024IA0001/2024-05-19/MCD43A4.A2024141.h10v04.061.2024152014506_Nadir_Reflectance_Band1.tif
2025-08-26 16:28:46,321 INFO File already exists, skipping: ./modis/ST2024IA0001/2024-05-19/MCD43A4.A2024141.h10v04.061.2024152014506_Nadir_Reflectance_Band2.tif
2025-08-26 16:28:46,321 INFO File already exists, skipping: ./modis/ST2024IA0001/2024-05-19/MCD43A4.A2024141.h10v04.061.2024152014506_Nadir_Reflectance_Band3.tif
2025-08-26 16:28:46,321 INFO File already exists, skipping: ./modis/ST2024IA0001/2024-05-19/MCD43A4.A2024141.h10v04.061.2024152014506_Nadir_Reflectance_Band4.tif
2025-08-26 16:28:46,321 INFO File already exists, skipping: ./modis/ST2024IA0001/2024-05-19/MCD43A4.A2024141.h10v04.061.2024152014506_Nadir_Reflectance_Band5.tif
2025-08-26 16:28:46,321 INFO File already exists, skipping: ./modis/ST2024IA0001/2024-05-19/MCD43A4.A2024141.h10v04.061.2024152014506_Nadir_Reflectance_Band6.tif
2025-08-26 16:28:46,321 INFO File already exists, skipping: ./modis/ST2024IA0001/2024-05-19/MCD43A4.A2024141.h10v04.061.2024152014506_Nadir_Reflectance_Band7.tif
2025-08-26 16:28:46,322 INFO File already exists, skipping: ./modis/ST2024IA0001/2024-05-19/MCD43A4.A2024140.h10v04.061.2024149060009_Nadir_Reflectance_Band1.tif
2025-08-26 16:28:46,322 INFO File already exists, skipping: ./modis/ST2024IA0001/2024-05-19/MCD43A4.A2024140.h10v04.061.2024149060009_Nadir_Reflectance_Band2.tif
2025-08-26 16:28:46,322 INFO File already exists, skipping: ./modis/ST2024IA0001/2024-05-19/MCD43A4.A2024140.h10v04.061.2024149060009_Nadir_Reflectance_Band3.tif
2025-08-26 16:28:46,322 INFO File already exists, skipping: ./modis/ST2024IA0001/2024-05-19/MCD43A4.A2024140.h10v04.061.2024149060009_Nadir_Reflectance_Band4.tif
2025-08-26 16:28:46,322 INFO File already exists, skipping: ./modis/ST2024IA0001/2024-05-19/MCD43A4.A2024140.h10v04.061.2024149060009_Nadir_Reflectance_Band5.tif
2025-08-26 16:28:46,322 INFO File already exists, skipping: ./modis/ST2024IA0001/2024-05-19/MCD43A4.A2024140.h10v04.061.2024149060009_Nadir_Reflectance_Band6.tif
2025-08-26 16:28:46,322 INFO File already exists, skipping: ./modis/ST2024IA0001/2024-05-19/MCD43A4.A2024140.h10v04.061.2024149060009_Nadir_Reflectance_Band7.tif
2025-08-26 16:28:46,322 INFO File already exists, skipping: ./modis/ST2024IA0001/2024-05-19/MCD43A4.A2024139.h10v04.061.2024148175017_Nadir_Reflectance_Band1.tif
2025-08-26 16:28:46,322 INFO File already exists, skipping: ./modis/ST2024IA0001/2024-05-19/MCD43A4.A2024139.h10v04.061.2024148175017_Nadir_Reflectance_Band2.tif
2025-08-26 16:28:46,322 INFO File already exists, skipping: ./modis/ST2024IA0001/2024-05-19/MCD43A4.A2024139.h10v04.061.2024148175017_Nadir_Reflectance_Band3.tif
2025-08-26 16:28:46,322 INFO File already exists, skipping: ./modis/ST2024IA0001/2024-05-19/MCD43A4.A2024139.h10v04.061.2024148175017_Nadir_Reflectance_Band4.tif
2025-08-26 16:28:46,322 INFO File already exists, skipping: ./modis/ST2024IA0001/2024-05-19/MCD43A4.A2024139.h10v04.061.2024148175017_Nadir_Reflectance_Band5.tif
2025-08-26 16:28:46,322 INFO File already exists, skipping: ./modis/ST2024IA0001/2024-05-19/MCD43A4.A2024139.h10v04.061.2024148175017_Nadir_Reflectance_Band6.tif
2025-08-26 16:28:46,322 INFO File already exists, skipping: ./modis/ST2024IA0001/2024-05-19/MCD43A4.A2024139.h10v04.061.2024148175017_Nadir_Reflectance_Band7.tif
2025-08-26 16:28:46,323 INFO File already exists, skipping: ./modis/ST2024IA0001/2024-05-19/MCD43A4.A2024138.h10v04.061.2024147034745_Nadir_Reflectance_Band1.tif
2025-08-26 16:28:46,323 INFO File already exists, skipping: ./modis/ST2024IA0001/2024-05-19/MCD43A4.A2024138.h10v04.061.2024147034745_Nadir_Reflectance_Band2.tif
2025-08-26 16:28:46,323 INFO File already exists, skipping: ./modis/ST2024IA0001/2024-05-19/MCD43A4.A2024138.h10v04.061.2024147034745_Nadir_Reflectance_Band3.tif
2025-08-26 16:28:46,323 INFO File already exists, skipping: ./modis/ST2024IA0001/2024-05-19/MCD43A4.A2024138.h10v04.061.2024147034745_Nadir_Reflectance_Band4.tif
2025-08-26 16:28:46,323 INFO File already exists, skipping: ./modis/ST2024IA0001/2024-05-19/MCD43A4.A2024138.h10v04.061.2024147034745_Nadir_Reflectance_Band5.tif
2025-08-26 16:28:46,323 INFO File already exists, skipping: ./modis/ST2024IA0001/2024-05-19/MCD43A4.A2024138.h10v04.061.2024147034745_Nadir_Reflectance_Band6.tif
2025-08-26 16:28:46,323 INFO File already exists, skipping: ./modis/ST2024IA0001/2024-05-19/MCD43A4.A2024138.h10v04.061.2024147034745_Nadir_Reflectance_Band7.tif
2025-08-26 16:28:46,324 INFO File already exists, skipping: ./modis/ST2024IA0001/2024-05-19/MCD43A4.A2024137.h10v04.061.2024146035316_Nadir_Reflectance_Band1.tif
2025-08-26 16:28:46,324 INFO File already exists, skipping: ./modis/ST2024IA0001/2024-05-19/MCD43A4.A2024137.h10v04.061.2024146035316_Nadir_Reflectance_Band2.tif
2025-08-26 16:28:46,324 INFO File already exists, skipping: ./modis/ST2024IA0001/2024-05-19/MCD43A4.A2024137.h10v04.061.2024146035316_Nadir_Reflectance_Band3.tif
2025-08-26 16:28:46,324 INFO File already exists, skipping: ./modis/ST2024IA0001/2024-05-19/MCD43A4.A2024137.h10v04.061.2024146035316_Nadir_Reflectance_Band4.tif
2025-08-26 16:28:46,324 INFO File already exists, skipping: ./modis/ST2024IA0001/2024-05-19/MCD43A4.A2024137.h10v04.061.2024146035316_Nadir_Reflectance_Band5.tif
2025-08-26 16:28:46,324 INFO File already exists, skipping: ./modis/ST2024IA0001/2024-05-19/MCD43A4.A2024137.h10v04.061.2024146035316_Nadir_Reflectance_Band6.tif
2025-08-26 16:29:23,204 INFO GDAL signalled an error: err_no=1, msg='Attempt to create 2x0 dataset is illegal,sizes must be larger than zero.'
2025-08-26 16:29:23,204 ERROR Failed to download or crop band: Nadir_Reflectance_Band7 for scene: MCD43A4.A2024137.h10v04.061.2024146035316. Error: Attempt to create 2x0 dataset is illegal,sizes must be larger than zero.
2025-08-26 16:29:23,205 INFO File already exists, skipping: ./modis/ST2024IA0001/2024-05-19/MCD43A4.A2024136.h10v04.061.2024158053428_Nadir_Reflectance_Band1.tif
2025-08-26 16:29:23,205 INFO File already exists, skipping: ./modis/ST2024IA0001/2024-05-19/MCD43A4.A2024136.h10v04.061.2024158053428_Nadir_Reflectance_Band2.tif
2025-08-26 16:29:23,205 INFO File already exists, skipping: ./modis/ST2024IA0001/2024-05-19/MCD43A4.A2024136.h10v04.061.2024158053428_Nadir_Reflectance_Band3.tif
2025-08-26 16:29:23,205 INFO File already exists, skipping: ./modis/ST2024IA0001/2024-05-19/MCD43A4.A2024136.h10v04.061.2024158053428_Nadir_Reflectance_Band4.tif
2025-08-26 16:29:23,205 INFO File already exists, skipping: ./modis/ST2024IA0001/2024-05-19/MCD43A4.A2024136.h10v04.061.2024158053428_Nadir_Reflectance_Band5.tif
2025-08-26 16:29:23,205 INFO File already exists, skipping: ./modis/ST2024IA0001/2024-05-19/MCD43A4.A2024136.h10v04.061.2024158053428_Nadir_Reflectance_Band6.tif
2025-08-26 16:29:23,205 INFO File already exists, skipping: ./modis/ST2024IA0001/2024-05-19/MCD43A4.A2024136.h10v04.061.2024158053428_Nadir_Reflectance_Band7.tif
2025-08-26 16:29:23,205 INFO File already exists, skipping: ./modis/ST2024IA0001/2024-05-19/MCD43A4.A2024136.h10v04.061.2024145045202_Nadir_Reflectance_Band1.tif
2025-08-26 16:29:23,205 INFO File already exists, skipping: ./modis/ST2024IA0001/2024-05-19/MCD43A4.A2024136.h10v04.061.2024145045202_Nadir_Reflectance_Band2.tif
2025-08-26 16:29:23,206 INFO File already exists, skipping: ./modis/ST2024IA0001/2024-05-19/MCD43A4.A2024136.h10v04.061.2024145045202_Nadir_Reflectance_Band3.tif
2025-08-26 16:29:23,206 INFO File already exists, skipping: ./modis/ST2024IA0001/2024-05-19/MCD43A4.A2024136.h10v04.061.2024145045202_Nadir_Reflectance_Band4.tif
2025-08-26 16:29:23,206 INFO File already exists, skipping: ./modis/ST2024IA0001/2024-05-19/MCD43A4.A2024136.h10v04.061.2024145045202_Nadir_Reflectance_Band5.tif
2025-08-26 16:29:23,206 INFO File already exists, skipping: ./modis/ST2024IA0001/2024-05-19/MCD43A4.A2024136.h10v04.061.2024145045202_Nadir_Reflectance_Band6.tif
2025-08-26 16:29:23,206 INFO File already exists, skipping: ./modis/ST2024IA0001/2024-05-19/MCD43A4.A2024136.h10v04.061.2024145045202_Nadir_Reflectance_Band7.tif
2025-08-26 16:29:23,206 INFO File already exists, skipping: ./modis/ST2024IA0001/2024-05-19/MCD43A4.A2024135.h10v04.061.2024158045451_Nadir_Reflectance_Band1.tif
2025-08-26 16:29:23,206 INFO File already exists, skipping: ./modis/ST2024IA0001/2024-05-19/MCD43A4.A2024135.h10v04.061.2024158045451_Nadir_Reflectance_Band2.tif
2025-08-26 16:29:23,206 INFO File already exists, skipping: ./modis/ST2024IA0001/2024-05-19/MCD43A4.A2024135.h10v04.061.2024158045451_Nadir_Reflectance_Band3.tif
2025-08-26 16:29:23,206 INFO File already exists, skipping: ./modis/ST2024IA0001/2024-05-19/MCD43A4.A2024135.h10v04.061.2024158045451_Nadir_Reflectance_Band4.tif
2025-08-26 16:29:23,206 INFO File already exists, skipping: ./modis/ST2024IA0001/2024-05-19/MCD43A4.A2024135.h10v04.061.2024158045451_Nadir_Reflectance_Band5.tif
2025-08-26 16:29:23,206 INFO File already exists, skipping: ./modis/ST2024IA0001/2024-05-19/MCD43A4.A2024135.h10v04.061.2024158045451_Nadir_Reflectance_Band6.tif
2025-08-26 16:29:23,206 INFO File already exists, skipping: ./modis/ST2024IA0001/2024-05-19/MCD43A4.A2024135.h10v04.061.2024158045451_Nadir_Reflectance_Band7.tif
2025-08-26 16:29:23,207 INFO File already exists, skipping: ./modis/ST2024IA0001/2024-05-19/MCD43A4.A2024135.h10v04.061.2024144053322_Nadir_Reflectance_Band1.tif
2025-08-26 16:29:23,207 INFO File already exists, skipping: ./modis/ST2024IA0001/2024-05-19/MCD43A4.A2024135.h10v04.061.2024144053322_Nadir_Reflectance_Band2.tif
2025-08-26 16:29:23,207 INFO File already exists, skipping: ./modis/ST2024IA0001/2024-05-19/MCD43A4.A2024135.h10v04.061.2024144053322_Nadir_Reflectance_Band3.tif
2025-08-26 16:29:23,207 INFO File already exists, skipping: ./modis/ST2024IA0001/2024-05-19/MCD43A4.A2024135.h10v04.061.2024144053322_Nadir_Reflectance_Band4.tif
2025-08-26 16:29:23,207 INFO File already exists, skipping: ./modis/ST2024IA0001/2024-05-19/MCD43A4.A2024135.h10v04.061.2024144053322_Nadir_Reflectance_Band5.tif
2025-08-26 16:29:23,207 INFO File already exists, skipping: ./modis/ST2024IA0001/2024-05-19/MCD43A4.A2024135.h10v04.061.2024144053322_Nadir_Reflectance_Band6.tif
2025-08-26 16:29:23,207 INFO File already exists, skipping: ./modis/ST2024IA0001/2024-05-19/MCD43A4.A2024135.h10v04.061.2024144053322_Nadir_Reflectance_Band7.tif
2025-08-26 16:29:23,207 INFO File already exists, skipping: ./modis/ST2024IA0001/2024-05-19/MCD43A4.A2024134.h10v04.061.2024158042634_Nadir_Reflectance_Band1.tif
2025-08-26 16:29:23,207 INFO File already exists, skipping: ./modis/ST2024IA0001/2024-05-19/MCD43A4.A2024134.h10v04.061.2024158042634_Nadir_Reflectance_Band2.tif
2025-08-26 16:29:23,207 INFO File already exists, skipping: ./modis/ST2024IA0001/2024-05-19/MCD43A4.A2024134.h10v04.061.2024158042634_Nadir_Reflectance_Band3.tif
2025-08-26 16:29:23,207 INFO File already exists, skipping: ./modis/ST2024IA0001/2024-05-19/MCD43A4.A2024134.h10v04.061.2024158042634_Nadir_Reflectance_Band4.tif
2025-08-26 16:29:23,207 INFO File already exists, skipping: ./modis/ST2024IA0001/2024-05-19/MCD43A4.A2024134.h10v04.061.2024158042634_Nadir_Reflectance_Band5.tif
2025-08-26 16:29:23,207 INFO File already exists, skipping: ./modis/ST2024IA0001/2024-05-19/MCD43A4.A2024134.h10v04.061.2024158042634_Nadir_Reflectance_Band6.tif
2025-08-26 16:29:23,207 INFO File already exists, skipping: ./modis/ST2024IA0001/2024-05-19/MCD43A4.A2024134.h10v04.061.2024158042634_Nadir_Reflectance_Band7.tif
2025-08-26 16:29:23,208 INFO File already exists, skipping: ./modis/ST2024IA0001/2024-05-19/MCD43A4.A2024134.h10v04.061.2024143131231_Nadir_Reflectance_Band1.tif
2025-08-26 16:29:23,208 INFO File already exists, skipping: ./modis/ST2024IA0001/2024-05-19/MCD43A4.A2024134.h10v04.061.2024143131231_Nadir_Reflectance_Band2.tif
2025-08-26 16:29:23,208 INFO File already exists, skipping: ./modis/ST2024IA0001/2024-05-19/MCD43A4.A2024134.h10v04.061.2024143131231_Nadir_Reflectance_Band3.tif
2025-08-26 16:29:23,208 INFO File already exists, skipping: ./modis/ST2024IA0001/2024-05-19/MCD43A4.A2024134.h10v04.061.2024143131231_Nadir_Reflectance_Band4.tif
2025-08-26 16:29:23,208 INFO File already exists, skipping: ./modis/ST2024IA0001/2024-05-19/MCD43A4.A2024134.h10v04.061.2024143131231_Nadir_Reflectance_Band5.tif
2025-08-26 16:29:23,208 INFO File already exists, skipping: ./modis/ST2024IA0001/2024-05-19/MCD43A4.A2024134.h10v04.061.2024143131231_Nadir_Reflectance_Band6.tif
2025-08-26 16:29:23,208 INFO File already exists, skipping: ./modis/ST2024IA0001/2024-05-19/MCD43A4.A2024134.h10v04.061.2024143131231_Nadir_Reflectance_Band7.tif
2025-08-26 16:29:23,208 INFO File already exists, skipping: ./modis/ST2024IA0001/2024-05-19/MCD43A4.A2024133.h10v04.061.2024158035359_Nadir_Reflectance_Band1.tif
2025-08-26 16:29:23,208 INFO File already exists, skipping: ./modis/ST2024IA0001/2024-05-19/MCD43A4.A2024133.h10v04.061.2024158035359_Nadir_Reflectance_Band2.tif
2025-08-26 16:29:23,209 INFO File already exists, skipping: ./modis/ST2024IA0001/2024-05-19/MCD43A4.A2024133.h10v04.061.2024158035359_Nadir_Reflectance_Band3.tif
2025-08-26 16:29:23,209 INFO File already exists, skipping: ./modis/ST2024IA0001/2024-05-19/MCD43A4.A2024133.h10v04.061.2024158035359_Nadir_Reflectance_Band4.tif
2025-08-26 16:29:23,209 INFO File already exists, skipping: ./modis/ST2024IA0001/2024-05-19/MCD43A4.A2024133.h10v04.061.2024158035359_Nadir_Reflectance_Band5.tif
2025-08-26 16:29:23,209 INFO File already exists, skipping: ./modis/ST2024IA0001/2024-05-19/MCD43A4.A2024133.h10v04.061.2024158035359_Nadir_Reflectance_Band6.tif
2025-08-26 16:29:23,209 INFO File already exists, skipping: ./modis/ST2024IA0001/2024-05-19/MCD43A4.A2024133.h10v04.061.2024158035359_Nadir_Reflectance_Band7.tif
2025-08-26 16:29:23,209 INFO File already exists, skipping: ./modis/ST2024IA0001/2024-05-19/MCD43A4.A2024133.h10v04.061.2024143110733_Nadir_Reflectance_Band1.tif
2025-08-26 16:29:23,209 INFO File already exists, skipping: ./modis/ST2024IA0001/2024-05-19/MCD43A4.A2024133.h10v04.061.2024143110733_Nadir_Reflectance_Band2.tif
2025-08-26 16:29:23,209 INFO File already exists, skipping: ./modis/ST2024IA0001/2024-05-19/MCD43A4.A2024133.h10v04.061.2024143110733_Nadir_Reflectance_Band3.tif
2025-08-26 16:29:23,209 INFO File already exists, skipping: ./modis/ST2024IA0001/2024-05-19/MCD43A4.A2024133.h10v04.061.2024143110733_Nadir_Reflectance_Band4.tif
2025-08-26 16:29:23,209 INFO File already exists, skipping: ./modis/ST2024IA0001/2024-05-19/MCD43A4.A2024133.h10v04.061.2024143110733_Nadir_Reflectance_Band5.tif
2025-08-26 16:29:23,209 INFO File already exists, skipping: ./modis/ST2024IA0001/2024-05-19/MCD43A4.A2024133.h10v04.061.2024143110733_Nadir_Reflectance_Band6.tif
2025-08-26 16:29:23,209 INFO File already exists, skipping: ./modis/ST2024IA0001/2024-05-19/MCD43A4.A2024133.h10v04.061.2024143110733_Nadir_Reflectance_Band7.tif
2025-08-26 16:29:23,209 INFO Downloaded and cropped MODIS NBAR images for the date range: 2024-05-19 to 2024-05-25
2025-08-26 16:29:24,159 INFO File already exists, skipping: ./modis/ST2024IA0001/2024-05-26/MCD43A4.A2024153.h10v04.061.2024162181228_Nadir_Reflectance_Band1.tif
2025-08-26 16:29:24,159 INFO File already exists, skipping: ./modis/ST2024IA0001/2024-05-26/MCD43A4.A2024153.h10v04.061.2024162181228_Nadir_Reflectance_Band2.tif
2025-08-26 16:29:24,159 INFO File already exists, skipping: ./modis/ST2024IA0001/2024-05-26/MCD43A4.A2024153.h10v04.061.2024162181228_Nadir_Reflectance_Band3.tif
2025-08-26 16:29:24,159 INFO File already exists, skipping: ./modis/ST2024IA0001/2024-05-26/MCD43A4.A2024153.h10v04.061.2024162181228_Nadir_Reflectance_Band4.tif
2025-08-26 16:29:24,160 INFO File already exists, skipping: ./modis/ST2024IA0001/2024-05-26/MCD43A4.A2024153.h10v04.061.2024162181228_Nadir_Reflectance_Band5.tif
2025-08-26 16:29:24,160 INFO File already exists, skipping: ./modis/ST2024IA0001/2024-05-26/MCD43A4.A2024153.h10v04.061.2024162181228_Nadir_Reflectance_Band6.tif
2025-08-26 16:29:24,160 INFO File already exists, skipping: ./modis/ST2024IA0001/2024-05-26/MCD43A4.A2024153.h10v04.061.2024162181228_Nadir_Reflectance_Band7.tif
2025-08-26 16:29:24,160 INFO File already exists, skipping: ./modis/ST2024IA0001/2024-05-26/MCD43A4.A2024152.h10v04.061.2024162002146_Nadir_Reflectance_Band1.tif
2025-08-26 16:29:24,160 INFO File already exists, skipping: ./modis/ST2024IA0001/2024-05-26/MCD43A4.A2024152.h10v04.061.2024162002146_Nadir_Reflectance_Band2.tif
2025-08-26 16:29:24,160 INFO File already exists, skipping: ./modis/ST2024IA0001/2024-05-26/MCD43A4.A2024152.h10v04.061.2024162002146_Nadir_Reflectance_Band3.tif
2025-08-26 16:29:24,160 INFO File already exists, skipping: ./modis/ST2024IA0001/2024-05-26/MCD43A4.A2024152.h10v04.061.2024162002146_Nadir_Reflectance_Band4.tif
2025-08-26 16:29:24,161 INFO File already exists, skipping: ./modis/ST2024IA0001/2024-05-26/MCD43A4.A2024152.h10v04.061.2024162002146_Nadir_Reflectance_Band5.tif
2025-08-26 16:29:24,161 INFO File already exists, skipping: ./modis/ST2024IA0001/2024-05-26/MCD43A4.A2024152.h10v04.061.2024162002146_Nadir_Reflectance_Band6.tif
2025-08-26 16:29:24,161 INFO File already exists, skipping: ./modis/ST2024IA0001/2024-05-26/MCD43A4.A2024152.h10v04.061.2024162002146_Nadir_Reflectance_Band7.tif
2025-08-26 16:29:24,161 INFO File already exists, skipping: ./modis/ST2024IA0001/2024-05-26/MCD43A4.A2024151.h10v04.061.2024160225518_Nadir_Reflectance_Band1.tif
2025-08-26 16:29:24,161 INFO File already exists, skipping: ./modis/ST2024IA0001/2024-05-26/MCD43A4.A2024151.h10v04.061.2024160225518_Nadir_Reflectance_Band2.tif
2025-08-26 16:29:24,161 INFO File already exists, skipping: ./modis/ST2024IA0001/2024-05-26/MCD43A4.A2024151.h10v04.061.2024160225518_Nadir_Reflectance_Band3.tif
2025-08-26 16:29:24,162 INFO File already exists, skipping: ./modis/ST2024IA0001/2024-05-26/MCD43A4.A2024151.h10v04.061.2024160225518_Nadir_Reflectance_Band4.tif
2025-08-26 16:29:24,162 INFO File already exists, skipping: ./modis/ST2024IA0001/2024-05-26/MCD43A4.A2024151.h10v04.061.2024160225518_Nadir_Reflectance_Band5.tif
2025-08-26 16:29:24,162 INFO File already exists, skipping: ./modis/ST2024IA0001/2024-05-26/MCD43A4.A2024151.h10v04.061.2024160225518_Nadir_Reflectance_Band6.tif
2025-08-26 16:29:24,162 INFO File already exists, skipping: ./modis/ST2024IA0001/2024-05-26/MCD43A4.A2024151.h10v04.061.2024160225518_Nadir_Reflectance_Band7.tif
2025-08-26 16:29:24,162 INFO File already exists, skipping: ./modis/ST2024IA0001/2024-05-26/MCD43A4.A2024150.h10v04.061.2024160025924_Nadir_Reflectance_Band1.tif
2025-08-26 16:29:24,162 INFO File already exists, skipping: ./modis/ST2024IA0001/2024-05-26/MCD43A4.A2024150.h10v04.061.2024160025924_Nadir_Reflectance_Band2.tif
2025-08-26 16:29:24,162 INFO File already exists, skipping: ./modis/ST2024IA0001/2024-05-26/MCD43A4.A2024150.h10v04.061.2024160025924_Nadir_Reflectance_Band3.tif
2025-08-26 16:29:24,163 INFO File already exists, skipping: ./modis/ST2024IA0001/2024-05-26/MCD43A4.A2024150.h10v04.061.2024160025924_Nadir_Reflectance_Band4.tif
2025-08-26 16:29:24,163 INFO File already exists, skipping: ./modis/ST2024IA0001/2024-05-26/MCD43A4.A2024150.h10v04.061.2024160025924_Nadir_Reflectance_Band5.tif
2025-08-26 16:29:24,163 INFO File already exists, skipping: ./modis/ST2024IA0001/2024-05-26/MCD43A4.A2024150.h10v04.061.2024160025924_Nadir_Reflectance_Band6.tif
2025-08-26 16:29:24,163 INFO File already exists, skipping: ./modis/ST2024IA0001/2024-05-26/MCD43A4.A2024150.h10v04.061.2024160025924_Nadir_Reflectance_Band7.tif
2025-08-26 16:29:24,163 INFO File already exists, skipping: ./modis/ST2024IA0001/2024-05-26/MCD43A4.A2024149.h10v04.061.2024158081227_Nadir_Reflectance_Band1.tif
2025-08-26 16:29:24,163 INFO File already exists, skipping: ./modis/ST2024IA0001/2024-05-26/MCD43A4.A2024149.h10v04.061.2024158081227_Nadir_Reflectance_Band2.tif
2025-08-26 16:29:24,164 INFO File already exists, skipping: ./modis/ST2024IA0001/2024-05-26/MCD43A4.A2024149.h10v04.061.2024158081227_Nadir_Reflectance_Band3.tif
2025-08-26 16:29:24,164 INFO File already exists, skipping: ./modis/ST2024IA0001/2024-05-26/MCD43A4.A2024149.h10v04.061.2024158081227_Nadir_Reflectance_Band4.tif
2025-08-26 16:29:24,164 INFO File already exists, skipping: ./modis/ST2024IA0001/2024-05-26/MCD43A4.A2024149.h10v04.061.2024158081227_Nadir_Reflectance_Band5.tif
2025-08-26 16:29:24,164 INFO File already exists, skipping: ./modis/ST2024IA0001/2024-05-26/MCD43A4.A2024149.h10v04.061.2024158081227_Nadir_Reflectance_Band6.tif
2025-08-26 16:29:24,164 INFO File already exists, skipping: ./modis/ST2024IA0001/2024-05-26/MCD43A4.A2024149.h10v04.061.2024158081227_Nadir_Reflectance_Band7.tif
2025-08-26 16:29:24,164 INFO File already exists, skipping: ./modis/ST2024IA0001/2024-05-26/MCD43A4.A2024148.h10v04.061.2024157123733_Nadir_Reflectance_Band1.tif
2025-08-26 16:29:24,165 INFO File already exists, skipping: ./modis/ST2024IA0001/2024-05-26/MCD43A4.A2024148.h10v04.061.2024157123733_Nadir_Reflectance_Band2.tif
2025-08-26 16:29:24,165 INFO File already exists, skipping: ./modis/ST2024IA0001/2024-05-26/MCD43A4.A2024148.h10v04.061.2024157123733_Nadir_Reflectance_Band3.tif
2025-08-26 16:29:24,165 INFO File already exists, skipping: ./modis/ST2024IA0001/2024-05-26/MCD43A4.A2024148.h10v04.061.2024157123733_Nadir_Reflectance_Band4.tif
2025-08-26 16:29:24,165 INFO File already exists, skipping: ./modis/ST2024IA0001/2024-05-26/MCD43A4.A2024148.h10v04.061.2024157123733_Nadir_Reflectance_Band5.tif
2025-08-26 16:29:24,165 INFO File already exists, skipping: ./modis/ST2024IA0001/2024-05-26/MCD43A4.A2024148.h10v04.061.2024157123733_Nadir_Reflectance_Band6.tif
2025-08-26 16:29:24,165 INFO File already exists, skipping: ./modis/ST2024IA0001/2024-05-26/MCD43A4.A2024148.h10v04.061.2024157123733_Nadir_Reflectance_Band7.tif
2025-08-26 16:29:24,165 INFO File already exists, skipping: ./modis/ST2024IA0001/2024-05-26/MCD43A4.A2024147.h10v04.061.2024157121935_Nadir_Reflectance_Band1.tif
2025-08-26 16:29:24,166 INFO File already exists, skipping: ./modis/ST2024IA0001/2024-05-26/MCD43A4.A2024147.h10v04.061.2024157121935_Nadir_Reflectance_Band2.tif
2025-08-26 16:29:24,166 INFO File already exists, skipping: ./modis/ST2024IA0001/2024-05-26/MCD43A4.A2024147.h10v04.061.2024157121935_Nadir_Reflectance_Band3.tif
2025-08-26 16:29:24,166 INFO File already exists, skipping: ./modis/ST2024IA0001/2024-05-26/MCD43A4.A2024147.h10v04.061.2024157121935_Nadir_Reflectance_Band4.tif
2025-08-26 16:29:24,166 INFO File already exists, skipping: ./modis/ST2024IA0001/2024-05-26/MCD43A4.A2024147.h10v04.061.2024157121935_Nadir_Reflectance_Band5.tif
2025-08-26 16:29:24,166 INFO File already exists, skipping: ./modis/ST2024IA0001/2024-05-26/MCD43A4.A2024147.h10v04.061.2024157121935_Nadir_Reflectance_Band6.tif
2025-08-26 16:29:24,166 INFO File already exists, skipping: ./modis/ST2024IA0001/2024-05-26/MCD43A4.A2024147.h10v04.061.2024157121935_Nadir_Reflectance_Band7.tif
2025-08-26 16:29:24,166 INFO File already exists, skipping: ./modis/ST2024IA0001/2024-05-26/MCD43A4.A2024146.h10v04.061.2024156100333_Nadir_Reflectance_Band1.tif
2025-08-26 16:29:24,167 INFO File already exists, skipping: ./modis/ST2024IA0001/2024-05-26/MCD43A4.A2024146.h10v04.061.2024156100333_Nadir_Reflectance_Band2.tif
2025-08-26 16:29:24,167 INFO File already exists, skipping: ./modis/ST2024IA0001/2024-05-26/MCD43A4.A2024146.h10v04.061.2024156100333_Nadir_Reflectance_Band3.tif
2025-08-26 16:29:24,167 INFO File already exists, skipping: ./modis/ST2024IA0001/2024-05-26/MCD43A4.A2024146.h10v04.061.2024156100333_Nadir_Reflectance_Band4.tif
2025-08-26 16:29:24,167 INFO File already exists, skipping: ./modis/ST2024IA0001/2024-05-26/MCD43A4.A2024146.h10v04.061.2024156100333_Nadir_Reflectance_Band5.tif
2025-08-26 16:29:24,167 INFO File already exists, skipping: ./modis/ST2024IA0001/2024-05-26/MCD43A4.A2024146.h10v04.061.2024156100333_Nadir_Reflectance_Band6.tif
2025-08-26 16:29:24,167 INFO File already exists, skipping: ./modis/ST2024IA0001/2024-05-26/MCD43A4.A2024146.h10v04.061.2024156100333_Nadir_Reflectance_Band7.tif
2025-08-26 16:29:24,168 INFO File already exists, skipping: ./modis/ST2024IA0001/2024-05-26/MCD43A4.A2024145.h10v04.061.2024156090009_Nadir_Reflectance_Band1.tif
2025-08-26 16:29:24,168 INFO File already exists, skipping: ./modis/ST2024IA0001/2024-05-26/MCD43A4.A2024145.h10v04.061.2024156090009_Nadir_Reflectance_Band2.tif
2025-08-26 16:29:24,168 INFO File already exists, skipping: ./modis/ST2024IA0001/2024-05-26/MCD43A4.A2024145.h10v04.061.2024156090009_Nadir_Reflectance_Band3.tif
2025-08-26 16:29:24,168 INFO File already exists, skipping: ./modis/ST2024IA0001/2024-05-26/MCD43A4.A2024145.h10v04.061.2024156090009_Nadir_Reflectance_Band4.tif
2025-08-26 16:29:24,168 INFO File already exists, skipping: ./modis/ST2024IA0001/2024-05-26/MCD43A4.A2024145.h10v04.061.2024156090009_Nadir_Reflectance_Band5.tif
2025-08-26 16:29:24,168 INFO File already exists, skipping: ./modis/ST2024IA0001/2024-05-26/MCD43A4.A2024145.h10v04.061.2024156090009_Nadir_Reflectance_Band6.tif
2025-08-26 16:29:24,168 INFO File already exists, skipping: ./modis/ST2024IA0001/2024-05-26/MCD43A4.A2024145.h10v04.061.2024156090009_Nadir_Reflectance_Band7.tif
2025-08-26 16:29:24,169 INFO File already exists, skipping: ./modis/ST2024IA0001/2024-05-26/MCD43A4.A2024144.h10v04.061.2024156074212_Nadir_Reflectance_Band1.tif
2025-08-26 16:29:24,169 INFO File already exists, skipping: ./modis/ST2024IA0001/2024-05-26/MCD43A4.A2024144.h10v04.061.2024156074212_Nadir_Reflectance_Band2.tif
2025-08-26 16:29:24,169 INFO File already exists, skipping: ./modis/ST2024IA0001/2024-05-26/MCD43A4.A2024144.h10v04.061.2024156074212_Nadir_Reflectance_Band3.tif
2025-08-26 16:29:24,169 INFO File already exists, skipping: ./modis/ST2024IA0001/2024-05-26/MCD43A4.A2024144.h10v04.061.2024156074212_Nadir_Reflectance_Band4.tif
2025-08-26 16:30:01,898 INFO GDAL signalled an error: err_no=1, msg='Attempt to create 2x0 dataset is illegal,sizes must be larger than zero.'
2025-08-26 16:30:01,898 ERROR Failed to download or crop band: Nadir_Reflectance_Band5 for scene: MCD43A4.A2024144.h10v04.061.2024156074212. Error: Attempt to create 2x0 dataset is illegal,sizes must be larger than zero.
2025-08-26 16:30:51,232 INFO GDAL signalled an error: err_no=1, msg='Attempt to create 2x0 dataset is illegal,sizes must be larger than zero.'
2025-08-26 16:30:51,232 ERROR Failed to download or crop band: Nadir_Reflectance_Band6 for scene: MCD43A4.A2024144.h10v04.061.2024156074212. Error: Attempt to create 2x0 dataset is illegal,sizes must be larger than zero.
2025-08-26 16:31:29,235 INFO GDAL signalled an error: err_no=1, msg='Attempt to create 2x0 dataset is illegal,sizes must be larger than zero.'
2025-08-26 16:31:29,235 ERROR Failed to download or crop band: Nadir_Reflectance_Band7 for scene: MCD43A4.A2024144.h10v04.061.2024156074212. Error: Attempt to create 2x0 dataset is illegal,sizes must be larger than zero.
2025-08-26 16:32:01,481 INFO GDAL signalled an error: err_no=1, msg='Attempt to create 2x0 dataset is illegal,sizes must be larger than zero.'
2025-08-26 16:32:01,482 ERROR Failed to download or crop band: Nadir_Reflectance_Band1 for scene: MCD43A4.A2024143.h10v04.061.2024156064823. Error: Attempt to create 2x0 dataset is illegal,sizes must be larger than zero.
2025-08-26 16:32:13,710 INFO GDAL signalled an error: err_no=1, msg='Attempt to create 2x0 dataset is illegal,sizes must be larger than zero.'
2025-08-26 16:32:13,710 ERROR Failed to download or crop band: Nadir_Reflectance_Band2 for scene: MCD43A4.A2024143.h10v04.061.2024156064823. Error: Attempt to create 2x0 dataset is illegal,sizes must be larger than zero.
2025-08-26 16:32:53,457 INFO GDAL signalled an error: err_no=1, msg='Attempt to create 2x0 dataset is illegal,sizes must be larger than zero.'
2025-08-26 16:32:53,457 ERROR Failed to download or crop band: Nadir_Reflectance_Band3 for scene: MCD43A4.A2024143.h10v04.061.2024156064823. Error: Attempt to create 2x0 dataset is illegal,sizes must be larger than zero.
2025-08-26 16:33:39,005 INFO GDAL signalled an error: err_no=1, msg='Attempt to create 2x0 dataset is illegal,sizes must be larger than zero.'
2025-08-26 16:33:39,005 ERROR Failed to download or crop band: Nadir_Reflectance_Band4 for scene: MCD43A4.A2024143.h10v04.061.2024156064823. Error: Attempt to create 2x0 dataset is illegal,sizes must be larger than zero.
2025-08-26 16:34:24,936 INFO GDAL signalled an error: err_no=1, msg='Attempt to create 2x0 dataset is illegal,sizes must be larger than zero.'
2025-08-26 16:34:24,937 ERROR Failed to download or crop band: Nadir_Reflectance_Band5 for scene: MCD43A4.A2024143.h10v04.061.2024156064823. Error: Attempt to create 2x0 dataset is illegal,sizes must be larger than zero.
2025-08-26 16:34:49,533 INFO GDAL signalled an error: err_no=1, msg='Attempt to create 2x0 dataset is illegal,sizes must be larger than zero.'
2025-08-26 16:34:49,533 ERROR Failed to download or crop band: Nadir_Reflectance_Band6 for scene: MCD43A4.A2024143.h10v04.061.2024156064823. Error: Attempt to create 2x0 dataset is illegal,sizes must be larger than zero.
2025-08-26 16:34:57,535 INFO GDAL signalled an error: err_no=1, msg='Attempt to create 2x0 dataset is illegal,sizes must be larger than zero.'
2025-08-26 16:34:57,535 ERROR Failed to download or crop band: Nadir_Reflectance_Band7 for scene: MCD43A4.A2024143.h10v04.061.2024156064823. Error: Attempt to create 2x0 dataset is illegal,sizes must be larger than zero.
2025-08-26 16:35:39,941 INFO GDAL signalled an error: err_no=1, msg='Attempt to create 2x0 dataset is illegal,sizes must be larger than zero.'
2025-08-26 16:35:39,941 ERROR Failed to download or crop band: Nadir_Reflectance_Band1 for scene: MCD43A4.A2024142.h10v04.061.2024152022021. Error: Attempt to create 2x0 dataset is illegal,sizes must be larger than zero.
2025-08-26 16:36:23,662 INFO GDAL signalled an error: err_no=1, msg='Attempt to create 2x0 dataset is illegal,sizes must be larger than zero.'
2025-08-26 16:36:23,662 ERROR Failed to download or crop band: Nadir_Reflectance_Band2 for scene: MCD43A4.A2024142.h10v04.061.2024152022021. Error: Attempt to create 2x0 dataset is illegal,sizes must be larger than zero.
2025-08-26 16:36:37,726 INFO GDAL signalled an error: err_no=1, msg='Attempt to create 2x0 dataset is illegal,sizes must be larger than zero.'
2025-08-26 16:36:37,726 ERROR Failed to download or crop band: Nadir_Reflectance_Band3 for scene: MCD43A4.A2024142.h10v04.061.2024152022021. Error: Attempt to create 2x0 dataset is illegal,sizes must be larger than zero.
2025-08-26 16:36:56,581 INFO GDAL signalled an error: err_no=1, msg='Attempt to create 2x0 dataset is illegal,sizes must be larger than zero.'
2025-08-26 16:36:56,581 ERROR Failed to download or crop band: Nadir_Reflectance_Band4 for scene: MCD43A4.A2024142.h10v04.061.2024152022021. Error: Attempt to create 2x0 dataset is illegal,sizes must be larger than zero.
2025-08-26 16:37:29,342 INFO GDAL signalled an error: err_no=1, msg='Attempt to create 2x0 dataset is illegal,sizes must be larger than zero.'
2025-08-26 16:37:29,342 ERROR Failed to download or crop band: Nadir_Reflectance_Band5 for scene: MCD43A4.A2024142.h10v04.061.2024152022021. Error: Attempt to create 2x0 dataset is illegal,sizes must be larger than zero.
2025-08-26 16:37:52,375 INFO GDAL signalled an error: err_no=1, msg='Attempt to create 2x0 dataset is illegal,sizes must be larger than zero.'
2025-08-26 16:37:52,376 ERROR Failed to download or crop band: Nadir_Reflectance_Band6 for scene: MCD43A4.A2024142.h10v04.061.2024152022021. Error: Attempt to create 2x0 dataset is illegal,sizes must be larger than zero.
2025-08-26 16:38:34,657 INFO GDAL signalled an error: err_no=1, msg='Attempt to create 2x0 dataset is illegal,sizes must be larger than zero.'
2025-08-26 16:38:34,657 ERROR Failed to download or crop band: Nadir_Reflectance_Band7 for scene: MCD43A4.A2024142.h10v04.061.2024152022021. Error: Attempt to create 2x0 dataset is illegal,sizes must be larger than zero.
2025-08-26 16:38:46,373 INFO GDAL signalled an error: err_no=1, msg='Attempt to create 2x0 dataset is illegal,sizes must be larger than zero.'
2025-08-26 16:38:46,373 ERROR Failed to download or crop band: Nadir_Reflectance_Band1 for scene: MCD43A4.A2024141.h10v04.061.2024152014506. Error: Attempt to create 2x0 dataset is illegal,sizes must be larger than zero.
2025-08-26 16:39:34,537 INFO GDAL signalled an error: err_no=1, msg='Attempt to create 2x0 dataset is illegal,sizes must be larger than zero.'
2025-08-26 16:39:34,537 ERROR Failed to download or crop band: Nadir_Reflectance_Band2 for scene: MCD43A4.A2024141.h10v04.061.2024152014506. Error: Attempt to create 2x0 dataset is illegal,sizes must be larger than zero.
2025-08-26 16:40:11,683 INFO GDAL signalled an error: err_no=1, msg='Attempt to create 2x0 dataset is illegal,sizes must be larger than zero.'
2025-08-26 16:40:11,683 ERROR Failed to download or crop band: Nadir_Reflectance_Band3 for scene: MCD43A4.A2024141.h10v04.061.2024152014506. Error: Attempt to create 2x0 dataset is illegal,sizes must be larger than zero.
2025-08-26 16:40:43,333 INFO GDAL signalled an error: err_no=1, msg='Attempt to create 2x0 dataset is illegal,sizes must be larger than zero.'
2025-08-26 16:40:43,333 ERROR Failed to download or crop band: Nadir_Reflectance_Band4 for scene: MCD43A4.A2024141.h10v04.061.2024152014506. Error: Attempt to create 2x0 dataset is illegal,sizes must be larger than zero.
2025-08-26 16:41:19,385 INFO GDAL signalled an error: err_no=1, msg='Attempt to create 2x0 dataset is illegal,sizes must be larger than zero.'
2025-08-26 16:41:19,386 ERROR Failed to download or crop band: Nadir_Reflectance_Band5 for scene: MCD43A4.A2024141.h10v04.061.2024152014506. Error: Attempt to create 2x0 dataset is illegal,sizes must be larger than zero.
2025-08-26 16:42:06,815 INFO GDAL signalled an error: err_no=1, msg='Attempt to create 2x0 dataset is illegal,sizes must be larger than zero.'
2025-08-26 16:42:06,815 ERROR Failed to download or crop band: Nadir_Reflectance_Band6 for scene: MCD43A4.A2024141.h10v04.061.2024152014506. Error: Attempt to create 2x0 dataset is illegal,sizes must be larger than zero.
2025-08-26 16:42:55,519 INFO GDAL signalled an error: err_no=1, msg='Attempt to create 2x0 dataset is illegal,sizes must be larger than zero.'
2025-08-26 16:42:55,520 ERROR Failed to download or crop band: Nadir_Reflectance_Band7 for scene: MCD43A4.A2024141.h10v04.061.2024152014506. Error: Attempt to create 2x0 dataset is illegal,sizes must be larger than zero.
2025-08-26 16:43:26,660 INFO GDAL signalled an error: err_no=1, msg='Attempt to create 2x0 dataset is illegal,sizes must be larger than zero.'
2025-08-26 16:43:26,661 ERROR Failed to download or crop band: Nadir_Reflectance_Band1 for scene: MCD43A4.A2024140.h10v04.061.2024149060009. Error: Attempt to create 2x0 dataset is illegal,sizes must be larger than zero.
2025-08-26 16:44:09,991 INFO GDAL signalled an error: err_no=1, msg='Attempt to create 2x0 dataset is illegal,sizes must be larger than zero.'
2025-08-26 16:44:09,991 ERROR Failed to download or crop band: Nadir_Reflectance_Band2 for scene: MCD43A4.A2024140.h10v04.061.2024149060009. Error: Attempt to create 2x0 dataset is illegal,sizes must be larger than zero.
2025-08-26 16:44:56,148 INFO GDAL signalled an error: err_no=1, msg='Attempt to create 2x0 dataset is illegal,sizes must be larger than zero.'
2025-08-26 16:44:56,148 ERROR Failed to download or crop band: Nadir_Reflectance_Band3 for scene: MCD43A4.A2024140.h10v04.061.2024149060009. Error: Attempt to create 2x0 dataset is illegal,sizes must be larger than zero.
2025-08-26 16:45:44,274 INFO GDAL signalled an error: err_no=1, msg='Attempt to create 2x0 dataset is illegal,sizes must be larger than zero.'
2025-08-26 16:45:44,274 ERROR Failed to download or crop band: Nadir_Reflectance_Band4 for scene: MCD43A4.A2024140.h10v04.061.2024149060009. Error: Attempt to create 2x0 dataset is illegal,sizes must be larger than zero.
2025-08-26 16:46:22,751 INFO GDAL signalled an error: err_no=1, msg='Attempt to create 2x0 dataset is illegal,sizes must be larger than zero.'
2025-08-26 16:46:22,752 ERROR Failed to download or crop band: Nadir_Reflectance_Band5 for scene: MCD43A4.A2024140.h10v04.061.2024149060009. Error: Attempt to create 2x0 dataset is illegal,sizes must be larger than zero.
2025-08-26 16:46:55,427 INFO GDAL signalled an error: err_no=1, msg='Attempt to create 2x0 dataset is illegal,sizes must be larger than zero.'
2025-08-26 16:46:55,427 ERROR Failed to download or crop band: Nadir_Reflectance_Band6 for scene: MCD43A4.A2024140.h10v04.061.2024149060009. Error: Attempt to create 2x0 dataset is illegal,sizes must be larger than zero.
2025-08-26 16:47:37,073 INFO GDAL signalled an error: err_no=1, msg='Attempt to create 2x0 dataset is illegal,sizes must be larger than zero.'
2025-08-26 16:47:37,074 ERROR Failed to download or crop band: Nadir_Reflectance_Band7 for scene: MCD43A4.A2024140.h10v04.061.2024149060009. Error: Attempt to create 2x0 dataset is illegal,sizes must be larger than zero.
2025-08-26 16:47:37,074 INFO Downloaded and cropped MODIS NBAR images for the date range: 2024-05-26 to 2024-06-01
2025-08-26 16:48:08,696 INFO GDAL signalled an error: err_no=1, msg='Attempt to create 2x0 dataset is illegal,sizes must be larger than zero.'
2025-08-26 16:48:08,697 ERROR Failed to download or crop band: Nadir_Reflectance_Band1 for scene: MCD43A4.A2024160.h10v04.061.2024169033955. Error: Attempt to create 2x0 dataset is illegal,sizes must be larger than zero.
2025-08-26 16:48:43,340 INFO GDAL signalled an error: err_no=1, msg='Attempt to create 2x0 dataset is illegal,sizes must be larger than zero.'
2025-08-26 16:48:43,341 ERROR Failed to download or crop band: Nadir_Reflectance_Band2 for scene: MCD43A4.A2024160.h10v04.061.2024169033955. Error: Attempt to create 2x0 dataset is illegal,sizes must be larger than zero.
2025-08-26 16:49:04,129 INFO GDAL signalled an error: err_no=1, msg='Attempt to create 2x0 dataset is illegal,sizes must be larger than zero.'
2025-08-26 16:49:04,130 ERROR Failed to download or crop band: Nadir_Reflectance_Band3 for scene: MCD43A4.A2024160.h10v04.061.2024169033955. Error: Attempt to create 2x0 dataset is illegal,sizes must be larger than zero.
2025-08-26 16:49:35,740 INFO GDAL signalled an error: err_no=1, msg='Attempt to create 2x0 dataset is illegal,sizes must be larger than zero.'
2025-08-26 16:49:35,740 ERROR Failed to download or crop band: Nadir_Reflectance_Band4 for scene: MCD43A4.A2024160.h10v04.061.2024169033955. Error: Attempt to create 2x0 dataset is illegal,sizes must be larger than zero.
2025-08-26 16:50:13,530 INFO GDAL signalled an error: err_no=1, msg='Attempt to create 2x0 dataset is illegal,sizes must be larger than zero.'
2025-08-26 16:50:13,530 ERROR Failed to download or crop band: Nadir_Reflectance_Band5 for scene: MCD43A4.A2024160.h10v04.061.2024169033955. Error: Attempt to create 2x0 dataset is illegal,sizes must be larger than zero.
